"InvoiceNo","CustomerID","InvoiceDate","Quantity","UnitPrice","Country"
"INV100001","C00329","2026-03-27 00:45:00","7","164.57","Netherlands"
"INV100002","C00143","2025-06-10 05:16:00","9","89.96","Germany"
"INV100003","C00024","2025-11-29 09:59:00","9","159.25","Italy"
"INV100004","C00244","2025-06-19 12:01:00","1","155.64","Belgium"
"INV100005","C00437","2026-03-05 01:18:00","2","44.63","United Kingdom"
"INV100006","C00201","2025-05-18 02:26:00","1","173.14","Germany"
"INV100007","C00349","2025-03-18 08:11:00","6","81.63","Germany"
"INV100008","C00245","2026-02-02 16:20:00","2","94.87","Netherlands"
"INV100009","C00061","2025-12-05 02:04:00","9","199.1","France"
"INV100010","C00138","2025-07-11 03:03:00","8","178.04","United Kingdom"
"INV100011","C00078","2025-09-22 15:44:00","5","125.62","Italy"
"INV100012","C00349","2025-06-14 02:30:00","7","154.94","Germany"
"INV100013","C00417","2025-06-21 14:21:00","2","151.93","Netherlands"
"INV100014","C00382","2025-12-19 19:31:00","4","71.9","Portugal"
"INV100015","C00418","2025-02-27 17:06:00","4","127.85","France"
"INV100016","C00153","2025-07-23 23:39:00","2","27.02","United Kingdom"
"INV100017","C00402","2025-04-28 21:17:00","3","139.83","France"
"INV100018","C00271","2025-05-13 13:14:00","8","34.23","Belgium"
"INV100019","C00367","2026-02-19 00:48:00","3","148.51","Italy"
"CINV100020","C00281","2025-09-27 09:06:00","4","89.56","Belgium"
"INV100021","C00171","2025-02-09 17:16:00","2","72.01","United Kingdom"
"INV100022","C00136","2025-01-12 21:26:00","7","88.65","Spain"
"INV100023","C00076","2025-11-27 10:44:00","8","14.51","France"
"INV100024","C00029","2025-03-10 13:02:00","7","46.44","Spain"
"INV100025","C00403","2025-06-30 04:25:00","9","154.16","Germany"
"INV100026","C00290","2025-10-10 04:30:00","5","98.34","Netherlands"
"INV100027","C00061","2026-02-14 23:46:00","6","5.02","Spain"
"INV100028","C00247","2025-02-15 08:05:00","6","69.62","United Kingdom"
"INV100029","C00306","2026-02-09 12:59:00","8","70.81","EIRE"
"INV100030","C00295","2026-01-07 21:06:00","3","5.59","United Kingdom"
"INV100031","C00426","2025-12-08 23:34:00","6","114.72","Germany"
"INV100032","C00441","2025-07-11 08:25:00","6","36.11","United Kingdom"
"INV100033","C00161","2025-08-18 01:43:00","5","71.42","United Kingdom"
"INV100034","C00424","2025-04-02 07:17:00","5","38.82","Netherlands"
"INV100035","C00055","2025-10-01 22:15:00","9","19.45","EIRE"
"INV100036","C00461","2025-07-13 06:39:00","6","114.54","United Kingdom"
"INV100037","C00434","2026-01-08 20:05:00","3","130.5","Netherlands"
"INV100038","C00068","2026-03-10 02:32:00","6","97.46","Italy"
"INV100039","C00103","2025-07-27 10:50:00","6","21.73","Italy"
"INV100040","C00056","2026-03-20 21:15:00","7","125.86","EIRE"
"INV100041","C00312","2025-07-18 16:54:00","3","48.19","Netherlands"
"INV100042","C00380","2025-07-01 23:47:00","3","99.64","United Kingdom"
"INV100043","C00245","2025-07-12 02:41:00","5","161.76","Spain"
"INV100044","C00380","2026-01-10 15:35:00","4","164.21","Spain"
"INV100045","C00454","2025-07-18 16:25:00","5","172.89","France"
"INV100046","C00217","2025-06-09 16:25:00","8","46.07","Netherlands"
"INV100047","C00263","2025-01-22 11:14:00","1","120.22","Portugal"
"INV100048","C00162","2025-11-15 01:15:00","7","110.12","EIRE"
"INV100049","C00262","2025-05-27 05:31:00","5","120.34","EIRE"
"INV100050","C00439","2025-02-03 05:00:00","5","108.61","Netherlands"
"INV100051","C00377","2026-03-25 01:17:00","6","65.47","Germany"
"INV100052","C00484","2025-03-14 02:47:00","8","193.18","Belgium"
"INV100053","C00181","2025-02-28 20:19:00","7","141.23","Belgium"
"INV100054","C00244","2025-01-14 21:07:00","6","155.36","France"
"INV100055","C00348","2025-05-26 04:39:00","4","5.68","Spain"
"INV100056","C00444","2025-12-08 13:05:00","5","172.89","Portugal"
"INV100057","C00023","2025-09-25 00:06:00","1","100.74","EIRE"
"INV100058","C00043","2025-12-22 22:29:00","4","128.78","Belgium"
"INV100059","C00043","2025-10-03 07:47:00","4","3.78","France"
"INV100060","C00162","2025-12-12 17:09:00","3","186.62","Spain"
"INV100061","C00227","2025-07-03 15:46:00","5","102.27","Italy"
"INV100062","C00174","2025-01-09 16:55:00","1","109.97","Germany"
"INV100063","C00282","2026-01-15 19:24:00","1","65.35","Germany"
"INV100064","C00443","2026-02-05 10:20:00","8","32.7","Belgium"
"INV100065","C00167","2025-09-03 00:22:00","9","33.04","Netherlands"
"INV100066","C00191","2026-02-24 14:18:00","1","111.91","EIRE"
"INV100067","C00411","2025-10-06 09:30:00","9","11.56","Belgium"
"INV100068","C00325","2025-07-09 21:33:00","6","80.57","EIRE"
"INV100069","C00156","2026-02-11 13:23:00","6","135.66","Spain"
"INV100070","C00409","2025-11-05 06:41:00","8","198.64","Belgium"
"INV100071","C00203","2025-04-08 14:34:00","1","104.24","Spain"
"INV100072","C00201","2025-07-26 02:41:00","4","16.04","Netherlands"
"INV100073","C00231","2026-02-21 09:37:00","3","113.82","Spain"
"INV100074","C00380","2025-07-27 09:28:00","1","86.71","Germany"
"INV100075","C00352","2025-01-27 04:33:00","8","88.06","Spain"
"INV100076","C00198","2025-11-19 05:44:00","6","95.23","United Kingdom"
"INV100077","C00398","2025-09-19 15:00:00","4","91.54","Germany"
"INV100078","C00349","2026-02-15 16:50:00","9","65.85","Italy"
"INV100079","C00206","2025-12-10 10:04:00","4","32.15","EIRE"
"INV100080","C00329","2025-08-31 01:27:00","7","91.57","EIRE"
"CINV100081","C00339","2025-11-16 07:39:00","7","5.97","Portugal"
"INV100082","C00031","2025-02-26 09:45:00","8","95.4","EIRE"
"INV100083","C00354","2025-11-24 13:14:00","2","143.14","Italy"
"INV100084","C00288","2025-08-22 05:18:00","2","96.68","EIRE"
"INV100085","C00116","2026-01-08 03:39:00","9","123.76","Germany"
"CINV100086","C00314","2025-01-18 14:40:00","2","127.5","Germany"
"INV100087","C00230","2025-09-21 22:20:00","4","110.05","United Kingdom"
"INV100088","C00272","2025-08-28 14:46:00","1","138.39","Germany"
"INV100089","C00356","2026-03-07 20:53:00","1","84","Netherlands"
"INV100090","C00132","2025-07-01 23:22:00","5","124.38","Netherlands"
"INV100091","C00209","2025-07-03 18:27:00","3","99.8","Germany"
"INV100092","C00146","2026-02-11 18:07:00","6","59.47","Germany"
"INV100093","C00381","2025-11-20 21:57:00","7","152.78","EIRE"
"INV100094","C00412","2025-11-06 18:40:00","9","67.85","United Kingdom"
"INV100095","C00447","2025-02-06 08:42:00","8","144.79","Netherlands"
"INV100096","C00012","2025-01-15 02:20:00","3","152.23","France"
"INV100097","C00292","2025-05-01 17:48:00","6","20.42","Netherlands"
"INV100098","C00396","2025-05-23 08:01:00","5","118.3","Netherlands"
"INV100099","C00138","2026-03-23 19:18:00","7","140.07","Italy"
"INV100100","C00163","2025-05-29 05:45:00","1","33.83","Italy"
"INV100101","C00067","2025-02-04 15:21:00","6","30.94","Spain"
"INV100102","C00498","2026-03-15 05:41:00","5","15.83","EIRE"
"INV100103","C00053","2026-03-12 18:33:00","8","55.51","France"
"INV100104","C00322","2025-05-06 12:08:00","8","27.97","EIRE"
"INV100105","C00179","2026-03-18 07:18:00","7","68.23","France"
"CINV100106","C00190","2025-01-15 10:44:00","5","1.59","United Kingdom"
"INV100107","C00317","2026-03-20 14:22:00","8","85.95","Spain"
"INV100108","C00382","2026-03-22 22:04:00","2","23.46","Netherlands"
"INV100109","C00310","2025-10-29 18:37:00","4","134.48","Italy"
"INV100110","C00475","2025-08-12 17:49:00","9","125.38","United Kingdom"
"INV100111","C00082","2026-01-19 18:27:00","9","6.02","Portugal"
"INV100112","C00320","2025-07-21 21:18:00","2","45.99","EIRE"
"INV100113","C00104","2025-01-09 01:14:00","3","135.63","EIRE"
"INV100114","C00012","2025-09-12 06:24:00","7","177.55","Italy"
"INV100115","C00042","2025-05-01 14:56:00","1","62.08","EIRE"
"INV100116","C00362","2025-01-03 07:27:00","3","141.84","United Kingdom"
"CINV100117","C00462","2025-07-27 08:53:00","2","165.46","Spain"
"INV100118","C00478","2025-01-11 14:07:00","3","152.47","Portugal"
"INV100119","C00237","2025-10-11 14:52:00","7","158.2","Spain"
"INV100120","C00420","2025-01-07 19:03:00","4","120.54","Belgium"
"INV100121","C00415","2025-12-23 12:41:00","6","51.34","Italy"
"INV100122","C00283","2025-02-20 07:50:00","4","184.68","Italy"
"INV100123","C00040","2026-02-11 22:20:00","1","145.43","France"
"INV100124","C00061","2025-05-30 21:06:00","8","4.74","Portugal"
"INV100125","C00229","2025-03-12 11:33:00","8","128.53","France"
"INV100126","C00227","2025-07-16 00:34:00","3","114.74","Netherlands"
"INV100127","C00292","2026-01-03 18:28:00","2","165.73","Italy"
"INV100128","C00376","2025-06-14 00:35:00","6","148.69","France"
"INV100129","C00308","2025-02-01 20:07:00","3","172.16","France"
"INV100130","C00381","2025-05-31 17:21:00","1","97.93","Netherlands"
"INV100131","C00396","2025-10-25 10:44:00","2","25.61","France"
"INV100132","C00225","2025-04-14 15:18:00","5","86.35","United Kingdom"
"INV100133","C00448","2025-06-24 14:30:00","6","126.05","Italy"
"INV100134","C00318","2025-05-24 15:01:00","2","133.34","Belgium"
"INV100135","C00214","2025-10-31 21:12:00","9","172.72","Italy"
"INV100136","C00424","2025-09-15 03:14:00","2","111.05","Belgium"
"INV100137","C00312","2026-02-26 14:27:00","2","59.46","Belgium"
"INV100138","C00315","2025-07-19 20:12:00","8","186.78","Portugal"
"INV100139","C00157","2025-03-09 04:54:00","6","71.69","Italy"
"INV100140","C00128","2025-04-20 08:22:00","2","107.15","Netherlands"
"INV100141","C00406","2025-03-09 12:15:00","9","157.81","Italy"
"INV100142","C00455","2025-12-30 03:43:00","4","25.07","Italy"
"INV100143","C00281","2025-05-10 05:40:00","4","102.2","United Kingdom"
"INV100144","C00303","2025-03-14 12:46:00","9","33.26","Germany"
"INV100145","C00401","2025-08-10 23:34:00","9","134.98","Italy"
"INV100146","C00072","2025-09-18 21:09:00","6","46.17","Spain"
"INV100147","C00307","2025-06-10 15:48:00","1","44.61","Belgium"
"INV100148","C00499","2025-08-28 12:06:00","2","46.12","Germany"
"INV100149","C00110","2025-12-12 22:10:00","2","116.3","Italy"
"INV100150","C00319","2026-02-09 02:49:00","7","195.38","Italy"
"INV100151","C00121","2025-09-11 17:33:00","4","123.34","Portugal"
"INV100152","C00083","2025-12-08 13:34:00","6","57.11","Belgium"
"INV100153","C00269","2025-05-10 15:29:00","7","181.17","Belgium"
"INV100154","C00353","2026-03-08 10:41:00","8","140.04","Belgium"
"INV100155","C00293","2025-07-16 08:42:00","4","107.83","Italy"
"CINV100156","C00238","2025-11-09 14:36:00","2","55.31","EIRE"
"INV100157","C00355","2025-12-11 07:46:00","3","24.59","Portugal"
"INV100158","C00307","2026-03-23 11:55:00","6","186.08","Spain"
"INV100159","C00420","2025-10-07 19:57:00","1","166.95","EIRE"
"INV100160","C00424","2025-02-07 17:33:00","1","109.77","United Kingdom"
"INV100161","C00423","2025-04-21 05:00:00","1","17.49","Netherlands"
"INV100162","C00131","2025-12-12 10:43:00","9","79.78","France"
"INV100163","C00204","2025-11-14 09:45:00","6","30.05","Spain"
"INV100164","C00019","2025-07-23 17:12:00","9","72.51","Germany"
"INV100165","C00176","2026-03-30 02:11:00","2","101.74","Italy"
"INV100166","C00231","2025-02-17 02:38:00","4","81.1","Germany"
"INV100167","C00064","2025-06-26 17:14:00","1","190.86","Germany"
"INV100168","C00315","2025-02-25 05:19:00","2","103.86","Italy"
"INV100169","C00124","2025-08-26 18:20:00","5","11.98","Netherlands"
"INV100170","C00301","2025-05-28 01:10:00","6","132.98","France"
"INV100171","C00487","2025-10-29 20:37:00","1","71.55","Netherlands"
"INV100172","C00242","2026-03-26 21:13:00","7","144.8","Spain"
"INV100173","C00221","2025-11-26 08:15:00","3","47.06","EIRE"
"INV100174","C00104","2025-04-15 22:11:00","1","176.1","EIRE"
"INV100175","C00369","2025-10-10 14:01:00","4","93.92","EIRE"
"INV100176","C00047","2025-06-20 20:10:00","2","164.25","Portugal"
"INV100177","C00179","2025-10-01 02:41:00","3","55.91","Germany"
"INV100178","C00283","2025-03-01 15:59:00","9","10.33","France"
"INV100179","C00433","2025-09-13 22:08:00","9","87.09","Netherlands"
"INV100180","C00496","2025-10-19 04:32:00","6","198.32","EIRE"
"INV100181","C00117","2025-01-09 06:49:00","3","43.94","Portugal"
"INV100182","C00217","2025-08-15 23:06:00","9","33.11","Spain"
"INV100183","C00134","2025-01-20 02:27:00","2","63.81","Spain"
"INV100184","C00313","2025-12-18 11:39:00","3","49.66","Spain"
"INV100185","C00298","2026-02-12 13:04:00","5","112.57","United Kingdom"
"INV100186","C00074","2025-01-28 14:05:00","1","134.43","Italy"
"INV100187","C00314","2025-07-04 22:52:00","3","156.25","Italy"
"INV100188","C00199","2025-04-18 05:17:00","6","133.83","United Kingdom"
"INV100189","C00185","2025-10-27 12:25:00","9","83.85","Spain"
"INV100190","C00449","2025-02-12 02:33:00","4","23.7","Belgium"
"INV100191","C00038","2026-02-11 17:05:00","9","126.57","Belgium"
"INV100192","C00283","2025-09-20 06:42:00","2","132.72","France"
"INV100193","C00386","2025-09-21 13:51:00","2","159.1","France"
"INV100194","C00384","2025-09-22 07:42:00","6","83.96","Germany"
"INV100195","C00273","2025-09-18 20:57:00","7","161.21","EIRE"
"INV100196","C00271","2025-07-03 15:43:00","8","80.44","Germany"
"INV100197","C00483","2026-01-09 23:48:00","3","69.23","Germany"
"INV100198","C00392","2025-05-20 17:16:00","2","6.26","Spain"
"INV100199","C00246","2025-09-06 20:08:00","7","38.21","Spain"
"INV100200","C00350","2025-12-18 23:54:00","1","117.47","France"
"INV100201","C00379","2025-09-07 12:08:00","3","24.43","Spain"
"INV100202","C00453","2025-05-01 11:20:00","4","105.07","United Kingdom"
"INV100203","C00333","2025-01-23 22:50:00","6","47.83","EIRE"
"INV100204","C00005","2025-01-12 10:24:00","7","99.16","United Kingdom"
"INV100205","C00401","2025-11-24 01:41:00","9","176.21","United Kingdom"
"INV100206","C00491","2026-01-05 03:49:00","9","119.33","Belgium"
"CINV100207","C00072","2026-02-28 02:20:00","7","45.41","United Kingdom"
"INV100208","C00300","2025-09-18 22:25:00","1","19.76","EIRE"
"INV100209","C00152","2025-02-10 09:34:00","8","103.45","Italy"
"INV100210","C00113","2026-01-26 23:27:00","4","81.43","EIRE"
"INV100211","C00008","2026-01-27 07:22:00","8","6.79","EIRE"
"INV100212","C00494","2026-03-17 16:14:00","8","104.87","Belgium"
"INV100213","C00221","2025-05-24 21:51:00","6","89.61","United Kingdom"
"INV100214","C00251","2025-11-26 07:42:00","3","115.76","France"
"INV100215","C00281","2026-03-06 22:27:00","5","174.25","Germany"
"INV100216","C00339","2025-03-23 02:44:00","1","52.66","EIRE"
"INV100217","C00400","2025-04-19 15:25:00","8","107.48","United Kingdom"
"INV100218","C00401","2025-12-16 10:09:00","7","44.27","Spain"
"INV100219","C00433","2025-09-03 22:52:00","3","26.61","Portugal"
"INV100220","C00146","2026-02-05 21:51:00","3","16.93","Germany"
"INV100221","C00187","2025-11-25 22:04:00","6","79.53","Spain"
"INV100222","C00281","2025-08-18 17:12:00","2","26.97","Spain"
"INV100223","C00411","2025-09-05 23:07:00","5","199.32","Belgium"
"INV100224","C00485","2025-02-27 01:57:00","1","19.67","Portugal"
"INV100225","C00346","2025-12-31 22:26:00","2","87.54","Italy"
"INV100226","C00026","2025-04-01 05:50:00","4","178.88","EIRE"
"INV100227","C00336","2025-12-31 04:31:00","2","98.36","Spain"
"INV100228","C00296","2026-03-10 11:15:00","2","137.14","Germany"
"INV100229","C00394","2025-07-30 09:48:00","9","117.44","Spain"
"INV100230","C00064","2025-10-15 01:26:00","3","77.13","Belgium"
"INV100231","C00250","2026-03-06 01:06:00","7","51.7","Spain"
"INV100232","C00152","2025-11-10 15:28:00","4","156.62","Spain"
"INV100233","C00051","2025-02-26 19:33:00","4","143.78","France"
"INV100234","C00266","2025-01-29 01:49:00","3","139.74","Germany"
"INV100235","C00199","2025-02-13 06:19:00","4","8.93","Italy"
"INV100236","C00458","2025-04-12 17:16:00","1","190.86","Spain"
"INV100237","C00445","2025-10-14 10:20:00","7","49.28","Portugal"
"INV100238","C00359","2025-11-23 18:13:00","9","171.18","Portugal"
"INV100239","C00056","2026-01-15 20:29:00","8","76.78","Belgium"
"INV100240","C00478","2026-03-15 05:00:00","3","51.27","France"
"INV100241","C00139","2025-02-17 08:03:00","3","169.92","Netherlands"
"INV100242","C00471","2025-06-07 15:32:00","7","44.19","Netherlands"
"INV100243","C00115","2025-05-07 08:13:00","7","119.09","Germany"
"INV100244","C00376","2025-02-01 00:10:00","7","8.94","France"
"INV100245","C00448","2025-10-04 01:27:00","7","61.18","EIRE"
"INV100246","C00029","2025-09-01 19:41:00","5","81.43","Germany"
"INV100247","C00207","2025-10-09 17:39:00","7","92.82","Germany"
"INV100248","C00471","2025-10-27 08:19:00","5","33.28","Netherlands"
"INV100249","C00404","2025-11-27 22:45:00","5","69.01","Portugal"
"INV100250","C00029","2025-07-08 13:45:00","5","61.99","United Kingdom"
"CINV100251","C00233","2025-02-16 02:41:00","7","192.52","United Kingdom"
"CINV100252","C00221","2026-03-14 13:22:00","6","93.35","Portugal"
"INV100253","C00218","2025-01-09 12:08:00","2","25.05","Portugal"
"INV100254","C00123","2025-10-10 03:56:00","3","112.26","Italy"
"INV100255","C00073","2025-11-18 05:23:00","6","124.32","Italy"
"INV100256","C00200","2025-04-14 17:53:00","5","171.66","EIRE"
"INV100257","C00457","2025-04-14 09:08:00","5","74.52","Belgium"
"INV100258","C00128","2025-03-27 22:11:00","8","198.05","Germany"
"INV100259","C00181","2025-12-02 00:48:00","1","178.69","United Kingdom"
"INV100260","C00276","2025-10-17 23:12:00","1","126.32","Netherlands"
"INV100261","C00193","2025-05-02 00:21:00","9","123.69","Italy"
"INV100262","C00014","2025-09-19 09:14:00","8","137.99","Netherlands"
"INV100263","C00353","2025-08-12 11:04:00","3","116.72","Portugal"
"INV100264","C00313","2025-06-23 08:10:00","1","68.98","Germany"
"INV100265","C00467","2026-01-25 13:44:00","9","13.46","France"
"INV100266","C00003","2026-01-31 15:38:00","8","90.22","Belgium"
"INV100267","C00083","2025-08-21 20:11:00","1","20","Portugal"
"INV100268","C00386","2025-04-21 19:47:00","5","136.01","EIRE"
"INV100269","C00377","2025-05-23 17:03:00","3","59.53","Italy"
"INV100270","C00091","2025-12-27 14:57:00","4","52.35","Netherlands"
"INV100271","C00312","2025-05-13 03:40:00","3","39.94","Spain"
"INV100272","C00483","2026-02-13 19:06:00","2","28.26","Spain"
"INV100273","C00471","2026-03-28 18:19:00","5","123.5","Netherlands"
"INV100274","C00219","2025-04-05 05:33:00","9","69.7","Portugal"
"INV100275","C00044","2025-10-04 07:18:00","1","57.26","France"
"INV100276","C00492","2025-03-04 01:29:00","8","142.95","United Kingdom"
"CINV100277","C00197","2026-03-29 18:55:00","1","94.3","Netherlands"
"INV100278","C00448","2026-02-25 15:44:00","8","110.51","Italy"
"INV100279","C00398","2026-03-19 10:12:00","7","149.83","Netherlands"
"INV100280","C00145","2025-08-03 13:25:00","8","3.12","France"
"INV100281","C00152","2025-11-07 11:21:00","6","6.42","Netherlands"
"INV100282","C00022","2026-01-11 00:21:00","7","141.78","Belgium"
"INV100283","C00419","2025-05-25 17:32:00","2","128.8","Italy"
"INV100284","C00415","2025-05-28 03:01:00","2","160.68","United Kingdom"
"INV100285","C00039","2026-03-15 13:39:00","6","15.83","Germany"
"INV100286","C00268","2025-04-06 19:16:00","6","156.93","EIRE"
"INV100287","C00255","2025-05-02 08:42:00","9","137.58","Netherlands"
"INV100288","C00469","2025-06-22 16:38:00","5","161.22","Netherlands"
"INV100289","C00355","2026-01-29 07:08:00","8","86.57","Italy"
"INV100290","C00215","2026-03-14 12:21:00","3","188.1","Italy"
"INV100291","C00083","2025-11-06 05:41:00","8","52.67","Italy"
"INV100292","C00109","2026-02-05 15:10:00","2","55.14","Netherlands"
"INV100293","C00388","2025-01-01 22:07:00","3","67.26","Belgium"
"INV100294","C00161","2025-05-17 09:03:00","6","181","EIRE"
"INV100295","C00279","2025-08-14 10:41:00","3","63.64","United Kingdom"
"INV100296","C00103","2025-08-04 21:49:00","7","19.55","Portugal"
"INV100297","C00104","2025-03-30 03:06:00","5","77.96","EIRE"
"INV100298","C00461","2025-05-13 07:03:00","4","4.48","Belgium"
"INV100299","C00211","2025-05-30 08:31:00","8","122.88","EIRE"
"INV100300","C00312","2025-07-09 16:33:00","1","98.62","Spain"
"INV100301","C00174","2025-03-07 10:19:00","2","100.71","France"
"INV100302","C00378","2025-07-21 05:00:00","1","83.26","Germany"
"INV100303","C00335","2026-01-29 22:21:00","9","126.68","Germany"
"INV100304","C00182","2026-02-19 04:57:00","7","118.57","Belgium"
"INV100305","C00113","2025-11-10 06:12:00","4","157.94","France"
"INV100306","C00482","2025-07-11 16:23:00","4","41.52","Germany"
"INV100307","C00347","2026-01-23 10:02:00","8","17.39","EIRE"
"INV100308","C00417","2025-09-25 12:43:00","4","141.11","EIRE"
"INV100309","C00120","2026-01-06 14:13:00","6","126.74","Italy"
"INV100310","C00366","2025-06-06 09:01:00","1","140.86","United Kingdom"
"INV100311","C00123","2025-03-31 18:20:00","3","8.14","Portugal"
"INV100312","C00159","2026-02-24 18:02:00","4","166.37","France"
"INV100313","C00307","2026-01-14 04:26:00","1","130.72","France"
"INV100314","C00068","2025-10-11 10:34:00","7","128.82","Portugal"
"INV100315","C00107","2025-12-29 01:46:00","3","199.56","Portugal"
"INV100316","C00001","2025-01-26 17:23:00","3","89.12","United Kingdom"
"INV100317","C00472","2026-02-14 08:16:00","1","84.64","United Kingdom"
"INV100318","C00480","2025-04-03 22:03:00","8","21.83","Germany"
"INV100319","C00355","2025-08-08 00:11:00","5","116.84","Spain"
"INV100320","C00414","2025-11-28 22:53:00","8","192.8","Netherlands"
"INV100321","C00122","2025-03-04 13:34:00","7","23.27","Germany"
"INV100322","C00455","2025-05-15 15:50:00","5","109.79","France"
"INV100323","C00392","2026-01-02 12:47:00","6","99.09","Portugal"
"INV100324","C00071","2025-08-10 14:26:00","7","116.39","EIRE"
"INV100325","C00218","2025-06-02 03:42:00","6","50.96","Belgium"
"INV100326","C00045","2026-03-06 03:53:00","2","112.5","France"
"INV100327","C00442","2026-01-27 14:46:00","5","105.36","Belgium"
"INV100328","C00397","2025-02-16 05:26:00","6","139.3","Spain"
"INV100329","C00431","2025-09-26 12:13:00","9","179.87","Spain"
"INV100330","C00063","2025-09-03 17:43:00","2","85.39","EIRE"
"INV100331","C00013","2025-10-28 09:32:00","3","69.88","United Kingdom"
"INV100332","C00340","2025-11-14 15:48:00","4","155.76","Belgium"
"INV100333","C00140","2025-11-23 12:17:00","9","190.42","Italy"
"INV100334","C00160","2025-09-12 17:36:00","2","2.61","Portugal"
"INV100335","C00392","2025-05-02 00:15:00","4","122.05","EIRE"
"INV100336","C00323","2026-03-17 04:44:00","1","38.69","Spain"
"INV100337","C00018","2025-05-09 22:33:00","1","6.49","France"
"INV100338","C00019","2025-05-23 14:24:00","5","56.44","Belgium"
"INV100339","C00469","2025-01-22 08:58:00","7","176.28","Spain"
"INV100340","C00440","2026-02-28 06:34:00","5","174.06","Italy"
"INV100341","C00300","2025-05-17 10:36:00","7","39.98","Netherlands"
"INV100342","C00021","2026-03-12 05:47:00","9","127.84","France"
"INV100343","C00165","2026-03-14 02:21:00","1","15.83","Germany"
"INV100344","C00399","2026-02-18 18:54:00","7","10.87","Spain"
"INV100345","C00322","2025-11-21 00:25:00","3","195.33","Italy"
"INV100346","C00462","2025-12-05 07:51:00","7","175.47","Portugal"
"INV100347","C00058","2025-02-07 11:14:00","1","72.22","United Kingdom"
"INV100348","C00214","2025-02-20 11:28:00","6","25.25","Italy"
"INV100349","C00002","2025-06-06 18:56:00","2","29.76","Germany"
"INV100350","C00114","2025-03-13 02:14:00","7","80.27","EIRE"
"INV100351","C00223","2025-03-30 21:04:00","3","110.81","Netherlands"
"INV100352","C00290","2025-04-12 20:25:00","9","150.3","EIRE"
"INV100353","C00459","2025-06-14 09:26:00","4","25.26","EIRE"
"INV100354","C00286","2025-10-15 08:50:00","3","151.58","Italy"
"INV100355","C00201","2026-03-31 01:00:00","9","145.59","Belgium"
"INV100356","C00166","2025-11-04 01:30:00","5","142.05","Germany"
"INV100357","C00217","2025-10-13 09:39:00","3","43.81","Belgium"
"INV100358","C00124","2025-06-21 09:13:00","9","143.55","Spain"
"INV100359","C00017","2025-11-13 22:36:00","8","36.2","Italy"
"INV100360","C00273","2026-02-06 17:06:00","9","109.29","Netherlands"
"INV100361","C00253","2025-08-18 21:19:00","5","95.27","Germany"
"INV100362","C00192","2026-02-28 21:36:00","3","18.83","United Kingdom"
"INV100363","C00346","2025-01-09 06:38:00","1","80.35","Belgium"
"INV100364","C00224","2025-09-11 12:13:00","1","30.13","Spain"
"INV100365","C00150","2025-02-13 14:37:00","6","94.76","United Kingdom"
"INV100366","C00458","2025-01-24 09:56:00","8","62.43","Spain"
"INV100367","C00073","2025-06-01 09:43:00","4","151.74","Germany"
"INV100368","C00242","2025-07-28 15:39:00","2","133.28","Netherlands"
"INV100369","C00034","2025-06-10 16:56:00","8","155.56","France"
"INV100370","C00210","2025-06-10 07:14:00","4","53.51","Germany"
"INV100371","C00020","2025-03-17 11:22:00","3","76.45","United Kingdom"
"INV100372","C00043","2025-02-16 07:33:00","3","53.74","Belgium"
"INV100373","C00274","2025-04-27 13:38:00","7","13.44","EIRE"
"INV100374","C00429","2025-08-31 05:29:00","5","43.83","Belgium"
"INV100375","C00309","2025-02-21 01:21:00","5","149.55","France"
"CINV100376","C00077","2026-01-17 09:37:00","1","1.79","Belgium"
"INV100377","C00371","2025-09-29 02:21:00","2","20.06","EIRE"
"INV100378","C00416","2025-12-12 12:50:00","4","81.76","Italy"
"INV100379","C00231","2025-07-01 00:19:00","6","12.4","EIRE"
"INV100380","C00072","2026-01-06 14:06:00","5","51.53","EIRE"
"INV100381","C00392","2025-08-15 03:15:00","7","8","Portugal"
"INV100382","C00028","2025-06-16 01:12:00","5","93.14","Italy"
"INV100383","C00293","2025-01-03 12:21:00","4","118.78","Netherlands"
"INV100384","C00250","2026-01-09 22:08:00","9","131.93","EIRE"
"INV100385","C00431","2025-04-29 00:23:00","7","142.32","Italy"
"INV100386","C00253","2026-03-16 09:52:00","1","98.16","Belgium"
"INV100387","C00048","2026-03-18 19:47:00","9","161.1","Italy"
"INV100388","C00258","2026-01-17 08:08:00","2","158.08","Belgium"
"INV100389","C00055","2026-01-28 18:18:00","5","90.73","EIRE"
"INV100390","C00238","2025-07-13 00:18:00","8","1.89","Portugal"
"INV100391","C00159","2025-05-31 08:56:00","5","81.7","Germany"
"INV100392","C00238","2025-03-01 22:01:00","6","148.31","EIRE"
"INV100393","C00154","2025-04-02 04:42:00","5","58.29","Germany"
"INV100394","C00224","2025-03-15 18:28:00","6","56.75","Netherlands"
"INV100395","C00340","2025-05-16 03:26:00","2","168.18","Italy"
"INV100396","C00319","2025-08-10 19:31:00","7","114.14","Netherlands"
"INV100397","C00034","2025-11-15 01:59:00","8","78.32","Germany"
"INV100398","C00491","2025-01-07 20:32:00","2","42.08","France"
"INV100399","C00120","2026-03-23 04:48:00","4","54.14","Portugal"
"CINV100400","C00329","2025-08-16 07:06:00","8","5.47","Italy"
"INV100401","C00295","2025-09-03 02:04:00","7","187.49","Spain"
"INV100402","C00106","2025-09-07 09:03:00","1","130.78","Netherlands"
"INV100403","C00126","2025-06-07 11:17:00","8","96.08","United Kingdom"
"CINV100404","C00365","2025-10-30 00:30:00","7","166.78","United Kingdom"
"INV100405","C00241","2026-02-17 21:57:00","3","134.32","Italy"
"INV100406","C00266","2025-06-04 06:15:00","9","168.95","Germany"
"INV100407","C00027","2026-03-25 20:51:00","3","137.67","EIRE"
"INV100408","C00283","2025-06-30 18:46:00","8","5.56","Italy"
"INV100409","C00481","2025-12-27 00:39:00","9","83.18","Germany"
"INV100410","C00420","2025-06-01 06:13:00","6","169.35","Belgium"
"INV100411","C00218","2025-05-21 17:50:00","6","118.02","Germany"
"INV100412","C00025","2025-09-17 12:59:00","9","85.88","Germany"
"INV100413","C00456","2025-05-14 05:45:00","1","26.57","Netherlands"
"INV100414","C00017","2026-01-09 10:48:00","2","126.12","Belgium"
"CINV100415","C00157","2025-09-14 18:56:00","5","9.17","Italy"
"INV100416","C00255","2026-02-26 12:18:00","3","3.12","Netherlands"
"INV100417","C00248","2025-04-18 15:59:00","1","122.43","Portugal"
"INV100418","C00098","2025-11-04 20:14:00","4","186.79","Italy"
"INV100419","C00379","2025-05-30 12:23:00","9","86.7","France"
"INV100420","C00275","2025-09-26 15:12:00","3","198.89","Netherlands"
"INV100421","C00431","2025-09-20 16:05:00","2","180.51","Germany"
"INV100422","C00227","2025-04-10 09:35:00","7","52.92","EIRE"
"INV100423","C00013","2025-08-08 05:20:00","5","139.73","Belgium"
"INV100424","C00273","2025-01-16 06:03:00","3","186.99","Italy"
"INV100425","C00015","2025-04-13 12:17:00","6","133.17","France"
"INV100426","C00383","2025-10-26 05:34:00","9","76.1","Germany"
"INV100427","C00330","2025-07-04 01:12:00","7","20.24","Belgium"
"INV100428","C00052","2025-06-03 00:52:00","7","195.06","Germany"
"INV100429","C00403","2026-03-08 13:14:00","6","180.46","France"
"INV100430","C00201","2026-02-05 04:44:00","5","23.4","United Kingdom"
"INV100431","C00049","2025-12-01 03:22:00","9","120.08","France"
"INV100432","C00338","2025-01-12 02:04:00","8","165.26","Germany"
"INV100433","C00079","2025-04-10 01:18:00","9","81.98","Germany"
"INV100434","C00349","2025-04-11 13:48:00","8","157.36","Netherlands"
"INV100435","C00042","2026-03-08 05:27:00","7","80.12","Belgium"
"INV100436","C00056","2025-06-22 12:57:00","1","54.47","Netherlands"
"INV100437","C00487","2025-02-09 06:01:00","3","122.05","Germany"
"INV100438","C00096","2025-09-21 02:16:00","3","176.53","Italy"
"INV100439","C00190","2025-09-07 22:12:00","8","33.75","Germany"
"INV100440","C00433","2025-07-24 09:46:00","7","86.65","Germany"
"CINV100441","C00316","2025-07-07 03:43:00","1","94.94","Italy"
"INV100442","C00082","2026-01-15 07:37:00","1","45.28","Belgium"
"INV100443","C00485","2025-06-03 21:21:00","2","17.63","Spain"
"INV100444","C00474","2026-01-14 00:13:00","9","165.21","United Kingdom"
"INV100445","C00485","2025-08-18 08:49:00","3","156.62","Spain"
"INV100446","C00075","2025-06-28 15:37:00","5","8.67","Spain"
"INV100447","C00386","2025-03-25 13:15:00","6","59.26","Belgium"
"INV100448","C00075","2026-02-04 22:54:00","6","71.57","France"
"INV100449","C00120","2025-05-22 00:41:00","2","135.86","France"
"INV100450","C00083","2025-05-18 14:07:00","5","177.24","Spain"
"INV100451","C00115","2025-02-11 01:51:00","3","113.74","Portugal"
"INV100452","C00081","2025-12-21 07:54:00","3","62.9","Portugal"
"INV100453","C00224","2025-10-31 11:31:00","8","187.81","Germany"
"INV100454","C00395","2026-02-27 21:49:00","4","90.12","France"
"INV100455","C00472","2025-11-05 15:48:00","4","171.6","United Kingdom"
"INV100456","C00161","2025-09-24 01:04:00","9","147.88","Germany"
"CINV100457","C00198","2025-07-02 04:21:00","4","43.56","Germany"
"INV100458","C00089","2026-03-08 16:18:00","6","51.01","Netherlands"
"INV100459","C00072","2025-02-17 18:13:00","1","60.15","Netherlands"
"INV100460","C00290","2026-03-14 02:54:00","4","27.62","France"
"INV100461","C00400","2025-06-23 18:57:00","8","86.36","Italy"
"INV100462","C00379","2025-07-01 01:44:00","2","59.35","EIRE"
"INV100463","C00199","2025-08-23 22:36:00","9","86.23","Spain"
"INV100464","C00482","2025-11-23 16:33:00","2","11.83","Netherlands"
"INV100465","C00084","2025-12-12 01:42:00","6","26.45","France"
"INV100466","C00131","2025-07-13 12:43:00","7","138.25","Spain"
"INV100467","C00034","2026-03-02 22:12:00","5","129.79","Belgium"
"INV100468","C00206","2025-01-14 12:43:00","4","85.77","Spain"
"INV100469","C00130","2025-10-27 17:01:00","4","156.43","France"
"INV100470","C00344","2025-07-20 12:57:00","9","190.71","Italy"
"INV100471","C00195","2025-06-02 02:06:00","7","116.73","Belgium"
"INV100472","C00114","2026-01-05 08:49:00","5","135.81","Portugal"
"INV100473","C00378","2026-01-01 19:45:00","3","159.67","Portugal"
"INV100474","C00162","2025-08-18 08:56:00","4","172.31","EIRE"
"INV100475","C00273","2025-04-06 02:11:00","1","131.38","Portugal"
"INV100476","C00369","2026-02-19 20:39:00","5","75.16","Germany"
"INV100477","C00065","2025-04-22 04:43:00","8","86.88","EIRE"
"INV100478","C00064","2026-02-18 11:15:00","8","109.04","EIRE"
"INV100479","C00182","2025-01-31 10:40:00","2","149","Netherlands"
"INV100480","C00099","2025-05-26 14:53:00","2","79.63","Italy"
"INV100481","C00346","2025-05-23 09:28:00","7","147.66","Netherlands"
"CINV100482","C00056","2025-04-08 22:29:00","2","20.08","Belgium"
"INV100483","C00351","2025-10-30 21:54:00","1","197.86","Belgium"
"INV100484","C00390","2025-09-13 11:53:00","2","88.76","United Kingdom"
"INV100485","C00130","2025-04-30 17:25:00","7","145.25","Portugal"
"CINV100486","C00331","2025-10-19 07:59:00","6","95.48","Italy"
"INV100487","C00312","2025-01-09 18:14:00","7","101.19","United Kingdom"
"CINV100488","C00163","2025-12-15 01:11:00","1","69.97","France"
"INV100489","C00145","2025-12-04 09:03:00","3","37.48","Italy"
"INV100490","C00478","2025-02-25 05:46:00","9","164.21","United Kingdom"
"INV100491","C00352","2025-09-27 06:52:00","4","145.98","EIRE"
"INV100492","C00330","2025-10-22 09:53:00","4","81.44","Italy"
"INV100493","C00242","2025-08-05 04:22:00","8","47.66","France"
"INV100494","C00366","2025-12-25 20:42:00","3","176.26","Italy"
"INV100495","C00115","2025-11-22 12:42:00","2","99.99","Italy"
"INV100496","C00076","2025-11-10 18:10:00","2","151.14","Italy"
"INV100497","C00155","2026-03-13 06:19:00","4","36.94","Germany"
"INV100498","C00183","2025-07-09 11:37:00","9","11.07","EIRE"
"INV100499","C00257","2026-02-16 20:58:00","4","55.24","France"
"INV100500","C00300","2025-12-30 21:15:00","5","143.2","Spain"
"INV100501","C00156","2025-10-15 13:34:00","8","9.36","Italy"
"INV100502","C00089","2025-08-19 04:52:00","5","54.49","Spain"
"INV100503","C00116","2026-03-26 01:10:00","9","67.89","Portugal"
"INV100504","C00094","2025-04-27 21:26:00","5","92.09","Italy"
"INV100505","C00055","2025-04-05 22:41:00","4","138","Spain"
"INV100506","C00449","2025-11-16 22:47:00","9","87.41","Germany"
"INV100507","C00110","2025-04-13 12:33:00","4","11.59","EIRE"
"INV100508","C00113","2025-08-24 19:48:00","5","61.3","France"
"INV100509","C00224","2025-09-03 14:49:00","5","131.77","Netherlands"
"INV100510","C00288","2025-04-12 06:25:00","8","119.76","Belgium"
"INV100511","C00288","2025-05-18 20:51:00","3","13.77","Netherlands"
"INV100512","C00361","2025-04-27 20:06:00","3","25.85","Netherlands"
"INV100513","C00404","2025-06-30 20:05:00","1","126.44","Netherlands"
"INV100514","C00297","2026-02-15 16:36:00","2","187.08","Portugal"
"INV100515","C00437","2025-11-23 16:16:00","3","111.49","Germany"
"INV100516","C00163","2025-06-21 12:14:00","2","73.22","Belgium"
"INV100517","C00318","2025-04-12 12:11:00","5","49.84","Germany"
"INV100518","C00350","2025-09-12 13:54:00","7","30.66","France"
"INV100519","C00262","2025-11-25 21:17:00","3","168.96","Germany"
"INV100520","C00089","2025-09-12 01:06:00","4","46.6","Belgium"
"INV100521","C00155","2026-03-20 12:12:00","9","77.02","EIRE"
"INV100522","C00259","2025-07-23 01:33:00","9","51.49","EIRE"
"INV100523","C00292","2025-04-05 06:23:00","9","69.12","United Kingdom"
"INV100524","C00132","2025-10-26 17:41:00","3","192.71","Spain"
"INV100525","C00490","2025-05-10 17:30:00","8","164.02","EIRE"
"INV100526","C00410","2025-02-26 06:49:00","6","75.87","France"
"INV100527","C00089","2025-03-03 00:24:00","1","104.52","EIRE"
"INV100528","C00046","2025-06-22 15:02:00","9","65.48","Spain"
"INV100529","C00145","2025-10-26 17:48:00","4","199.3","Germany"
"INV100530","C00036","2025-12-21 05:12:00","9","64.77","Italy"
"CINV100531","C00258","2026-03-05 21:46:00","2","27.24","Spain"
"INV100532","C00454","2025-03-18 11:09:00","1","111.73","EIRE"
"INV100533","C00283","2025-10-16 17:31:00","7","90","Italy"
"INV100534","C00367","2025-05-23 08:47:00","2","75.08","Belgium"
"INV100535","C00443","2025-09-26 23:52:00","1","58.21","Germany"
"INV100536","C00192","2025-11-29 13:16:00","1","69.3","Netherlands"
"INV100537","C00059","2025-09-08 13:25:00","4","163.14","France"
"INV100538","C00302","2025-06-09 08:10:00","4","177.86","Germany"
"INV100539","C00110","2026-02-02 08:46:00","9","164.45","France"
"INV100540","C00064","2025-08-01 15:42:00","5","178.57","Germany"
"CINV100541","C00045","2025-08-20 17:06:00","5","18.06","Belgium"
"INV100542","C00450","2025-02-03 11:53:00","3","65.87","Germany"
"INV100543","C00472","2025-12-30 19:36:00","4","41.64","United Kingdom"
"INV100544","C00141","2025-12-27 20:59:00","3","199.47","France"
"INV100545","C00075","2026-03-17 10:14:00","4","182.27","Germany"
"INV100546","C00191","2025-10-08 16:10:00","2","122.23","Spain"
"INV100547","C00467","2026-02-01 12:19:00","5","169.46","Spain"
"INV100548","C00483","2025-10-04 19:27:00","2","35.07","Spain"
"INV100549","C00036","2025-12-02 10:07:00","1","57.83","France"
"INV100550","C00397","2026-02-05 21:11:00","8","157.49","Belgium"
"INV100551","C00063","2025-01-08 07:18:00","7","158.53","Germany"
"INV100552","C00301","2025-02-10 21:19:00","9","50.89","Portugal"
"CINV100553","C00408","2025-04-30 02:50:00","9","69.84","Germany"
"INV100554","C00170","2025-06-21 20:44:00","5","169.84","EIRE"
"INV100555","C00376","2025-12-14 06:22:00","6","141.11","Belgium"
"INV100556","C00440","2026-02-08 17:19:00","4","98.35","Spain"
"INV100557","C00346","2025-06-28 16:26:00","5","79.16","Netherlands"
"INV100558","C00148","2025-02-18 03:47:00","4","93.86","Portugal"
"INV100559","C00010","2025-04-28 19:13:00","9","81.52","Germany"
"INV100560","C00141","2025-04-06 11:37:00","9","41.68","Netherlands"
"INV100561","C00306","2026-01-27 01:22:00","8","97.16","Italy"
"INV100562","C00194","2025-06-19 12:28:00","9","175.24","United Kingdom"
"INV100563","C00423","2025-08-04 02:08:00","6","85.85","France"
"INV100564","C00458","2025-09-25 11:13:00","2","138.73","Netherlands"
"INV100565","C00160","2025-03-24 14:45:00","8","36.19","United Kingdom"
"INV100566","C00062","2025-05-18 20:16:00","3","153.8","Portugal"
"INV100567","C00223","2025-01-10 23:13:00","1","63.98","Germany"
"INV100568","C00385","2025-11-25 10:57:00","5","70.54","Belgium"
"INV100569","C00116","2025-08-24 23:23:00","8","129.31","France"
"INV100570","C00021","2025-05-16 04:28:00","6","49.69","France"
"INV100571","C00141","2025-05-04 04:45:00","2","97.87","Italy"
"INV100572","C00197","2025-03-15 15:46:00","4","16.7","Italy"
"INV100573","C00084","2025-09-03 06:57:00","2","81.74","Portugal"
"INV100574","C00026","2025-01-10 03:47:00","1","181.22","Spain"
"INV100575","C00399","2025-10-16 12:24:00","8","110.49","EIRE"
"INV100576","C00199","2025-09-21 22:29:00","6","199.93","United Kingdom"
"INV100577","C00190","2025-03-26 22:31:00","7","99.33","Belgium"
"INV100578","C00497","2025-07-15 22:37:00","3","29.25","Italy"
"INV100579","C00057","2025-02-07 23:37:00","5","125.36","Belgium"
"INV100580","C00155","2025-05-03 17:43:00","7","140.67","Italy"
"INV100581","C00185","2025-01-22 23:54:00","4","74.69","France"
"INV100582","C00279","2025-04-27 20:46:00","5","134.63","Belgium"
"INV100583","C00316","2026-01-31 04:11:00","1","143.27","Belgium"
"INV100584","C00434","2026-03-03 22:37:00","5","14.72","Netherlands"
"INV100585","C00086","2025-10-25 05:43:00","3","144.64","EIRE"
"INV100586","C00154","2025-10-07 00:24:00","3","50.05","EIRE"
"INV100587","C00391","2025-10-23 12:43:00","9","96.51","Belgium"
"INV100588","C00355","2025-04-17 10:14:00","2","179.34","Netherlands"
"INV100589","C00354","2025-07-08 00:43:00","1","192.62","Portugal"
"INV100590","C00223","2025-09-13 10:29:00","1","169.3","EIRE"
"INV100591","C00059","2025-11-25 05:44:00","6","44.35","United Kingdom"
"INV100592","C00351","2026-02-20 08:58:00","8","37.17","United Kingdom"
"INV100593","C00204","2025-11-27 14:40:00","5","145.37","Netherlands"
"INV100594","C00095","2025-06-30 15:21:00","5","112.34","Belgium"
"INV100595","C00235","2025-01-23 07:48:00","8","125.98","Germany"
"INV100596","C00118","2025-01-26 09:01:00","2","38.46","Germany"
"INV100597","C00401","2025-06-20 17:58:00","7","141.71","Netherlands"
"INV100598","C00173","2025-11-18 00:43:00","4","143.01","United Kingdom"
"INV100599","C00241","2025-12-04 06:00:00","3","45.88","Belgium"
"INV100600","C00341","2026-01-12 01:40:00","9","6.34","Portugal"
"INV100601","C00139","2025-04-04 04:53:00","1","136.29","Spain"
"INV100602","C00445","2026-03-06 08:21:00","6","44.67","France"
"INV100603","C00165","2025-05-13 06:10:00","9","19.88","France"
"INV100604","C00050","2025-11-27 07:36:00","5","41.69","EIRE"
"INV100605","C00160","2025-04-25 02:53:00","8","184.65","EIRE"
"INV100606","C00078","2026-03-30 01:20:00","4","178.06","EIRE"
"INV100607","C00258","2025-12-03 17:46:00","2","181.85","Belgium"
"INV100608","C00430","2025-09-06 09:33:00","3","102.92","France"
"INV100609","C00045","2025-06-06 04:21:00","7","103.54","United Kingdom"
"INV100610","C00041","2025-10-18 00:20:00","8","173.62","United Kingdom"
"INV100611","C00227","2026-01-12 13:29:00","8","177.8","Spain"
"INV100612","C00333","2026-01-01 23:32:00","3","121.57","France"
"INV100613","C00173","2026-02-14 14:57:00","2","191.66","Germany"
"INV100614","C00024","2025-08-06 22:08:00","3","137.52","United Kingdom"
"INV100615","C00018","2025-08-21 11:48:00","8","163.89","United Kingdom"
"INV100616","C00282","2025-05-12 07:42:00","4","18.98","Germany"
"INV100617","C00286","2026-01-27 01:43:00","6","11.92","Italy"
"INV100618","C00224","2026-01-10 09:23:00","9","49.2","EIRE"
"INV100619","C00472","2025-01-15 21:38:00","3","111.34","Spain"
"INV100620","C00434","2025-10-30 20:05:00","8","117.45","United Kingdom"
"INV100621","C00385","2025-10-08 07:32:00","2","89.36","Netherlands"
"INV100622","C00057","2025-02-08 07:50:00","3","183.62","Germany"
"INV100623","C00261","2025-12-29 04:45:00","4","139.18","United Kingdom"
"INV100624","C00143","2025-04-30 13:31:00","9","52.86","Spain"
"INV100625","C00258","2026-01-02 08:16:00","7","88.85","Spain"
"INV100626","C00485","2025-03-05 22:44:00","6","168.23","France"
"INV100627","C00317","2025-03-03 04:21:00","3","199.51","Italy"
"INV100628","C00384","2025-11-07 20:14:00","2","17.53","EIRE"
"INV100629","C00148","2025-08-26 03:33:00","6","185.52","France"
"INV100630","C00343","2025-12-30 03:28:00","7","190.33","Italy"
"INV100631","C00211","2025-02-22 03:52:00","7","173.8","France"
"INV100632","C00330","2025-01-01 12:45:00","4","124.32","Spain"
"INV100633","C00082","2025-06-11 08:21:00","4","29.32","United Kingdom"
"INV100634","C00006","2025-01-21 18:49:00","5","73.55","Italy"
"INV100635","C00009","2025-03-11 12:31:00","7","55.62","United Kingdom"
"INV100636","C00401","2025-12-12 14:11:00","9","163.38","Portugal"
"INV100637","C00221","2025-04-14 22:43:00","5","186.04","Italy"
"INV100638","C00142","2025-02-22 12:36:00","3","120.15","France"
"INV100639","C00368","2026-02-13 15:04:00","6","141.77","EIRE"
"INV100640","C00149","2026-02-28 20:14:00","8","149.05","United Kingdom"
"INV100641","C00154","2025-06-08 03:28:00","1","144.46","EIRE"
"INV100642","C00272","2025-08-21 05:05:00","9","167.43","France"
"INV100643","C00276","2025-11-17 17:19:00","8","187.05","Italy"
"INV100644","C00027","2025-10-28 13:23:00","9","106.78","Spain"
"INV100645","C00097","2025-07-29 21:25:00","6","81.96","Belgium"
"INV100646","C00112","2026-01-05 02:40:00","4","99.1","Portugal"
"INV100647","C00066","2025-03-09 06:26:00","7","61.49","France"
"INV100648","C00418","2026-02-17 14:08:00","6","179.77","EIRE"
"INV100649","C00017","2025-12-01 13:58:00","2","63.7","United Kingdom"
"INV100650","C00169","2026-03-25 07:43:00","9","106.59","Netherlands"
"INV100651","C00462","2025-07-02 21:02:00","8","138.76","Netherlands"
"INV100652","C00493","2025-07-02 16:32:00","5","16.1","Germany"
"INV100653","C00153","2025-01-23 03:33:00","5","4.93","United Kingdom"
"INV100654","C00107","2025-06-21 12:08:00","1","174.76","Netherlands"
"INV100655","C00230","2026-01-03 07:35:00","8","93.76","United Kingdom"
"INV100656","C00044","2026-01-23 09:03:00","2","90.9","France"
"INV100657","C00114","2025-06-12 00:22:00","6","77.36","EIRE"
"INV100658","C00172","2025-04-24 19:42:00","1","49.89","Belgium"
"INV100659","C00209","2025-10-28 12:54:00","2","135.85","Italy"
"CINV100660","C00364","2025-12-20 11:10:00","3","107.96","Italy"
"INV100661","C00047","2025-10-09 08:42:00","1","29.52","Netherlands"
"INV100662","C00400","2026-02-19 11:40:00","5","119.21","France"
"INV100663","C00180","2026-02-20 10:59:00","9","140.49","United Kingdom"
"INV100664","C00232","2025-01-03 13:17:00","5","105.99","Portugal"
"INV100665","C00175","2025-11-18 09:47:00","7","66.94","Netherlands"
"INV100666","C00415","2025-03-06 21:46:00","6","157.98","United Kingdom"
"INV100667","C00247","2026-03-17 01:05:00","5","91.22","Germany"
"INV100668","C00159","2026-03-30 07:23:00","5","179.07","Italy"
"INV100669","C00365","2025-12-02 14:11:00","5","19.06","Spain"
"INV100670","C00236","2025-06-28 02:52:00","1","70.49","Germany"
"INV100671","C00302","2026-02-25 02:50:00","2","65.97","Spain"
"INV100672","C00017","2025-06-14 01:18:00","9","193.81","Italy"
"INV100673","C00034","2025-08-04 03:01:00","7","96.4","EIRE"
"INV100674","C00201","2025-08-31 13:49:00","8","73.55","Netherlands"
"INV100675","C00462","2025-11-17 07:58:00","5","159.1","Spain"
"INV100676","C00015","2025-03-22 08:57:00","1","15.91","EIRE"
"INV100677","C00089","2025-12-26 20:39:00","2","81.75","Italy"
"CINV100678","C00308","2025-11-29 07:57:00","7","4.85","France"
"INV100679","C00289","2025-04-07 15:31:00","3","163.43","France"
"INV100680","C00227","2025-07-17 23:59:00","8","69.54","Spain"
"INV100681","C00446","2025-08-25 17:52:00","3","193.27","Belgium"
"INV100682","C00369","2025-05-13 06:16:00","5","174.83","Netherlands"
"INV100683","C00477","2026-03-05 04:38:00","4","179.48","France"
"INV100684","C00478","2025-12-26 02:50:00","6","125.77","France"
"INV100685","C00191","2025-06-22 05:48:00","1","35.03","Belgium"
"INV100686","C00353","2025-11-08 14:38:00","3","139.11","Spain"
"INV100687","C00416","2025-12-16 14:01:00","8","173.33","Italy"
"INV100688","C00485","2025-02-05 01:53:00","1","105.63","United Kingdom"
"INV100689","C00124","2025-12-24 17:03:00","5","76.53","Italy"
"INV100690","C00448","2025-02-09 06:07:00","5","93.41","Germany"
"INV100691","C00366","2025-07-03 13:37:00","6","18.68","France"
"INV100692","C00098","2025-07-09 09:39:00","8","42.09","Germany"
"INV100693","C00420","2025-10-04 12:01:00","2","154.85","Netherlands"
"INV100694","C00299","2025-10-05 07:05:00","2","11.74","Italy"
"INV100695","C00349","2025-03-18 14:57:00","9","75.84","Belgium"
"INV100696","C00258","2025-10-03 16:08:00","7","40.26","Netherlands"
"INV100697","C00078","2025-05-10 15:32:00","1","20.72","United Kingdom"
"INV100698","C00264","2025-04-17 09:08:00","9","42.22","Germany"
"INV100699","C00344","2025-06-03 07:36:00","2","73.73","Portugal"
"INV100700","C00284","2026-02-16 20:07:00","8","142.46","Spain"
"INV100701","C00344","2025-06-22 03:19:00","5","73.23","Netherlands"
"INV100702","C00277","2025-10-06 20:01:00","5","49.87","Portugal"
"INV100703","C00176","2025-12-25 21:25:00","1","93.24","Germany"
"INV100704","C00255","2025-02-17 09:30:00","6","99.82","Spain"
"INV100705","C00137","2026-03-02 18:57:00","8","102.98","Portugal"
"INV100706","C00115","2025-02-28 05:56:00","7","154.02","France"
"INV100707","C00419","2025-02-13 07:03:00","5","36.6","France"
"INV100708","C00314","2025-05-18 18:39:00","9","117.97","Germany"
"INV100709","C00413","2026-03-14 05:29:00","5","167.94","France"
"INV100710","C00367","2025-06-10 21:23:00","3","106.53","Italy"
"INV100711","C00427","2025-07-01 01:50:00","7","21.78","Portugal"
"INV100712","C00231","2025-11-06 09:19:00","1","120.26","Belgium"
"INV100713","C00450","2025-07-16 06:28:00","9","133.87","Portugal"
"INV100714","C00399","2025-03-08 12:51:00","7","109.81","Portugal"
"INV100715","C00225","2025-01-16 17:56:00","3","55.08","Portugal"
"INV100716","C00053","2026-01-31 05:05:00","6","94.67","France"
"INV100717","C00464","2025-07-16 12:50:00","9","67.55","Germany"
"INV100718","C00398","2025-07-19 06:46:00","2","10.97","France"
"INV100719","C00140","2025-08-07 08:48:00","2","32","France"
"INV100720","C00067","2025-04-27 12:12:00","9","21.51","EIRE"
"INV100721","C00284","2025-06-14 21:49:00","1","24.81","Netherlands"
"INV100722","C00228","2025-12-29 14:08:00","1","177.43","Portugal"
"INV100723","C00372","2025-07-20 23:34:00","1","196.87","Germany"
"INV100724","C00265","2025-04-02 10:02:00","9","134.67","Belgium"
"INV100725","C00481","2026-02-10 20:35:00","5","80.28","Italy"
"INV100726","C00136","2025-02-21 09:24:00","5","40.18","France"
"INV100727","C00292","2026-03-16 12:07:00","8","132.58","Spain"
"INV100728","C00392","2025-09-10 17:08:00","1","174.53","Germany"
"INV100729","C00405","2025-06-27 17:42:00","4","95.01","France"
"INV100730","C00225","2026-01-25 20:37:00","7","176.44","United Kingdom"
"INV100731","C00360","2025-02-17 10:25:00","8","176.02","Germany"
"INV100732","C00258","2025-07-21 09:59:00","7","14.69","Belgium"
"CINV100733","C00115","2025-04-20 03:13:00","6","86.1","EIRE"
"INV100734","C00052","2026-03-15 14:44:00","8","81.15","United Kingdom"
"INV100735","C00171","2025-09-25 11:44:00","2","189.48","Germany"
"INV100736","C00056","2025-06-05 13:14:00","8","76.54","Portugal"
"CINV100737","C00417","2025-11-13 04:16:00","1","46.19","Spain"
"INV100738","C00091","2025-01-09 06:10:00","3","142.67","Spain"
"INV100739","C00104","2025-03-28 09:17:00","1","72.74","Netherlands"
"INV100740","C00020","2025-05-19 05:20:00","8","123.41","Belgium"
"INV100741","C00151","2026-02-01 05:49:00","6","69.76","Belgium"
"INV100742","C00486","2026-02-24 18:49:00","5","152.7","Germany"
"INV100743","C00412","2025-07-22 00:46:00","9","123.37","France"
"INV100744","C00412","2025-04-15 22:09:00","7","173.69","France"
"INV100745","C00461","2025-05-03 00:49:00","8","159","Italy"
"INV100746","C00225","2025-05-08 01:51:00","6","161.85","Netherlands"
"INV100747","C00213","2025-03-28 14:24:00","3","157.03","Netherlands"
"INV100748","C00148","2025-06-29 04:53:00","2","191.04","Germany"
"INV100749","C00345","2025-03-28 19:27:00","9","110.55","Germany"
"INV100750","C00405","2026-01-14 08:12:00","6","187.16","Portugal"
"INV100751","C00377","2026-01-22 04:28:00","5","35.17","United Kingdom"
"INV100752","C00293","2025-05-11 07:25:00","1","72.33","Belgium"
"INV100753","C00221","2025-09-29 02:58:00","2","156.41","Belgium"
"INV100754","C00122","2025-06-14 13:42:00","7","77.58","Netherlands"
"INV100755","C00168","2025-02-12 13:01:00","8","68.61","Italy"
"INV100756","C00193","2026-02-20 07:32:00","1","44.09","Belgium"
"INV100757","C00044","2025-05-04 03:59:00","2","58.41","Spain"
"INV100758","C00272","2025-05-10 23:01:00","6","189.34","Germany"
"INV100759","C00276","2025-06-06 23:18:00","9","141.7","Netherlands"
"INV100760","C00373","2025-04-18 15:26:00","5","132.88","Italy"
"INV100761","C00251","2025-04-16 01:48:00","9","140.84","Portugal"
"INV100762","C00432","2025-10-25 14:42:00","5","91.87","EIRE"
"INV100763","C00352","2025-05-13 16:33:00","3","25.32","Spain"
"INV100764","C00108","2025-05-26 22:31:00","5","68.02","United Kingdom"
"INV100765","C00272","2025-05-23 22:18:00","9","114.88","Spain"
"INV100766","C00257","2025-09-25 15:50:00","8","152.81","Spain"
"INV100767","C00338","2025-07-05 07:56:00","3","131.3","EIRE"
"INV100768","C00217","2025-06-29 20:41:00","1","104.01","Belgium"
"INV100769","C00356","2025-09-28 00:05:00","2","102.86","United Kingdom"
"INV100770","C00404","2025-06-08 20:22:00","7","76.26","France"
"INV100771","C00117","2026-02-27 23:09:00","9","58.26","Italy"
"INV100772","C00239","2025-05-20 03:26:00","3","135.55","Spain"
"INV100773","C00125","2025-02-17 08:19:00","7","88.78","Italy"
"INV100774","C00080","2026-03-26 10:17:00","5","168.22","Belgium"
"INV100775","C00053","2025-05-31 16:57:00","4","1.62","Germany"
"INV100776","C00034","2025-02-26 19:55:00","3","101.41","EIRE"
"INV100777","C00297","2025-04-30 14:46:00","8","78.27","Netherlands"
"INV100778","C00399","2026-02-02 02:38:00","5","159.32","United Kingdom"
"INV100779","C00435","2025-09-03 19:39:00","3","153.32","EIRE"
"INV100780","C00481","2025-12-31 03:28:00","6","69.17","Italy"
"INV100781","C00066","2025-03-14 03:11:00","1","184.55","Italy"
"INV100782","C00010","2025-08-18 04:44:00","7","37.29","EIRE"
"INV100783","C00237","2025-01-12 21:13:00","3","70.4","France"
"INV100784","C00332","2025-06-22 06:24:00","9","121.78","United Kingdom"
"INV100785","C00247","2025-06-04 16:14:00","4","73.63","EIRE"
"CINV100786","C00216","2025-06-05 17:08:00","6","113.64","Germany"
"INV100787","C00339","2025-07-29 00:23:00","8","158.26","Portugal"
"INV100788","C00281","2025-05-14 10:51:00","1","98.99","Netherlands"
"INV100789","C00156","2025-07-23 13:17:00","2","74.75","Portugal"
"INV100790","C00047","2025-08-21 01:38:00","8","59.96","Belgium"
"INV100791","C00281","2025-09-24 14:35:00","3","37.51","Spain"
"INV100792","C00144","2025-10-06 07:57:00","3","176.69","Portugal"
"INV100793","C00382","2026-01-18 14:30:00","9","32.81","United Kingdom"
"INV100794","C00441","2025-05-26 04:48:00","2","148.6","EIRE"
"INV100795","C00285","2025-08-15 12:04:00","3","176.64","EIRE"
"INV100796","C00478","2025-03-28 18:48:00","2","78.82","Germany"
"INV100797","C00103","2025-08-27 16:17:00","7","53.71","Spain"
"INV100798","C00068","2026-02-28 17:50:00","3","65.46","Spain"
"INV100799","C00105","2025-12-06 17:33:00","4","91.93","Germany"
"INV100800","C00270","2025-09-19 00:10:00","4","40.76","Belgium"
"INV100801","C00178","2025-12-28 23:33:00","6","116.04","France"
"INV100802","C00336","2025-10-14 11:41:00","7","53.78","Germany"
"INV100803","C00484","2025-04-03 17:02:00","4","13.02","Portugal"
"INV100804","C00310","2026-02-02 19:33:00","2","7.1","Netherlands"
"CINV100805","C00239","2025-03-29 05:31:00","7","42.89","Spain"
"INV100806","C00415","2025-07-26 14:38:00","2","56.36","Germany"
"INV100807","C00172","2025-05-27 23:52:00","4","127.57","United Kingdom"
"CINV100808","C00042","2026-02-23 07:51:00","3","50.98","EIRE"
"INV100809","C00464","2025-10-21 11:42:00","9","196.89","EIRE"
"INV100810","C00293","2025-06-04 13:36:00","2","44.12","Netherlands"
"INV100811","C00033","2025-01-22 18:23:00","3","187.8","Germany"
"INV100812","C00311","2025-03-04 16:41:00","6","71.83","Spain"
"INV100813","C00269","2025-07-28 12:31:00","4","137.93","Germany"
"INV100814","C00229","2026-02-27 22:35:00","9","171.18","Belgium"
"INV100815","C00322","2025-06-10 19:46:00","4","159.01","Portugal"
"INV100816","C00019","2025-08-16 12:17:00","1","86.61","Netherlands"
"INV100817","C00399","2025-11-04 00:22:00","3","194.92","Italy"
"INV100818","C00369","2026-01-23 10:56:00","6","84.4","Germany"
"INV100819","C00002","2025-02-11 21:20:00","1","43.4","Italy"
"INV100820","C00319","2025-01-05 17:39:00","7","143.33","Germany"
"INV100821","C00453","2025-02-02 09:03:00","6","115.51","Germany"
"INV100822","C00288","2025-10-29 04:03:00","6","38.06","France"
"INV100823","C00059","2026-03-19 07:10:00","5","156.83","Germany"
"INV100824","C00238","2025-03-05 16:47:00","6","40.2","United Kingdom"
"INV100825","C00052","2025-02-15 02:50:00","8","35.41","United Kingdom"
"INV100826","C00017","2025-04-07 14:49:00","4","85.37","Italy"
"INV100827","C00416","2025-11-15 19:48:00","7","151.93","Netherlands"
"INV100828","C00466","2025-02-16 23:54:00","7","24.73","Netherlands"
"INV100829","C00354","2025-11-17 22:19:00","5","160.84","France"
"INV100830","C00351","2026-03-08 17:14:00","1","72.2","United Kingdom"
"INV100831","C00036","2025-05-23 16:50:00","9","174.82","Portugal"
"INV100832","C00457","2025-07-17 13:23:00","1","91.95","Portugal"
"INV100833","C00051","2025-07-12 22:40:00","5","124.07","Belgium"
"INV100834","C00245","2025-04-16 14:26:00","3","194.44","EIRE"
"INV100835","C00054","2025-07-14 14:22:00","8","25.77","Netherlands"
"INV100836","C00263","2025-07-30 14:04:00","7","52.72","United Kingdom"
"INV100837","C00192","2025-02-07 08:12:00","3","93.28","United Kingdom"
"INV100838","C00124","2025-01-08 22:27:00","6","192.96","Italy"
"INV100839","C00318","2025-12-01 07:51:00","4","77.48","Spain"
"INV100840","C00394","2025-05-11 16:10:00","8","163.26","Portugal"
"INV100841","C00034","2026-02-08 16:46:00","1","157.12","Portugal"
"INV100842","C00338","2025-05-17 04:51:00","9","134.2","Netherlands"
"INV100843","C00210","2025-01-10 08:23:00","8","78.31","Portugal"
"INV100844","C00100","2026-03-25 11:58:00","5","96.71","Portugal"
"INV100845","C00253","2025-11-23 17:25:00","2","151.79","United Kingdom"
"INV100846","C00184","2025-06-13 00:45:00","6","37.31","Germany"
"INV100847","C00386","2025-11-09 15:56:00","2","52.28","Portugal"
"INV100848","C00442","2025-01-24 11:46:00","8","147.55","Germany"
"INV100849","C00060","2025-07-14 20:55:00","8","3.89","Netherlands"
"INV100850","C00047","2026-01-25 14:07:00","6","18.69","EIRE"
"INV100851","C00236","2025-07-31 10:45:00","5","145.11","EIRE"
"INV100852","C00083","2026-03-13 15:54:00","8","121.13","Netherlands"
"INV100853","C00383","2025-02-17 18:13:00","3","167.09","Portugal"
"INV100854","C00252","2025-05-27 14:35:00","1","120","EIRE"
"INV100855","C00334","2026-03-31 00:14:00","3","86.55","EIRE"
"INV100856","C00457","2025-12-21 15:26:00","3","46.78","Portugal"
"INV100857","C00031","2025-04-02 20:25:00","9","160.24","Italy"
"INV100858","C00191","2025-05-21 11:41:00","6","150.64","Spain"
"INV100859","C00225","2026-02-18 10:32:00","3","101.96","United Kingdom"
"INV100860","C00055","2025-11-26 14:44:00","6","85.56","Italy"
"INV100861","C00350","2025-06-01 17:29:00","6","172.46","Germany"
"INV100862","C00166","2025-05-17 18:06:00","6","14.11","EIRE"
"INV100863","C00485","2025-03-01 08:14:00","5","77.14","United Kingdom"
"INV100864","C00325","2026-02-11 18:46:00","7","40.73","Portugal"
"INV100865","C00050","2025-11-27 06:24:00","6","107.67","France"
"INV100866","C00485","2025-05-13 07:46:00","2","83.71","Netherlands"
"INV100867","C00070","2025-05-30 21:01:00","1","166.03","Portugal"
"INV100868","C00318","2025-03-28 18:58:00","6","119.8","Spain"
"INV100869","C00196","2026-03-01 21:54:00","5","149.35","Spain"
"INV100870","C00133","2025-04-24 20:12:00","3","133.9","Netherlands"
"INV100871","C00332","2025-06-16 20:25:00","6","69.88","Belgium"
"INV100872","C00472","2025-12-21 18:15:00","6","51.84","Netherlands"
"INV100873","C00252","2025-10-17 08:06:00","3","140.13","France"
"INV100874","C00451","2026-01-15 12:33:00","1","9.53","France"
"INV100875","C00475","2025-05-21 18:33:00","1","194.11","Portugal"
"INV100876","C00127","2025-05-07 12:10:00","9","36.34","France"
"INV100877","C00070","2025-08-23 00:13:00","1","57.46","EIRE"
"INV100878","C00180","2025-07-27 11:25:00","4","77.89","Portugal"
"INV100879","C00333","2025-12-25 20:20:00","3","3.06","Belgium"
"INV100880","C00415","2026-03-27 22:59:00","4","106.43","Spain"
"INV100881","C00318","2025-02-21 22:29:00","2","79.45","Belgium"
"INV100882","C00181","2025-12-24 13:44:00","3","87.66","France"
"INV100883","C00238","2025-01-24 20:32:00","1","7.45","Italy"
"INV100884","C00163","2025-11-26 03:17:00","5","104.82","EIRE"
"INV100885","C00069","2025-05-22 13:42:00","4","105.61","France"
"INV100886","C00245","2025-07-21 08:11:00","6","189.63","Italy"
"INV100887","C00290","2025-08-24 20:36:00","2","119.39","United Kingdom"
"INV100888","C00332","2025-11-09 12:55:00","8","31.27","Spain"
"INV100889","C00212","2025-02-02 10:11:00","7","176.26","Spain"
"INV100890","C00058","2025-03-31 05:37:00","3","139.41","Portugal"
"INV100891","C00311","2025-12-07 07:13:00","9","153.41","Belgium"
"INV100892","C00278","2025-06-05 04:53:00","5","142.56","Germany"
"INV100893","C00229","2025-11-15 04:03:00","9","115.67","Portugal"
"INV100894","C00285","2025-04-08 17:00:00","2","108.48","Belgium"
"INV100895","C00368","2025-08-26 05:10:00","1","133.13","Belgium"
"INV100896","C00413","2026-03-13 11:15:00","4","122.86","EIRE"
"INV100897","C00084","2025-04-13 21:09:00","9","34.11","Belgium"
"INV100898","C00469","2025-05-02 10:00:00","9","72.09","Germany"
"INV100899","C00077","2025-02-12 19:21:00","1","177.66","Italy"
"INV100900","C00172","2025-08-18 12:22:00","1","66.87","Italy"
"INV100901","C00181","2025-09-01 07:45:00","6","5.34","Germany"
"INV100902","C00124","2026-01-21 06:53:00","9","26.91","Spain"
"INV100903","C00246","2025-05-30 00:06:00","2","152.56","Italy"
"INV100904","C00428","2025-09-04 18:31:00","8","46.85","Portugal"
"INV100905","C00467","2025-07-29 23:11:00","8","68.47","United Kingdom"
"INV100906","C00387","2025-01-06 04:45:00","9","12.49","Netherlands"
"INV100907","C00288","2025-05-30 08:52:00","1","145.33","EIRE"
"INV100908","C00239","2026-01-21 18:00:00","4","111.73","Germany"
"INV100909","C00099","2025-09-02 15:22:00","4","35.79","Portugal"
"INV100910","C00022","2026-03-15 04:47:00","3","160.32","EIRE"
"INV100911","C00269","2025-01-01 09:22:00","1","30.1","United Kingdom"
"INV100912","C00131","2025-02-25 07:32:00","6","57.51","EIRE"
"INV100913","C00022","2025-11-30 08:37:00","9","100.21","France"
"INV100914","C00283","2025-10-08 18:17:00","6","183.57","EIRE"
"INV100915","C00064","2025-02-10 15:49:00","1","31.28","Belgium"
"INV100916","C00275","2025-11-14 01:45:00","2","62.9","Germany"
"INV100917","C00418","2025-05-14 19:27:00","3","193.78","United Kingdom"
"INV100918","C00324","2025-01-01 08:32:00","3","97.54","Italy"
"INV100919","C00446","2025-09-09 16:37:00","5","187.14","EIRE"
"INV100920","C00306","2026-02-24 14:02:00","9","79.48","Netherlands"
"INV100921","C00243","2025-12-09 22:53:00","8","152.87","France"
"INV100922","C00448","2025-04-28 12:01:00","9","139.05","France"
"INV100923","C00188","2025-07-24 17:19:00","4","25.81","Netherlands"
"INV100924","C00434","2025-07-02 01:04:00","4","128.56","Italy"
"INV100925","C00407","2025-04-27 16:07:00","2","129.75","Netherlands"
"INV100926","C00286","2025-02-20 21:24:00","9","13.45","Germany"
"INV100927","C00433","2025-10-06 04:09:00","8","112.79","United Kingdom"
"INV100928","C00105","2025-11-11 04:38:00","5","43.36","Portugal"
"INV100929","C00224","2026-01-09 05:14:00","9","73.22","Portugal"
"INV100930","C00286","2025-04-16 20:17:00","8","178.7","France"
"INV100931","C00390","2025-10-02 09:17:00","4","110.54","Germany"
"INV100932","C00239","2025-04-18 00:43:00","8","132.17","Italy"
"INV100933","C00312","2025-02-07 21:57:00","5","136.63","Portugal"
"INV100934","C00018","2025-08-23 00:58:00","2","10.29","EIRE"
"INV100935","C00313","2025-12-19 19:02:00","6","88.32","Netherlands"
"INV100936","C00428","2025-01-26 06:15:00","9","84.21","United Kingdom"
"INV100937","C00027","2025-04-14 06:37:00","6","12.85","EIRE"
"INV100938","C00116","2026-03-29 05:32:00","8","7.37","France"
"INV100939","C00165","2025-10-02 19:09:00","6","79.72","Germany"
"INV100940","C00152","2025-07-29 15:06:00","7","186","Germany"
"INV100941","C00022","2025-01-10 12:44:00","4","142.6","France"
"INV100942","C00032","2025-12-08 16:30:00","1","40.34","Italy"
"INV100943","C00224","2025-08-27 12:08:00","1","192.42","Netherlands"
"INV100944","C00343","2025-06-24 05:02:00","3","128.08","United Kingdom"
"CINV100945","C00211","2025-04-06 09:31:00","1","117.07","France"
"INV100946","C00139","2025-08-26 19:45:00","8","43.5","Italy"
"INV100947","C00092","2025-12-23 23:18:00","4","195.72","EIRE"
"INV100948","C00094","2025-03-29 10:49:00","4","84.74","EIRE"
"INV100949","C00167","2025-09-09 13:50:00","9","79.34","Portugal"
"INV100950","C00227","2025-11-21 17:34:00","5","101.42","Netherlands"
"INV100951","C00407","2025-07-12 11:54:00","5","112.18","Germany"
"INV100952","C00368","2025-03-27 14:10:00","9","135.51","Spain"
"INV100953","C00148","2026-01-25 19:12:00","6","84.31","Germany"
"INV100954","C00158","2025-10-04 20:18:00","3","179.1","Belgium"
"INV100955","C00471","2025-04-29 07:21:00","8","22.81","EIRE"
"INV100956","C00014","2025-06-02 22:18:00","9","62.32","EIRE"
"INV100957","C00095","2025-09-10 20:41:00","6","4.68","Netherlands"
"INV100958","C00195","2025-09-18 07:34:00","5","73.11","Germany"
"INV100959","C00199","2025-06-24 05:58:00","9","158.25","EIRE"
"INV100960","C00300","2025-11-03 17:57:00","2","94.9","Germany"
"INV100961","C00414","2025-10-18 05:39:00","4","198.4","Italy"
"INV100962","C00395","2026-02-06 10:23:00","7","134.78","United Kingdom"
"INV100963","C00128","2025-05-04 14:53:00","7","189.4","Portugal"
"INV100964","C00452","2025-06-09 17:32:00","4","177.12","United Kingdom"
"INV100965","C00197","2025-11-28 07:29:00","5","158.93","Portugal"
"INV100966","C00308","2026-03-01 01:29:00","8","42.91","France"
"INV100967","C00128","2025-11-30 00:28:00","9","117.07","Italy"
"INV100968","C00169","2025-12-11 14:11:00","9","184.68","Spain"
"INV100969","C00403","2025-09-11 18:26:00","2","49.43","Italy"
"INV100970","C00323","2025-11-20 17:35:00","2","85.92","United Kingdom"
"INV100971","C00383","2025-11-11 02:32:00","1","95.06","United Kingdom"
"INV100972","C00044","2025-06-23 05:44:00","6","154.89","EIRE"
"INV100973","C00307","2025-08-09 20:10:00","2","112.28","France"
"INV100974","C00095","2025-07-16 02:01:00","8","77","Netherlands"
"INV100975","C00086","2025-05-26 23:42:00","2","86.37","Spain"
"INV100976","C00459","2026-01-06 10:43:00","3","107.34","Spain"
"INV100977","C00247","2026-02-05 00:03:00","1","45.35","Portugal"
"INV100978","C00320","2026-01-31 21:11:00","9","191.96","United Kingdom"
"INV100979","C00191","2025-11-17 16:21:00","1","152.44","EIRE"
"INV100980","C00172","2025-12-15 12:06:00","1","46.39","Netherlands"
"INV100981","C00196","2025-11-10 16:27:00","6","107.03","United Kingdom"
"INV100982","C00454","2025-04-29 12:33:00","5","46.71","Spain"
"INV100983","C00294","2025-10-13 17:23:00","1","186.13","Germany"
"INV100984","C00435","2025-01-17 19:10:00","6","178.44","Germany"
"INV100985","C00468","2025-11-20 08:53:00","6","32.28","Spain"
"INV100986","C00494","2025-05-16 12:14:00","5","146.62","Netherlands"
"INV100987","C00220","2025-09-15 17:12:00","3","180.84","Belgium"
"INV100988","C00218","2026-02-10 21:30:00","7","181.88","Germany"
"INV100989","C00192","2026-02-22 11:19:00","5","130.3","Netherlands"
"INV100990","C00476","2025-10-31 13:28:00","4","61.89","Italy"
"INV100991","C00450","2025-08-21 09:00:00","3","176.79","Italy"
"INV100992","C00470","2025-08-29 02:41:00","1","122.66","Germany"
"INV100993","C00031","2025-09-12 11:00:00","5","3.1","Portugal"
"INV100994","C00208","2025-05-14 19:31:00","3","43.44","France"
"INV100995","C00466","2025-04-06 03:27:00","6","176.28","Portugal"
"INV100996","C00115","2025-11-02 02:58:00","4","109.39","Belgium"
"INV100997","C00137","2025-03-05 13:53:00","8","5.67","Germany"
"INV100998","C00237","2025-03-28 08:55:00","9","196.26","Germany"
"INV100999","C00398","2025-07-13 13:25:00","7","144.52","Netherlands"
"INV101000","C00324","2025-05-18 15:53:00","8","39.59","Netherlands"
"INV101001","C00478","2025-06-11 10:42:00","2","195.44","United Kingdom"
"INV101002","C00304","2025-06-15 22:05:00","9","122.41","Italy"
"INV101003","C00041","2025-08-31 07:10:00","8","144.16","Portugal"
"INV101004","C00163","2026-02-13 14:26:00","8","57.13","Portugal"
"INV101005","C00330","2025-10-04 18:04:00","5","194.91","Portugal"
"INV101006","C00212","2025-04-23 01:38:00","8","68.53","Spain"
"INV101007","C00333","2025-01-21 19:24:00","2","90.01","Portugal"
"INV101008","C00297","2025-05-06 20:37:00","7","87.41","Netherlands"
"INV101009","C00167","2025-03-08 00:14:00","9","17.42","EIRE"
"INV101010","C00177","2026-02-04 02:34:00","6","144.28","Netherlands"
"INV101011","C00455","2025-01-30 10:49:00","7","163.07","Belgium"
"INV101012","C00337","2025-08-31 09:36:00","2","152.79","United Kingdom"
"INV101013","C00232","2025-12-08 14:50:00","3","33.78","Italy"
"INV101014","C00439","2026-03-07 15:25:00","3","188.49","EIRE"
"INV101015","C00427","2025-03-24 13:19:00","9","194.15","EIRE"
"INV101016","C00026","2026-01-15 23:46:00","4","178.41","Spain"
"INV101017","C00036","2025-10-28 10:27:00","9","9.02","Netherlands"
"INV101018","C00073","2025-12-12 11:32:00","1","13.52","Belgium"
"INV101019","C00128","2025-05-04 07:07:00","5","181.7","Netherlands"
"INV101020","C00461","2025-02-19 18:52:00","8","46.42","EIRE"
"INV101021","C00347","2025-04-04 19:24:00","5","156.34","EIRE"
"INV101022","C00147","2025-09-28 07:48:00","5","6.16","France"
"INV101023","C00256","2025-08-04 07:48:00","2","152.72","Netherlands"
"INV101024","C00237","2026-02-03 08:03:00","8","64.47","France"
"INV101025","C00367","2025-10-07 18:15:00","3","102.49","EIRE"
"INV101026","C00333","2025-06-28 06:58:00","3","16.01","Netherlands"
"INV101027","C00259","2025-06-08 22:29:00","2","23.11","France"
"INV101028","C00294","2025-03-09 14:17:00","4","52.3","Netherlands"
"INV101029","C00058","2025-09-09 16:33:00","3","185.14","Portugal"
"INV101030","C00446","2025-11-02 03:37:00","3","70.6","Spain"
"INV101031","C00450","2025-12-08 13:52:00","6","6.62","Portugal"
"INV101032","C00416","2025-04-15 01:47:00","8","54.24","EIRE"
"INV101033","C00301","2025-11-22 14:06:00","8","100.58","Spain"
"INV101034","C00295","2026-01-25 09:12:00","2","155.14","France"
"INV101035","C00327","2025-04-08 13:43:00","7","174.47","France"
"INV101036","C00255","2025-09-28 08:38:00","9","20.22","France"
"INV101037","C00412","2026-01-01 02:39:00","4","37.15","United Kingdom"
"CINV101038","C00104","2025-06-28 11:55:00","9","54.25","Belgium"
"INV101039","C00129","2025-09-19 15:05:00","6","191.75","Netherlands"
"INV101040","C00148","2025-08-24 15:11:00","5","153.26","Spain"
"INV101041","C00390","2026-02-26 05:26:00","9","171.63","Belgium"
"INV101042","C00139","2025-06-24 16:56:00","7","61.57","United Kingdom"
"INV101043","C00461","2026-02-12 23:29:00","2","188.58","Netherlands"
"INV101044","C00281","2026-01-02 00:12:00","5","91.26","Netherlands"
"INV101045","C00057","2025-10-19 19:29:00","8","144.3","France"
"INV101046","C00108","2026-02-24 12:15:00","8","81.54","United Kingdom"
"INV101047","C00235","2025-02-28 17:59:00","7","144.01","Netherlands"
"INV101048","C00314","2025-10-25 14:28:00","1","24.87","Netherlands"
"INV101049","C00019","2025-12-13 18:29:00","4","195.76","Spain"
"INV101050","C00125","2026-01-14 12:33:00","6","16.76","Germany"
"INV101051","C00358","2025-05-09 22:57:00","1","131.51","Netherlands"
"INV101052","C00446","2025-03-19 11:28:00","3","132.08","Netherlands"
"INV101053","C00306","2025-08-09 18:02:00","4","188.83","Italy"
"INV101054","C00292","2026-02-15 06:28:00","5","180.64","Netherlands"
"INV101055","C00380","2025-11-15 08:17:00","1","44.13","Belgium"
"INV101056","C00132","2025-10-22 18:47:00","8","144.52","United Kingdom"
"INV101057","C00395","2026-03-12 12:13:00","2","10.47","France"
"INV101058","C00243","2025-06-10 02:49:00","3","5.68","Belgium"
"INV101059","C00074","2025-05-04 07:36:00","4","196.64","United Kingdom"
"INV101060","C00079","2026-01-15 22:24:00","9","143.97","France"
"INV101061","C00171","2025-05-31 16:44:00","3","137.8","Germany"
"INV101062","C00354","2026-03-16 22:23:00","1","142.19","EIRE"
"INV101063","C00130","2026-01-23 03:33:00","8","85.59","EIRE"
"INV101064","C00105","2025-09-28 17:40:00","9","42.47","France"
"INV101065","C00255","2025-12-22 15:35:00","4","76.08","United Kingdom"
"INV101066","C00208","2025-10-12 20:08:00","7","171.66","France"
"INV101067","C00210","2026-03-14 12:31:00","5","186.22","Portugal"
"INV101068","C00360","2025-05-13 15:12:00","6","79.3","United Kingdom"
"INV101069","C00374","2026-03-05 12:17:00","6","103.54","Belgium"
"CINV101070","C00319","2025-05-16 02:43:00","2","104.71","Spain"
"INV101071","C00047","2025-09-30 09:19:00","2","169.54","France"
"INV101072","C00198","2025-08-24 15:15:00","5","29.25","Netherlands"
"INV101073","C00432","2025-02-05 13:07:00","1","58.73","Netherlands"
"INV101074","C00172","2025-01-28 21:17:00","7","167.89","Italy"
"INV101075","C00323","2025-05-13 19:32:00","7","109.32","EIRE"
"INV101076","C00227","2025-06-29 07:51:00","3","98.84","Netherlands"
"INV101077","C00044","2025-12-17 15:46:00","5","48.99","Netherlands"
"INV101078","C00054","2025-05-11 14:15:00","8","153.74","Italy"
"INV101079","C00442","2025-05-21 20:36:00","7","107.65","Germany"
"INV101080","C00173","2025-07-14 10:04:00","3","58.65","Portugal"
"INV101081","C00306","2025-12-22 06:33:00","5","168.33","United Kingdom"
"INV101082","C00445","2025-01-01 21:09:00","9","14.57","EIRE"
"INV101083","C00181","2025-08-20 08:56:00","2","198.98","Belgium"
"INV101084","C00266","2025-09-17 13:33:00","9","97.62","France"
"INV101085","C00038","2025-10-12 01:33:00","3","101.4","Portugal"
"INV101086","C00337","2026-01-21 21:27:00","9","40.14","United Kingdom"
"INV101087","C00465","2025-10-12 06:30:00","5","50.11","Netherlands"
"INV101088","C00458","2025-10-22 13:58:00","3","53","Belgium"
"INV101089","C00347","2025-03-14 17:17:00","4","67.22","France"
"INV101090","C00291","2025-10-09 02:50:00","9","158.14","Belgium"
"INV101091","C00079","2025-08-16 02:27:00","7","45.88","United Kingdom"
"INV101092","C00091","2025-01-02 20:43:00","1","62.06","Belgium"
"INV101093","C00481","2025-10-09 18:31:00","6","68.81","Netherlands"
"INV101094","C00451","2025-06-02 17:35:00","2","40.21","Spain"
"INV101095","C00249","2025-03-07 02:15:00","3","199.42","Belgium"
"INV101096","C00050","2026-03-23 22:33:00","6","6.37","EIRE"
"INV101097","C00249","2025-05-03 09:00:00","4","38.32","Portugal"
"INV101098","C00311","2025-06-16 06:32:00","6","105.69","Portugal"
"INV101099","C00169","2025-08-20 10:35:00","6","150.73","Italy"
"CINV101100","C00257","2025-09-15 11:27:00","2","117.41","France"
"INV101101","C00376","2026-02-22 05:20:00","9","5.08","EIRE"
"INV101102","C00366","2026-02-18 14:16:00","4","90.87","EIRE"
"INV101103","C00250","2025-07-29 00:31:00","8","163.07","Portugal"
"INV101104","C00478","2026-02-22 04:31:00","5","47.76","United Kingdom"
"INV101105","C00282","2025-06-02 15:02:00","8","70","France"
"INV101106","C00072","2025-02-24 10:52:00","4","33.42","Italy"
"INV101107","C00258","2026-02-07 12:38:00","5","95.12","Netherlands"
"INV101108","C00308","2025-01-16 11:05:00","4","170.42","Portugal"
"INV101109","C00142","2025-07-13 03:16:00","3","100.26","Spain"
"INV101110","C00061","2025-01-28 09:17:00","3","131.98","Portugal"
"INV101111","C00290","2026-01-01 02:06:00","8","184.5","EIRE"
"INV101112","C00090","2025-01-09 02:08:00","3","75.26","Belgium"
"INV101113","C00476","2025-11-29 21:29:00","2","149.31","France"
"INV101114","C00272","2025-09-03 20:12:00","2","196.79","Germany"
"INV101115","C00469","2025-06-10 10:14:00","1","89.27","Belgium"
"INV101116","C00373","2025-02-27 10:48:00","3","65.15","United Kingdom"
"INV101117","C00177","2025-09-16 14:30:00","4","54.7","Germany"
"INV101118","C00164","2025-09-29 19:55:00","3","190.56","Portugal"
"INV101119","C00224","2025-05-13 05:26:00","9","125.26","EIRE"
"INV101120","C00423","2025-04-14 10:38:00","1","52.59","EIRE"
"INV101121","C00069","2025-10-07 03:12:00","9","26.46","Netherlands"
"INV101122","C00317","2025-02-07 08:01:00","4","153.05","Italy"
"INV101123","C00393","2025-03-06 12:11:00","7","58.65","Belgium"
"CINV101124","C00389","2025-02-09 17:56:00","2","54.07","United Kingdom"
"INV101125","C00406","2025-03-01 09:54:00","8","76.24","Belgium"
"INV101126","C00223","2025-04-26 00:09:00","2","69.47","Italy"
"INV101127","C00100","2025-08-07 22:27:00","1","196.9","Germany"
"INV101128","C00122","2025-05-30 22:45:00","8","75.35","United Kingdom"
"INV101129","C00221","2025-11-23 04:46:00","6","144.9","EIRE"
"INV101130","C00297","2025-06-06 03:18:00","7","130.27","United Kingdom"
"INV101131","C00086","2025-01-05 05:02:00","8","176.69","Belgium"
"INV101132","C00227","2025-06-26 01:31:00","8","94.51","United Kingdom"
"INV101133","C00384","2025-01-15 08:59:00","5","20.77","Netherlands"
"INV101134","C00321","2025-03-10 07:23:00","8","111.26","Germany"
"INV101135","C00436","2025-11-24 19:08:00","3","106.59","Belgium"
"INV101136","C00468","2026-02-28 09:35:00","6","11.94","France"
"INV101137","C00094","2026-03-04 17:35:00","1","85.64","Portugal"
"INV101138","C00378","2025-08-21 13:07:00","5","115.96","Netherlands"
"INV101139","C00099","2025-03-04 07:12:00","4","105.83","Netherlands"
"INV101140","C00206","2025-02-13 06:30:00","4","29.37","Germany"
"INV101141","C00093","2025-10-16 04:10:00","6","108.89","Spain"
"INV101142","C00435","2025-07-29 01:33:00","6","63.33","France"
"INV101143","C00021","2025-11-30 13:55:00","2","17.22","United Kingdom"
"INV101144","C00337","2025-08-20 03:28:00","1","141.44","Netherlands"
"INV101145","C00192","2026-02-27 13:05:00","5","58.64","United Kingdom"
"INV101146","C00328","2026-03-20 00:21:00","2","30.13","Germany"
"INV101147","C00025","2025-11-15 13:32:00","9","116.75","Netherlands"
"INV101148","C00277","2025-05-27 02:53:00","7","160.92","Netherlands"
"INV101149","C00022","2025-06-20 02:36:00","1","15.06","United Kingdom"
"INV101150","C00192","2025-06-16 18:34:00","1","33.85","EIRE"
"CINV101151","C00020","2026-03-22 05:06:00","1","166.32","Spain"
"INV101152","C00188","2025-04-10 15:28:00","5","10.55","EIRE"
"INV101153","C00127","2025-07-26 10:17:00","7","46.26","Netherlands"
"INV101154","C00122","2025-08-25 19:04:00","6","157.16","France"
"INV101155","C00333","2025-04-14 19:59:00","6","195.73","Belgium"
"INV101156","C00258","2026-02-02 14:14:00","6","112.2","France"
"CINV101157","C00222","2026-02-09 03:22:00","9","3.18","Italy"
"INV101158","C00236","2025-09-19 02:50:00","9","6.14","Netherlands"
"INV101159","C00331","2026-03-31 19:12:00","2","186.39","Spain"
"INV101160","C00199","2025-05-12 06:55:00","9","60.22","Portugal"
"INV101161","C00356","2025-11-29 01:09:00","1","197.18","France"
"INV101162","C00136","2025-05-30 23:51:00","6","61.77","Germany"
"INV101163","C00036","2025-04-01 10:21:00","5","41.54","France"
"INV101164","C00143","2025-06-20 18:54:00","8","137.72","Belgium"
"INV101165","C00027","2025-12-16 10:44:00","7","91.4","France"
"INV101166","C00412","2025-03-01 20:36:00","1","70.25","Spain"
"INV101167","C00373","2025-05-08 01:05:00","2","37.41","United Kingdom"
"INV101168","C00403","2026-03-01 03:27:00","8","117.94","Germany"
"INV101169","C00476","2025-01-23 13:23:00","7","187.82","Spain"
"INV101170","C00447","2025-11-15 01:30:00","4","31.98","France"
"INV101171","C00388","2026-03-04 23:04:00","3","128.05","Belgium"
"INV101172","C00075","2025-03-23 22:39:00","1","178.61","Spain"
"INV101173","C00190","2026-02-07 07:06:00","9","138.84","Germany"
"INV101174","C00355","2025-12-05 08:15:00","6","22.88","Portugal"
"INV101175","C00096","2026-01-28 22:14:00","6","187.27","EIRE"
"INV101176","C00455","2025-10-20 09:37:00","2","11.4","Belgium"
"CINV101177","C00380","2025-02-27 20:03:00","9","159.98","Belgium"
"INV101178","C00377","2025-08-01 09:00:00","6","45.29","United Kingdom"
"INV101179","C00098","2025-08-22 04:23:00","1","138.93","United Kingdom"
"INV101180","C00047","2025-10-21 20:54:00","2","64.28","Italy"
"INV101181","C00134","2025-10-20 01:47:00","1","120.98","Netherlands"
"CINV101182","C00292","2026-03-14 18:45:00","5","138.41","France"
"INV101183","C00407","2025-10-22 12:45:00","4","182.57","France"
"INV101184","C00400","2025-09-30 09:10:00","5","150.2","United Kingdom"
"CINV101185","C00463","2025-08-10 09:23:00","9","8.34","Portugal"
"INV101186","C00117","2025-05-25 10:10:00","8","51.81","France"
"CINV101187","C00334","2025-07-18 22:44:00","7","13.47","Germany"
"INV101188","C00140","2025-02-23 21:37:00","9","94.42","Belgium"
"INV101189","C00243","2025-02-14 17:20:00","1","168.4","Germany"
"INV101190","C00489","2025-11-28 10:44:00","6","156.03","France"
"INV101191","C00455","2026-03-29 01:40:00","7","115.82","France"
"INV101192","C00136","2025-04-12 06:11:00","8","178.37","France"
"INV101193","C00402","2025-11-19 01:42:00","3","42.99","Germany"
"INV101194","C00174","2025-10-21 10:53:00","1","191.61","France"
"CINV101195","C00232","2025-03-18 00:52:00","3","119.22","EIRE"
"INV101196","C00453","2026-01-26 19:07:00","1","195.22","Germany"
"INV101197","C00304","2025-02-16 01:02:00","4","30.55","Spain"
"INV101198","C00196","2025-01-23 12:42:00","7","67.67","EIRE"
"INV101199","C00044","2025-06-12 08:12:00","7","95.89","United Kingdom"
"INV101200","C00381","2026-02-24 18:19:00","5","3.62","Netherlands"
"INV101201","C00221","2025-09-21 02:18:00","8","61.69","Germany"
"INV101202","C00256","2025-05-21 15:28:00","3","154.3","Belgium"
"INV101203","C00268","2025-02-17 12:04:00","2","40.25","Portugal"
"INV101204","C00196","2025-04-02 10:08:00","1","168.18","France"
"INV101205","C00461","2025-10-24 14:29:00","4","120.39","Spain"
"INV101206","C00339","2025-06-25 14:03:00","2","50.73","Italy"
"INV101207","C00031","2026-01-09 11:55:00","2","66.51","United Kingdom"
"INV101208","C00410","2025-07-20 15:22:00","2","141.27","United Kingdom"
"CINV101209","C00270","2025-06-21 06:13:00","1","3.56","EIRE"
"INV101210","C00356","2026-01-26 22:58:00","8","177.84","United Kingdom"
"INV101211","C00468","2026-01-06 22:59:00","2","155.77","Belgium"
"INV101212","C00143","2026-03-19 07:39:00","5","49.5","EIRE"
"INV101213","C00330","2025-11-02 12:45:00","7","194.96","Italy"
"INV101214","C00104","2025-05-09 18:08:00","5","88.42","Germany"
"INV101215","C00029","2025-05-16 18:58:00","7","50.28","United Kingdom"
"INV101216","C00404","2025-06-12 07:46:00","5","60.58","Spain"
"INV101217","C00083","2025-06-06 00:44:00","7","104.37","Belgium"
"INV101218","C00271","2026-03-13 18:22:00","7","130.54","Spain"
"INV101219","C00089","2025-06-15 20:26:00","6","46.9","Netherlands"
"INV101220","C00340","2025-10-19 03:22:00","1","38.12","United Kingdom"
"INV101221","C00171","2025-09-13 23:10:00","4","131.12","Italy"
"INV101222","C00242","2025-05-22 15:41:00","7","115.54","Portugal"
"INV101223","C00408","2026-02-16 13:50:00","6","188.08","Portugal"
"INV101224","C00250","2025-02-24 14:25:00","5","6.87","France"
"INV101225","C00017","2025-04-26 17:44:00","4","49.41","Netherlands"
"INV101226","C00225","2026-03-14 20:30:00","2","54.04","Spain"
"INV101227","C00443","2025-04-10 16:36:00","5","144.45","Germany"
"INV101228","C00279","2025-12-02 06:56:00","2","171.59","France"
"INV101229","C00107","2025-08-11 17:12:00","5","120.06","Portugal"
"INV101230","C00317","2025-04-03 17:54:00","1","167.38","United Kingdom"
"INV101231","C00111","2025-09-16 18:17:00","9","42.45","Italy"
"INV101232","C00369","2025-03-02 13:18:00","5","152.62","United Kingdom"
"INV101233","C00349","2025-05-04 04:47:00","2","171.55","France"
"INV101234","C00150","2025-02-03 02:53:00","3","189.19","Spain"
"INV101235","C00200","2025-11-03 10:19:00","6","61.87","EIRE"
"CINV101236","C00066","2025-11-14 11:36:00","2","189.8","EIRE"
"INV101237","C00433","2025-03-29 07:22:00","3","125.18","Germany"
"INV101238","C00070","2025-12-09 00:34:00","8","126.15","Portugal"
"CINV101239","C00340","2025-02-17 06:58:00","4","54.91","Netherlands"
"INV101240","C00173","2025-06-22 17:07:00","7","190.05","France"
"INV101241","C00101","2025-09-15 15:35:00","9","21.92","Italy"
"INV101242","C00153","2025-11-01 18:18:00","7","156.71","Germany"
"CINV101243","C00053","2025-10-15 17:28:00","8","34.37","United Kingdom"
"CINV101244","C00047","2025-08-18 12:58:00","5","75.12","Portugal"
"INV101245","C00244","2025-12-04 22:42:00","4","196.36","EIRE"
"INV101246","C00319","2025-04-11 19:38:00","2","71.2","Belgium"
"INV101247","C00449","2025-03-16 16:26:00","4","164.72","Germany"
"INV101248","C00478","2025-05-29 15:15:00","2","91.22","Belgium"
"INV101249","C00165","2026-03-06 00:30:00","4","89.62","Portugal"
"INV101250","C00115","2025-05-12 11:37:00","3","40.8","EIRE"
"INV101251","C00181","2025-12-20 03:03:00","8","127.72","Germany"
"INV101252","C00391","2025-05-06 11:42:00","8","158.04","United Kingdom"
"INV101253","C00125","2025-01-30 16:10:00","6","5.65","United Kingdom"
"INV101254","C00268","2026-03-08 07:45:00","2","25.11","Netherlands"
"INV101255","C00480","2026-02-01 19:41:00","8","151.31","Netherlands"
"INV101256","C00425","2025-02-03 23:10:00","3","196.2","France"
"INV101257","C00116","2025-08-16 14:03:00","6","187.87","Belgium"
"INV101258","C00436","2025-08-19 18:16:00","5","75.7","Italy"
"INV101259","C00473","2025-10-29 01:47:00","4","38.23","Portugal"
"INV101260","C00133","2026-01-18 19:46:00","6","75.31","Netherlands"
"INV101261","C00209","2026-02-10 10:03:00","1","70.26","Italy"
"INV101262","C00318","2025-10-25 15:38:00","6","20.93","Netherlands"
"INV101263","C00495","2025-12-16 15:39:00","3","39.09","EIRE"
"INV101264","C00225","2025-03-09 08:57:00","9","103.97","Belgium"
"INV101265","C00132","2026-03-07 10:28:00","6","108.63","Netherlands"
"INV101266","C00405","2025-09-23 11:54:00","9","38.51","Portugal"
"INV101267","C00368","2025-12-25 10:03:00","2","105.6","France"
"INV101268","C00427","2025-07-25 15:18:00","6","74.76","Portugal"
"INV101269","C00498","2025-03-02 07:21:00","2","166.27","Netherlands"
"INV101270","C00254","2025-10-05 11:09:00","4","74.59","Germany"
"INV101271","C00296","2025-03-12 17:43:00","9","34.5","Spain"
"INV101272","C00030","2025-08-13 08:58:00","1","110.18","Italy"
"INV101273","C00446","2026-01-21 13:55:00","1","29.55","Spain"
"INV101274","C00003","2025-10-24 21:05:00","3","175.51","United Kingdom"
"INV101275","C00120","2025-05-15 10:26:00","5","4.95","Netherlands"
"INV101276","C00231","2026-03-29 14:54:00","6","120.24","Belgium"
"INV101277","C00485","2025-12-07 12:10:00","5","57.99","Spain"
"INV101278","C00265","2025-11-08 22:12:00","1","70.68","United Kingdom"
"INV101279","C00328","2026-01-10 13:09:00","5","98.56","Netherlands"
"INV101280","C00465","2025-09-27 18:32:00","9","142.37","United Kingdom"
"INV101281","C00364","2025-06-08 06:31:00","1","115.18","United Kingdom"
"INV101282","C00438","2026-01-04 11:12:00","3","120.66","Portugal"
"INV101283","C00332","2025-10-09 06:52:00","3","73.79","France"
"INV101284","C00451","2026-02-17 07:47:00","5","96.32","Germany"
"INV101285","C00038","2025-03-03 20:31:00","9","79.2","France"
"INV101286","C00345","2025-03-07 01:38:00","2","126.96","Italy"
"INV101287","C00325","2025-06-17 08:52:00","7","7.47","Belgium"
"INV101288","C00338","2025-02-10 15:02:00","5","125.82","Italy"
"INV101289","C00401","2026-03-31 00:08:00","1","111.93","United Kingdom"
"INV101290","C00425","2025-09-08 01:30:00","8","128.59","France"
"INV101291","C00286","2025-10-09 02:22:00","2","116.11","United Kingdom"
"INV101292","C00493","2025-10-05 09:49:00","4","153.99","Spain"
"INV101293","C00066","2025-03-28 00:45:00","4","106.62","United Kingdom"
"INV101294","C00419","2026-02-05 13:12:00","1","2.2","France"
"INV101295","C00384","2025-03-16 03:34:00","2","74.99","France"
"INV101296","C00072","2025-04-20 06:13:00","2","183.08","United Kingdom"
"INV101297","C00008","2025-03-27 19:16:00","3","75.21","Belgium"
"INV101298","C00479","2026-02-28 23:59:00","8","158.1","EIRE"
"INV101299","C00451","2025-06-03 13:12:00","6","96.78","Portugal"
"INV101300","C00451","2025-10-13 20:07:00","9","84.35","Spain"
"INV101301","C00447","2025-05-27 20:45:00","1","97.21","Germany"
"INV101302","C00179","2025-03-11 23:11:00","6","31.33","Belgium"
"INV101303","C00143","2025-12-07 15:42:00","7","165.63","United Kingdom"
"INV101304","C00124","2025-10-11 00:26:00","9","51.51","Netherlands"
"INV101305","C00428","2025-02-26 11:58:00","8","89.1","Portugal"
"INV101306","C00319","2025-04-27 16:12:00","9","67.42","Italy"
"INV101307","C00259","2026-02-07 22:26:00","5","73.45","France"
"INV101308","C00066","2025-08-23 12:48:00","3","133.99","France"
"INV101309","C00490","2025-09-14 10:54:00","5","23.7","Italy"
"INV101310","C00222","2025-05-09 00:13:00","6","46.92","Spain"
"INV101311","C00484","2025-09-17 23:25:00","7","80.43","Italy"
"INV101312","C00287","2025-05-05 19:25:00","4","189.11","Portugal"
"INV101313","C00203","2025-01-17 16:58:00","8","125.52","Netherlands"
"INV101314","C00405","2026-01-20 17:22:00","1","17.43","Belgium"
"CINV101315","C00484","2025-09-28 19:53:00","9","127.36","Spain"
"INV101316","C00465","2025-02-07 12:08:00","1","41.51","Italy"
"INV101317","C00134","2025-03-04 12:26:00","4","141.67","Germany"
"INV101318","C00324","2025-09-27 07:38:00","6","164.26","France"
"INV101319","C00202","2026-03-29 00:51:00","4","50.82","United Kingdom"
"INV101320","C00106","2025-04-22 11:11:00","9","191.57","Spain"
"INV101321","C00456","2025-11-11 22:53:00","5","42.04","Germany"
"INV101322","C00277","2025-09-28 14:49:00","6","180.88","France"
"INV101323","C00303","2025-07-02 14:27:00","8","69.48","Belgium"
"INV101324","C00103","2025-07-08 08:16:00","5","49.07","Belgium"
"INV101325","C00005","2025-05-22 15:03:00","3","12.03","United Kingdom"
"INV101326","C00099","2026-02-15 13:03:00","4","172.44","Spain"
"INV101327","C00258","2025-11-12 23:24:00","5","29.65","Germany"
"INV101328","C00159","2025-12-20 09:04:00","8","179.08","Italy"
"INV101329","C00390","2026-01-31 01:00:00","1","167.34","Spain"
"INV101330","C00485","2025-10-25 16:36:00","9","33.62","Netherlands"
"INV101331","C00184","2025-10-25 14:53:00","8","63.33","Portugal"
"INV101332","C00189","2025-04-30 00:51:00","5","120.48","Belgium"
"INV101333","C00269","2025-01-19 05:04:00","8","28.64","Italy"
"INV101334","C00473","2025-08-10 04:25:00","5","54.38","Italy"
"INV101335","C00132","2026-02-22 06:14:00","8","84.57","United Kingdom"
"INV101336","C00489","2025-08-12 05:37:00","2","68.52","Spain"
"INV101337","C00281","2025-01-06 15:37:00","4","140.26","Spain"
"INV101338","C00435","2026-02-10 10:19:00","4","167.25","United Kingdom"
"INV101339","C00034","2025-12-09 00:26:00","4","101.08","Spain"
"INV101340","C00227","2025-11-27 21:11:00","8","167.42","Spain"
"INV101341","C00018","2025-06-28 10:41:00","5","122.73","Germany"
"INV101342","C00478","2025-12-31 02:57:00","4","60.84","Belgium"
"INV101343","C00092","2025-11-08 11:48:00","1","130.18","EIRE"
"INV101344","C00431","2025-06-09 22:55:00","5","89.57","France"
"INV101345","C00196","2025-09-23 09:31:00","7","170.05","United Kingdom"
"INV101346","C00151","2026-03-27 08:31:00","4","40.49","United Kingdom"
"INV101347","C00153","2025-09-15 01:24:00","3","26.61","Italy"
"INV101348","C00463","2025-07-11 14:38:00","7","72.3","Belgium"
"INV101349","C00277","2025-11-25 23:57:00","7","20.09","United Kingdom"
"INV101350","C00134","2025-04-21 01:42:00","7","23.35","Spain"
"INV101351","C00421","2025-03-12 16:57:00","8","68.14","Germany"
"INV101352","C00092","2025-06-03 08:35:00","8","9.94","Germany"
"INV101353","C00057","2025-07-09 01:20:00","4","169.89","EIRE"
"INV101354","C00359","2025-10-04 02:13:00","4","52.83","EIRE"
"INV101355","C00315","2026-02-01 11:51:00","9","100.72","EIRE"
"INV101356","C00046","2025-12-20 04:10:00","5","20.52","EIRE"
"INV101357","C00152","2025-03-22 13:50:00","1","129.71","Italy"
"INV101358","C00325","2025-08-26 07:03:00","8","158.85","Belgium"
"INV101359","C00456","2025-08-15 02:24:00","7","86.85","Netherlands"
"INV101360","C00012","2025-06-06 09:22:00","7","108.45","United Kingdom"
"INV101361","C00165","2026-01-18 15:13:00","4","66.54","France"
"INV101362","C00416","2026-03-18 05:04:00","5","17.01","Italy"
"INV101363","C00263","2025-05-04 12:03:00","5","65.79","EIRE"
"INV101364","C00404","2025-01-06 07:55:00","1","160.22","Germany"
"INV101365","C00410","2025-05-13 12:36:00","9","141.29","Italy"
"INV101366","C00315","2025-08-29 08:11:00","9","175.5","Spain"
"INV101367","C00490","2026-02-05 01:30:00","4","64.5","Portugal"
"INV101368","C00070","2025-10-15 21:40:00","8","68.05","Belgium"
"INV101369","C00360","2025-10-14 09:28:00","4","2.2","France"
"INV101370","C00100","2025-03-31 00:30:00","7","76.34","Portugal"
"INV101371","C00013","2025-11-11 07:57:00","1","20.9","United Kingdom"
"INV101372","C00164","2025-02-07 02:46:00","4","90.1","EIRE"
"INV101373","C00387","2025-11-08 05:07:00","5","75.42","Portugal"
"INV101374","C00119","2025-08-02 04:57:00","1","61.56","Belgium"
"INV101375","C00256","2025-03-28 00:20:00","7","35.65","Italy"
"INV101376","C00202","2025-08-05 22:55:00","3","160.66","EIRE"
"INV101377","C00363","2025-09-07 08:00:00","2","11.02","Germany"
"INV101378","C00249","2025-01-11 06:01:00","3","67.37","EIRE"
"INV101379","C00279","2025-11-28 11:34:00","5","175.8","EIRE"
"INV101380","C00085","2026-01-19 11:34:00","7","76.08","France"
"INV101381","C00337","2026-02-01 00:06:00","2","142.59","Italy"
"INV101382","C00209","2025-03-01 04:47:00","8","165.56","Germany"
"INV101383","C00197","2025-02-03 03:04:00","3","156.66","Belgium"
"INV101384","C00157","2026-02-13 17:20:00","8","67.42","France"
"INV101385","C00121","2025-12-05 00:29:00","4","43.01","United Kingdom"
"INV101386","C00268","2025-04-28 04:20:00","7","70.18","United Kingdom"
"INV101387","C00336","2025-02-06 04:57:00","5","38.13","Portugal"
"INV101388","C00475","2025-01-16 06:53:00","9","21.94","Germany"
"INV101389","C00106","2025-06-19 12:18:00","7","148.89","Portugal"
"INV101390","C00256","2025-06-04 10:09:00","7","187.53","EIRE"
"INV101391","C00293","2026-03-12 01:33:00","4","174.21","Belgium"
"INV101392","C00165","2025-11-09 13:47:00","5","108.85","Portugal"
"INV101393","C00427","2026-03-17 02:44:00","1","153.31","Germany"
"INV101394","C00238","2025-01-31 18:57:00","4","77.86","Netherlands"
"INV101395","C00206","2025-06-05 18:10:00","8","125.77","Netherlands"
"INV101396","C00176","2025-05-08 09:33:00","7","196.71","France"
"INV101397","C00241","2025-08-15 23:57:00","7","130.07","EIRE"
"INV101398","C00359","2025-05-19 19:55:00","6","181.9","United Kingdom"
"INV101399","C00132","2025-08-21 19:58:00","1","158.64","France"
"INV101400","C00112","2025-05-11 11:07:00","1","101.79","Belgium"
"INV101401","C00098","2026-03-28 22:31:00","4","9.04","EIRE"
"INV101402","C00356","2026-02-10 20:25:00","2","165.76","Portugal"
"INV101403","C00379","2025-12-29 23:37:00","2","119.74","Germany"
"INV101404","C00452","2025-10-07 10:11:00","8","153.89","Italy"
"INV101405","C00013","2025-09-19 12:39:00","1","139.2","Belgium"
"INV101406","C00409","2025-10-26 23:23:00","6","196.24","Spain"
"INV101407","C00246","2025-09-16 17:53:00","7","173.01","Belgium"
"INV101408","C00085","2025-03-19 09:39:00","4","173.33","Netherlands"
"INV101409","C00092","2025-10-07 16:10:00","9","64.1","France"
"INV101410","C00302","2025-10-07 14:49:00","4","37.12","Portugal"
"INV101411","C00203","2025-06-12 10:59:00","6","149.81","Spain"
"INV101412","C00440","2025-08-23 23:06:00","3","71.18","Italy"
"INV101413","C00290","2025-05-08 12:54:00","7","64.55","Belgium"
"INV101414","C00204","2025-06-12 13:51:00","4","132.24","Germany"
"INV101415","C00439","2026-03-19 06:09:00","1","33.64","United Kingdom"
"INV101416","C00211","2025-08-29 07:24:00","7","103.8","Belgium"
"INV101417","C00070","2025-10-31 17:26:00","2","190.42","Spain"
"INV101418","C00315","2025-06-22 09:38:00","8","98.33","EIRE"
"INV101419","C00031","2025-07-24 02:29:00","8","154.55","United Kingdom"
"INV101420","C00260","2026-01-25 20:37:00","2","158.93","Netherlands"
"INV101421","C00246","2025-10-08 19:48:00","1","30.13","Netherlands"
"INV101422","C00491","2025-06-05 02:56:00","5","78.22","Italy"
"INV101423","C00236","2025-01-18 06:32:00","8","164.29","EIRE"
"INV101424","C00316","2025-06-10 22:59:00","6","182.55","Germany"
"INV101425","C00180","2025-01-25 03:52:00","3","80.14","Portugal"
"INV101426","C00258","2025-07-09 14:23:00","6","111.83","Belgium"
"INV101427","C00205","2025-02-17 14:37:00","6","54.63","France"
"INV101428","C00023","2025-11-17 21:17:00","1","196.37","Portugal"
"INV101429","C00453","2025-07-01 17:47:00","5","172.22","EIRE"
"INV101430","C00080","2026-02-05 08:02:00","8","170.59","Netherlands"
"INV101431","C00170","2025-11-28 11:00:00","7","126","Portugal"
"INV101432","C00457","2025-08-30 07:33:00","8","160.49","Portugal"
"INV101433","C00334","2025-08-15 01:20:00","6","3.4","Germany"
"INV101434","C00345","2025-07-05 07:46:00","3","41.24","France"
"INV101435","C00074","2025-11-09 04:24:00","5","33.67","France"
"INV101436","C00007","2025-05-14 11:55:00","7","163.16","Italy"
"INV101437","C00477","2026-02-23 05:52:00","3","25.78","Italy"
"INV101438","C00290","2025-06-06 08:14:00","5","21.69","Germany"
"INV101439","C00183","2026-01-29 00:30:00","5","6.8","France"
"INV101440","C00197","2025-02-17 23:49:00","2","152.48","Germany"
"INV101441","C00488","2025-12-20 10:23:00","2","172.52","Italy"
"INV101442","C00265","2025-02-17 18:32:00","4","164.33","United Kingdom"
"INV101443","C00065","2025-11-28 19:27:00","5","94.75","France"
"INV101444","C00330","2025-07-23 08:37:00","4","127.53","EIRE"
"INV101445","C00271","2025-03-18 23:21:00","5","96.21","Italy"
"INV101446","C00034","2025-09-14 08:14:00","7","127.7","Portugal"
"INV101447","C00482","2025-02-18 00:48:00","4","81.23","Netherlands"
"CINV101448","C00248","2025-03-09 17:31:00","7","178.69","EIRE"
"INV101449","C00087","2026-02-11 14:52:00","5","133.9","Germany"
"INV101450","C00128","2025-06-01 22:31:00","8","26.55","EIRE"
"INV101451","C00039","2025-10-08 01:10:00","5","98.15","EIRE"
"INV101452","C00222","2026-02-14 05:36:00","8","184.87","EIRE"
"INV101453","C00271","2025-03-20 22:23:00","9","72.88","United Kingdom"
"INV101454","C00073","2025-11-12 03:34:00","4","168.79","Portugal"
"INV101455","C00332","2025-04-30 11:16:00","8","199.34","Belgium"
"INV101456","C00311","2026-03-19 19:46:00","4","55.27","Germany"
"INV101457","C00209","2025-07-15 22:01:00","6","156.22","Italy"
"INV101458","C00060","2026-03-31 11:11:00","4","126.91","Spain"
"INV101459","C00066","2025-03-14 21:51:00","2","85.12","Belgium"
"INV101460","C00418","2025-06-29 08:35:00","8","193.8","Netherlands"
"INV101461","C00396","2025-01-10 23:27:00","9","2.82","Italy"
"INV101462","C00159","2025-01-03 08:14:00","8","180.05","United Kingdom"
"INV101463","C00172","2026-01-02 08:54:00","8","55.17","Germany"
"INV101464","C00138","2025-03-22 09:12:00","4","98.4","France"
"INV101465","C00125","2025-05-17 20:28:00","9","194.07","Germany"
"INV101466","C00069","2025-05-17 13:08:00","8","76.27","Germany"
"INV101467","C00018","2025-05-07 05:59:00","7","98.88","United Kingdom"
"INV101468","C00430","2025-02-22 10:31:00","5","81.16","France"
"INV101469","C00055","2025-08-08 01:37:00","7","189.96","Germany"
"INV101470","C00289","2025-01-16 00:57:00","1","31.76","Belgium"
"INV101471","C00025","2026-03-08 11:11:00","7","64.22","Netherlands"
"INV101472","C00342","2026-02-12 05:36:00","1","176.88","United Kingdom"
"INV101473","C00289","2025-02-04 22:45:00","4","187.9","United Kingdom"
"INV101474","C00158","2025-07-15 09:17:00","6","67.29","Portugal"
"INV101475","C00353","2025-06-21 10:40:00","3","3.14","United Kingdom"
"INV101476","C00189","2025-10-13 08:13:00","9","195.14","United Kingdom"
"INV101477","C00468","2025-05-01 20:50:00","3","48.2","Italy"
"INV101478","C00468","2025-11-03 09:58:00","8","76.06","United Kingdom"
"INV101479","C00014","2025-12-05 07:34:00","4","78.15","United Kingdom"
"INV101480","C00265","2026-03-09 02:19:00","7","39.74","United Kingdom"
"INV101481","C00106","2026-01-23 22:31:00","5","117.7","United Kingdom"
"CINV101482","C00089","2025-10-18 15:58:00","5","14.77","Belgium"
"INV101483","C00462","2026-01-23 05:04:00","2","93.74","Spain"
"INV101484","C00257","2026-03-09 06:50:00","5","56.82","Italy"
"INV101485","C00386","2026-02-21 17:03:00","7","101.89","Spain"
"INV101486","C00163","2025-07-23 07:40:00","5","1.89","Portugal"
"INV101487","C00237","2025-02-11 00:39:00","6","187.59","Portugal"
"INV101488","C00128","2026-01-11 23:02:00","5","61.32","EIRE"
"INV101489","C00417","2025-04-13 21:27:00","2","19.69","Spain"
"INV101490","C00398","2025-08-29 13:36:00","3","172.57","Netherlands"
"INV101491","C00416","2025-02-13 13:13:00","7","34.41","Spain"
"INV101492","C00074","2025-02-05 18:17:00","6","68.61","United Kingdom"
"INV101493","C00336","2025-06-08 00:02:00","8","75.59","Spain"
"INV101494","C00488","2025-03-25 15:19:00","8","122.66","Germany"
"INV101495","C00343","2025-05-13 13:12:00","6","192.57","Netherlands"
"INV101496","C00154","2025-12-26 03:37:00","8","137.36","France"
"INV101497","C00279","2025-08-03 02:13:00","9","190.79","Netherlands"
"INV101498","C00279","2025-02-20 18:43:00","6","65.78","Italy"
"INV101499","C00370","2025-07-25 20:02:00","7","77.69","EIRE"
"INV101500","C00206","2025-05-02 21:31:00","8","52.1","Belgium"
"INV101501","C00024","2025-05-12 04:18:00","7","48.62","Italy"
"INV101502","C00338","2025-10-07 16:45:00","4","152.01","France"
"INV101503","C00124","2025-03-30 08:08:00","5","181.48","EIRE"
"INV101504","C00392","2025-05-20 06:47:00","8","75.55","Germany"
"INV101505","C00391","2026-02-11 11:43:00","5","60.25","Spain"
"INV101506","C00459","2025-12-29 07:22:00","4","132.23","Spain"
"INV101507","C00341","2025-07-23 15:03:00","8","129.07","EIRE"
"INV101508","C00292","2025-12-27 11:39:00","7","178.63","Portugal"
"INV101509","C00380","2025-12-30 13:53:00","3","164.42","United Kingdom"
"INV101510","C00373","2025-09-22 11:19:00","9","179.15","Netherlands"
"INV101511","C00119","2025-01-06 16:34:00","9","157.97","France"
"INV101512","C00422","2025-03-10 00:17:00","1","120.13","Belgium"
"INV101513","C00159","2025-08-13 16:48:00","2","60.41","Spain"
"INV101514","C00474","2026-02-26 09:10:00","2","167.2","EIRE"
"INV101515","C00012","2025-06-24 23:16:00","4","159.66","Belgium"
"INV101516","C00478","2025-07-11 22:46:00","1","148.82","EIRE"
"INV101517","C00256","2025-10-17 12:37:00","4","59.36","Portugal"
"INV101518","C00460","2025-06-27 21:22:00","2","195.22","EIRE"
"INV101519","C00181","2025-03-29 10:44:00","6","168.28","France"
"INV101520","C00264","2025-09-04 11:28:00","9","165.82","Italy"
"INV101521","C00118","2026-01-20 02:29:00","8","154.8","Germany"
"INV101522","C00135","2025-09-10 23:45:00","8","175.61","Germany"
"INV101523","C00028","2025-10-16 13:55:00","7","121.91","Spain"
"INV101524","C00127","2025-07-19 06:50:00","3","165.98","Belgium"
"INV101525","C00381","2025-10-21 08:38:00","7","66.69","United Kingdom"
"INV101526","C00087","2025-08-24 02:58:00","1","125.42","Germany"
"INV101527","C00169","2025-02-24 13:27:00","1","23.49","United Kingdom"
"INV101528","C00333","2026-03-03 18:06:00","8","190.43","Portugal"
"INV101529","C00499","2026-03-17 20:27:00","7","174.25","EIRE"
"INV101530","C00374","2026-01-25 01:24:00","7","4.25","Portugal"
"INV101531","C00339","2025-06-25 12:07:00","1","131.9","Spain"
"INV101532","C00459","2025-10-19 10:26:00","8","79.4","Portugal"
"INV101533","C00263","2025-08-12 05:39:00","8","99.01","Italy"
"INV101534","C00422","2025-06-20 00:52:00","4","76.46","Belgium"
"INV101535","C00234","2025-07-17 03:53:00","5","122.89","Portugal"
"INV101536","C00477","2026-03-06 15:44:00","7","132.14","Portugal"
"INV101537","C00368","2025-05-04 18:12:00","2","96.77","Netherlands"
"CINV101538","C00131","2026-01-01 19:34:00","3","14.71","Italy"
"INV101539","C00200","2025-02-26 02:49:00","3","54.65","France"
"INV101540","C00495","2026-03-24 17:50:00","1","93.86","France"
"CINV101541","C00202","2025-11-29 11:29:00","3","59.66","Spain"
"INV101542","C00056","2026-03-07 17:44:00","7","70.52","Italy"
"INV101543","C00320","2026-01-30 01:57:00","7","137.13","France"
"INV101544","C00316","2025-09-10 10:16:00","3","28.01","Italy"
"INV101545","C00251","2025-01-18 14:00:00","8","181.33","United Kingdom"
"INV101546","C00380","2025-05-12 06:20:00","9","83.75","Portugal"
"INV101547","C00399","2025-11-17 12:28:00","6","188.21","Germany"
"INV101548","C00288","2025-10-12 12:26:00","4","82.85","Belgium"
"INV101549","C00428","2025-02-26 11:45:00","6","15.64","Spain"
"INV101550","C00100","2025-10-02 22:57:00","6","138.97","Italy"
"CINV101551","C00495","2025-11-28 20:50:00","6","130.37","Netherlands"
"INV101552","C00216","2025-01-19 05:47:00","3","157.83","EIRE"
"INV101553","C00484","2025-04-26 15:26:00","3","173.95","Portugal"
"INV101554","C00134","2025-01-08 12:51:00","7","107.3","Belgium"
"INV101555","C00293","2025-09-21 13:23:00","1","185.9","EIRE"
"INV101556","C00450","2025-12-23 04:29:00","5","179.7","Belgium"
"INV101557","C00081","2025-07-25 05:40:00","8","80.28","Netherlands"
"INV101558","C00171","2026-01-27 07:52:00","2","185.89","Spain"
"INV101559","C00316","2025-03-21 14:10:00","2","81.2","Belgium"
"INV101560","C00426","2025-08-08 15:51:00","2","6.5","Italy"
"INV101561","C00265","2025-08-20 22:31:00","7","104.02","Portugal"
"INV101562","C00017","2025-11-28 07:09:00","7","44.15","Spain"
"INV101563","C00124","2025-06-08 14:45:00","3","11.94","Italy"
"INV101564","C00356","2025-01-27 12:45:00","7","34.92","United Kingdom"
"INV101565","C00294","2025-05-02 11:28:00","6","34.71","Italy"
"INV101566","C00327","2025-12-31 18:05:00","8","24.78","Spain"
"INV101567","C00171","2025-09-12 16:38:00","3","150.49","Netherlands"
"INV101568","C00088","2025-10-07 09:33:00","8","81.33","Germany"
"INV101569","C00087","2025-07-07 21:35:00","1","140.89","Belgium"
"INV101570","C00489","2025-05-12 12:13:00","9","98.9","Germany"
"INV101571","C00387","2026-01-17 13:06:00","5","163.1","Portugal"
"INV101572","C00161","2025-03-14 21:04:00","8","71.37","Spain"
"INV101573","C00108","2025-12-12 23:09:00","4","154.65","Italy"
"INV101574","C00460","2025-10-20 03:34:00","9","24.14","EIRE"
"INV101575","C00315","2025-02-08 10:43:00","4","40.12","Germany"
"INV101576","C00029","2026-03-12 20:29:00","3","150.04","Belgium"
"INV101577","C00124","2025-11-02 03:55:00","8","95.16","Spain"
"INV101578","C00217","2025-10-18 05:08:00","8","27.59","Portugal"
"INV101579","C00323","2025-06-23 20:43:00","5","70.14","EIRE"
"INV101580","C00201","2025-03-20 23:23:00","6","18.87","EIRE"
"INV101581","C00106","2026-02-05 05:58:00","9","114.86","France"
"INV101582","C00396","2025-11-08 02:45:00","3","180.31","EIRE"
"INV101583","C00466","2025-03-14 14:51:00","8","50.01","United Kingdom"
"INV101584","C00468","2025-02-19 07:16:00","5","85.1","EIRE"
"INV101585","C00429","2026-03-21 11:10:00","3","38.63","Spain"
"INV101586","C00439","2025-03-16 23:55:00","4","61.49","Portugal"
"INV101587","C00449","2025-03-03 14:57:00","9","51.13","Portugal"
"INV101588","C00500","2025-11-06 02:18:00","3","24.58","France"
"INV101589","C00313","2026-01-11 04:47:00","5","143.27","Germany"
"INV101590","C00430","2025-05-29 05:17:00","8","170.24","Netherlands"
"INV101591","C00288","2025-02-27 02:37:00","1","104.68","Portugal"
"INV101592","C00043","2025-04-09 13:42:00","4","15.4","Netherlands"
"INV101593","C00390","2025-10-14 17:38:00","4","115.4","Netherlands"
"INV101594","C00237","2025-06-10 16:40:00","3","83.69","United Kingdom"
"INV101595","C00120","2026-01-08 20:14:00","5","73.25","Netherlands"
"INV101596","C00293","2025-03-08 10:36:00","5","66.9","United Kingdom"
"INV101597","C00034","2025-05-24 21:20:00","7","42.43","EIRE"
"INV101598","C00137","2025-08-28 20:20:00","6","190.42","Netherlands"
"INV101599","C00188","2025-08-24 09:06:00","8","47.74","United Kingdom"
"INV101600","C00311","2025-12-17 07:07:00","2","68.24","Italy"
"INV101601","C00451","2026-01-10 13:30:00","3","163.85","Italy"
"INV101602","C00297","2026-03-12 12:46:00","1","145.88","France"
"INV101603","C00064","2025-06-01 18:14:00","6","65.21","Italy"
"INV101604","C00427","2026-01-15 02:38:00","7","80.54","Germany"
"INV101605","C00395","2025-11-08 04:29:00","7","121.76","United Kingdom"
"INV101606","C00263","2025-11-30 19:12:00","4","181.61","Germany"
"INV101607","C00021","2025-12-29 18:55:00","9","153.29","EIRE"
"INV101608","C00150","2025-02-18 17:47:00","8","47.04","United Kingdom"
"INV101609","C00232","2025-02-07 04:54:00","5","69.69","Belgium"
"INV101610","C00108","2025-12-08 11:15:00","3","12.68","Italy"
"INV101611","C00188","2025-10-11 01:52:00","8","115.88","EIRE"
"INV101612","C00491","2025-03-30 01:49:00","7","14.86","Netherlands"
"INV101613","C00146","2026-02-15 02:00:00","4","118.68","Netherlands"
"INV101614","C00330","2025-06-12 03:37:00","2","182.38","Germany"
"INV101615","C00159","2025-10-26 18:41:00","5","44.01","United Kingdom"
"INV101616","C00085","2026-01-06 08:59:00","8","71.78","Netherlands"
"INV101617","C00026","2025-03-04 20:45:00","8","46.21","EIRE"
"INV101618","C00166","2026-01-18 11:12:00","3","86.47","France"
"INV101619","C00369","2025-08-13 13:48:00","3","2.75","Spain"
"INV101620","C00484","2025-07-06 10:54:00","4","49.62","United Kingdom"
"INV101621","C00472","2025-05-15 12:01:00","5","132.8","Netherlands"
"INV101622","C00276","2025-02-22 22:48:00","7","113.2","Spain"
"INV101623","C00361","2025-07-16 16:57:00","4","181.21","Portugal"
"INV101624","C00396","2025-08-21 10:36:00","2","57.98","Germany"
"INV101625","C00484","2026-01-20 22:18:00","2","149.71","Italy"
"INV101626","C00215","2026-01-17 10:15:00","1","75.59","Spain"
"INV101627","C00377","2025-09-08 08:42:00","5","190.22","Germany"
"INV101628","C00144","2026-02-20 19:45:00","2","74.74","EIRE"
"INV101629","C00283","2025-05-07 16:51:00","6","7.3","Italy"
"INV101630","C00164","2025-09-02 13:52:00","4","15.79","Belgium"
"INV101631","C00236","2025-05-03 03:29:00","3","57.82","EIRE"
"INV101632","C00277","2025-12-13 20:58:00","2","77.46","France"
"INV101633","C00313","2025-12-01 14:56:00","2","88.02","Spain"
"INV101634","C00251","2025-03-17 14:04:00","1","17.59","Netherlands"
"INV101635","C00133","2026-03-10 06:19:00","3","72.79","France"
"INV101636","C00245","2025-12-07 17:02:00","7","51.83","Italy"
"INV101637","C00028","2025-01-20 07:16:00","7","3.15","Germany"
"INV101638","C00011","2026-01-05 12:04:00","9","98.24","EIRE"
"INV101639","C00134","2026-03-12 20:43:00","3","150.48","Germany"
"INV101640","C00068","2026-03-22 05:50:00","8","122.87","Portugal"
"INV101641","C00283","2026-01-13 06:51:00","3","160.11","Spain"
"INV101642","C00271","2025-11-20 12:16:00","5","188.55","EIRE"
"INV101643","C00342","2026-02-12 18:13:00","6","47.42","EIRE"
"INV101644","C00226","2025-11-18 21:13:00","8","99.41","Portugal"
"INV101645","C00307","2025-01-06 10:13:00","2","144.17","Germany"
"INV101646","C00254","2025-06-14 19:08:00","8","27.3","EIRE"
"INV101647","C00116","2026-03-28 06:23:00","9","143.51","Germany"
"INV101648","C00303","2025-10-13 01:05:00","7","22.65","France"
"INV101649","C00047","2025-03-10 11:47:00","2","173.02","Germany"
"INV101650","C00453","2026-03-19 04:29:00","5","88.31","Portugal"
"INV101651","C00428","2025-07-18 00:34:00","9","155.87","Germany"
"INV101652","C00445","2025-09-06 18:42:00","8","136.58","EIRE"
"INV101653","C00276","2025-10-22 02:39:00","1","193.27","France"
"INV101654","C00386","2025-05-16 01:53:00","3","155.14","Germany"
"INV101655","C00149","2025-11-17 11:44:00","7","145.27","France"
"INV101656","C00376","2025-10-07 13:45:00","5","155.91","Portugal"
"INV101657","C00199","2025-10-27 22:36:00","1","50.63","Germany"
"INV101658","C00472","2025-07-13 01:38:00","6","35.53","Belgium"
"INV101659","C00270","2025-05-03 16:32:00","8","137.03","Spain"
"CINV101660","C00227","2025-11-24 10:52:00","1","89.2","Netherlands"
"INV101661","C00382","2026-03-28 02:56:00","1","22.87","Netherlands"
"INV101662","C00312","2025-09-11 18:27:00","8","41.23","Netherlands"
"INV101663","C00185","2025-02-03 15:01:00","5","25","Italy"
"INV101664","C00248","2025-01-21 01:16:00","7","34.04","Belgium"
"INV101665","C00109","2025-05-17 13:14:00","5","90.81","Germany"
"INV101666","C00480","2025-06-13 08:36:00","2","110.95","Spain"
"INV101667","C00305","2025-01-07 01:13:00","1","100.49","France"
"INV101668","C00040","2025-08-20 10:26:00","3","42.79","Spain"
"INV101669","C00497","2026-03-18 21:40:00","8","28.97","Netherlands"
"INV101670","C00069","2025-08-01 12:22:00","8","10.6","Belgium"
"INV101671","C00294","2025-11-24 16:21:00","4","120.83","France"
"INV101672","C00375","2025-08-04 07:44:00","1","70.53","Spain"
"INV101673","C00454","2025-06-02 02:13:00","9","194.91","France"
"INV101674","C00494","2025-07-12 10:04:00","3","165.84","Netherlands"
"INV101675","C00198","2025-12-05 03:34:00","6","133.65","Spain"
"INV101676","C00130","2025-08-23 14:27:00","6","196.02","Italy"
"INV101677","C00240","2025-03-25 20:27:00","4","178.88","France"
"INV101678","C00167","2025-06-18 07:13:00","8","46.11","Spain"
"INV101679","C00264","2025-04-19 19:28:00","4","135.45","Netherlands"
"INV101680","C00160","2026-03-16 18:17:00","7","16.19","Netherlands"
"INV101681","C00325","2025-06-13 01:21:00","6","82.1","Germany"
"INV101682","C00412","2025-12-02 10:54:00","2","142.16","EIRE"
"INV101683","C00172","2025-12-19 04:41:00","9","17.57","Spain"
"INV101684","C00378","2026-01-13 20:17:00","8","78.52","France"
"INV101685","C00499","2026-01-18 13:03:00","2","55.19","EIRE"
"INV101686","C00273","2026-01-15 02:38:00","2","72.3","Netherlands"
"INV101687","C00007","2025-01-27 22:40:00","6","61.77","Germany"
"INV101688","C00450","2025-03-08 03:55:00","7","63.25","Italy"
"INV101689","C00495","2025-09-11 10:01:00","4","79.82","Belgium"
"INV101690","C00105","2025-01-14 13:39:00","1","110.48","Belgium"
"INV101691","C00343","2026-03-04 04:46:00","7","90.12","Belgium"
"INV101692","C00204","2025-05-16 15:27:00","2","84.64","United Kingdom"
"INV101693","C00412","2025-01-31 02:15:00","4","146.84","Germany"
"INV101694","C00362","2025-09-17 23:58:00","3","51.92","Italy"
"INV101695","C00361","2025-10-13 10:31:00","9","106.21","France"
"INV101696","C00071","2025-07-11 14:14:00","2","157.31","Netherlands"
"INV101697","C00157","2025-07-19 01:47:00","5","174.72","Belgium"
"INV101698","C00469","2026-02-27 19:25:00","4","87.47","Spain"
"INV101699","C00185","2025-06-23 21:17:00","9","141.58","Italy"
"INV101700","C00150","2025-11-14 13:30:00","2","126.3","Germany"
"INV101701","C00195","2025-03-08 17:05:00","7","80.2","Spain"
"INV101702","C00316","2025-09-02 16:40:00","3","121.47","Spain"
"INV101703","C00150","2025-05-10 03:37:00","4","18.4","United Kingdom"
"INV101704","C00196","2025-03-24 22:58:00","8","190.13","Germany"
"INV101705","C00081","2026-02-06 21:16:00","9","114.79","Belgium"
"INV101706","C00494","2025-11-06 06:00:00","9","137.11","France"
"INV101707","C00068","2025-10-11 12:21:00","4","152.63","Italy"
"INV101708","C00479","2026-01-21 03:57:00","3","32.59","Spain"
"INV101709","C00474","2025-03-12 22:09:00","7","131.98","United Kingdom"
"INV101710","C00256","2025-06-19 21:08:00","6","142.07","United Kingdom"
"INV101711","C00143","2025-01-09 19:47:00","6","147.31","Portugal"
"INV101712","C00465","2025-01-05 22:41:00","2","10.28","United Kingdom"
"CINV101713","C00334","2026-02-06 22:57:00","6","18.74","Spain"
"INV101714","C00084","2025-01-18 12:27:00","8","15.77","Netherlands"
"INV101715","C00322","2025-08-24 17:11:00","6","182.9","Germany"
"INV101716","C00021","2025-11-07 08:31:00","8","147.98","Netherlands"
"INV101717","C00436","2025-12-13 07:07:00","9","124.44","EIRE"
"INV101718","C00058","2025-01-27 03:49:00","9","120.38","EIRE"
"INV101719","C00465","2025-10-01 04:26:00","6","155.5","EIRE"
"INV101720","C00358","2025-02-01 19:15:00","8","173.49","Spain"
"INV101721","C00420","2026-01-25 21:37:00","9","72.4","Netherlands"
"INV101722","C00445","2025-10-29 23:56:00","3","145.5","EIRE"
"INV101723","C00095","2025-09-27 09:34:00","3","88.66","Germany"
"INV101724","C00346","2025-08-01 18:04:00","4","74.21","Italy"
"INV101725","C00458","2026-03-16 10:11:00","7","22.38","Spain"
"INV101726","C00119","2025-07-23 10:40:00","4","3.8","United Kingdom"
"INV101727","C00174","2025-11-03 17:00:00","4","6.59","Belgium"
"INV101728","C00266","2025-10-05 18:44:00","7","115.58","Spain"
"INV101729","C00446","2025-02-03 03:52:00","6","122.93","France"
"INV101730","C00345","2025-09-13 22:30:00","5","99.51","United Kingdom"
"INV101731","C00299","2025-01-03 16:34:00","7","172.8","United Kingdom"
"INV101732","C00219","2025-01-28 14:31:00","4","28.75","Belgium"
"INV101733","C00358","2026-03-10 18:48:00","9","109.88","Netherlands"
"CINV101734","C00489","2025-09-23 13:26:00","5","164.38","United Kingdom"
"INV101735","C00360","2025-06-03 14:12:00","5","71.43","France"
"CINV101736","C00466","2025-01-02 07:26:00","8","73.93","Spain"
"INV101737","C00266","2025-06-08 05:51:00","8","103.31","Spain"
"INV101738","C00417","2025-07-18 15:07:00","5","17.39","United Kingdom"
"INV101739","C00006","2025-08-17 01:25:00","8","183.96","Italy"
"INV101740","C00030","2025-06-23 18:02:00","9","21.68","Belgium"
"INV101741","C00392","2025-02-04 15:57:00","8","124","Netherlands"
"INV101742","C00310","2025-04-14 07:34:00","2","134.51","France"
"INV101743","C00018","2025-03-12 06:06:00","5","150.88","Germany"
"INV101744","C00293","2025-11-06 20:03:00","5","193.52","Spain"
"INV101745","C00032","2025-06-12 20:36:00","6","130.62","United Kingdom"
"INV101746","C00493","2026-01-31 03:05:00","7","129.61","Italy"
"INV101747","C00482","2025-07-08 22:11:00","3","39.66","Belgium"
"INV101748","C00444","2025-07-01 10:42:00","3","32.91","Spain"
"INV101749","C00222","2025-01-07 06:20:00","4","126.57","Germany"
"INV101750","C00459","2026-02-14 07:01:00","8","61.69","Belgium"
"INV101751","C00363","2025-08-10 01:47:00","6","130.31","United Kingdom"
"INV101752","C00196","2025-04-05 12:08:00","8","57.58","United Kingdom"
"INV101753","C00038","2025-11-24 22:38:00","9","183.85","Italy"
"INV101754","C00474","2025-10-10 04:53:00","8","143.79","Italy"
"INV101755","C00276","2025-01-25 23:48:00","1","77.18","Spain"
"INV101756","C00039","2025-11-27 08:42:00","2","110.86","Spain"
"INV101757","C00016","2026-02-15 01:35:00","2","189.84","Belgium"
"INV101758","C00202","2026-02-04 00:42:00","5","57.4","Portugal"
"INV101759","C00369","2025-02-17 17:35:00","1","189.81","Germany"
"INV101760","C00184","2025-08-01 06:23:00","6","71.77","EIRE"
"INV101761","C00094","2025-07-13 11:06:00","8","31.81","United Kingdom"
"INV101762","C00096","2025-08-18 23:01:00","2","23.86","Belgium"
"INV101763","C00047","2026-01-27 14:55:00","6","11.88","France"
"INV101764","C00239","2025-05-16 09:54:00","4","83.58","Netherlands"
"INV101765","C00151","2025-04-10 09:54:00","4","160.47","Netherlands"
"INV101766","C00406","2025-05-13 15:30:00","3","128.12","EIRE"
"INV101767","C00387","2025-09-27 13:12:00","3","185.67","France"
"INV101768","C00081","2025-06-06 11:03:00","8","100.49","EIRE"
"INV101769","C00146","2025-10-02 20:18:00","5","53.01","Portugal"
"INV101770","C00492","2025-06-01 09:42:00","7","56.15","France"
"CINV101771","C00397","2025-06-29 22:43:00","5","191.66","Italy"
"INV101772","C00339","2026-03-14 07:11:00","4","42.82","Italy"
"INV101773","C00056","2025-04-12 02:23:00","5","116.16","Portugal"
"INV101774","C00188","2025-11-14 13:19:00","6","42.02","Italy"
"INV101775","C00042","2025-06-06 06:48:00","8","169.36","Germany"
"INV101776","C00176","2026-03-05 06:01:00","4","110.57","Spain"
"INV101777","C00422","2025-12-14 12:20:00","9","124.7","Spain"
"INV101778","C00208","2026-01-24 20:22:00","8","48.83","Belgium"
"INV101779","C00132","2025-11-11 12:50:00","8","175.06","Belgium"
"INV101780","C00298","2025-10-15 03:31:00","9","162.92","United Kingdom"
"INV101781","C00318","2025-11-01 17:26:00","8","194.9","Netherlands"
"INV101782","C00383","2025-01-16 09:36:00","4","119.16","Belgium"
"INV101783","C00129","2025-10-17 19:47:00","5","82.38","France"
"INV101784","C00351","2026-02-14 08:09:00","1","70.32","Italy"
"INV101785","C00210","2026-01-15 15:38:00","9","199.22","United Kingdom"
"INV101786","C00061","2025-08-30 12:53:00","8","99.24","EIRE"
"INV101787","C00394","2025-06-26 18:31:00","4","72.73","France"
"INV101788","C00282","2026-01-14 23:30:00","7","71.04","EIRE"
"INV101789","C00287","2025-01-28 19:33:00","5","55.79","Belgium"
"INV101790","C00398","2026-03-13 08:25:00","6","88.39","Spain"
"INV101791","C00236","2025-02-26 19:56:00","5","119.63","France"
"INV101792","C00156","2025-10-05 01:44:00","7","48.51","United Kingdom"
"INV101793","C00281","2025-07-20 00:30:00","3","62.39","Spain"
"INV101794","C00172","2025-03-15 15:25:00","9","75.93","Portugal"
"INV101795","C00361","2025-03-29 05:57:00","8","44.36","EIRE"
"INV101796","C00201","2025-11-18 08:44:00","2","63.81","France"
"INV101797","C00479","2025-03-19 06:38:00","4","151.12","France"
"INV101798","C00472","2025-11-16 04:59:00","6","165.03","Italy"
"INV101799","C00492","2025-06-30 08:32:00","7","193.84","United Kingdom"
"INV101800","C00020","2025-08-29 00:18:00","5","62.94","France"
"INV101801","C00073","2025-12-28 17:29:00","6","159.98","EIRE"
"INV101802","C00274","2025-03-30 10:27:00","6","149.49","Germany"
"INV101803","C00127","2026-02-22 21:20:00","4","115.85","Belgium"
"INV101804","C00197","2025-03-03 03:33:00","1","170.7","Netherlands"
"INV101805","C00011","2025-06-11 22:17:00","9","167.13","Italy"
"INV101806","C00355","2025-01-17 19:41:00","2","182.59","Portugal"
"INV101807","C00206","2026-03-05 18:15:00","2","182.67","EIRE"
"INV101808","C00041","2025-06-11 10:28:00","7","63.85","Italy"
"INV101809","C00013","2025-06-16 00:14:00","8","7.66","France"
"INV101810","C00462","2025-02-21 10:58:00","8","54.66","EIRE"
"INV101811","C00281","2025-03-02 12:57:00","5","157.08","United Kingdom"
"INV101812","C00327","2025-11-01 07:06:00","9","4.28","Italy"
"INV101813","C00230","2025-11-08 03:49:00","8","2.32","EIRE"
"INV101814","C00217","2025-04-11 06:48:00","3","140.22","Portugal"
"INV101815","C00234","2025-03-29 11:00:00","2","47.89","Portugal"
"INV101816","C00333","2025-12-03 14:10:00","1","149.25","Italy"
"INV101817","C00414","2025-12-25 06:30:00","5","124.3","EIRE"
"INV101818","C00492","2025-04-01 05:19:00","4","35.39","France"
"INV101819","C00111","2025-07-14 17:57:00","1","63.51","Italy"
"INV101820","C00492","2025-12-28 01:59:00","3","8.79","Portugal"
"INV101821","C00407","2026-02-12 19:18:00","9","171.46","Belgium"
"INV101822","C00149","2025-04-13 00:01:00","2","148.8","Italy"
"INV101823","C00343","2025-05-26 06:47:00","3","49.66","Belgium"
"INV101824","C00063","2025-03-17 01:46:00","5","47.79","Spain"
"INV101825","C00424","2025-12-25 18:11:00","6","190.07","Netherlands"
"INV101826","C00218","2026-03-17 09:23:00","9","187.03","United Kingdom"
"INV101827","C00398","2026-03-04 20:49:00","5","109.1","Germany"
"INV101828","C00021","2026-01-06 11:17:00","6","195.12","Germany"
"INV101829","C00033","2025-02-08 03:31:00","9","164.42","Portugal"
"INV101830","C00243","2025-03-01 09:37:00","9","191.39","Belgium"
"INV101831","C00015","2025-07-27 20:13:00","8","142.9","Portugal"
"INV101832","C00228","2025-09-09 23:50:00","5","159.14","Belgium"
"INV101833","C00446","2026-01-05 05:22:00","8","108.37","Belgium"
"INV101834","C00474","2025-01-11 12:15:00","1","76.32","EIRE"
"INV101835","C00469","2025-06-12 11:58:00","8","114.27","Spain"
"INV101836","C00079","2025-05-30 21:32:00","2","113.64","United Kingdom"
"INV101837","C00204","2025-01-24 23:46:00","1","127.85","France"
"INV101838","C00135","2025-01-05 12:34:00","2","72.99","Spain"
"INV101839","C00319","2026-02-15 03:44:00","6","177.51","Italy"
"INV101840","C00316","2025-07-13 07:06:00","4","125.5","Italy"
"INV101841","C00169","2025-01-01 13:00:00","9","108.9","Portugal"
"INV101842","C00172","2025-02-11 09:13:00","6","186.25","Portugal"
"INV101843","C00214","2026-01-10 00:45:00","4","28.67","Spain"
"INV101844","C00140","2025-11-07 17:05:00","7","30.26","Italy"
"INV101845","C00322","2025-04-25 03:33:00","7","117.05","Belgium"
"INV101846","C00201","2026-01-16 15:49:00","7","155.66","Germany"
"INV101847","C00250","2025-11-30 11:38:00","9","193.77","EIRE"
"INV101848","C00202","2025-11-27 10:54:00","8","126.47","United Kingdom"
"INV101849","C00118","2025-02-27 13:45:00","5","169.65","Germany"
"INV101850","C00336","2025-11-02 04:17:00","2","181.49","Spain"
"INV101851","C00192","2025-07-06 02:31:00","2","10.67","Spain"
"INV101852","C00398","2025-04-29 04:02:00","6","34.11","United Kingdom"
"INV101853","C00291","2026-03-01 06:19:00","8","189.66","Netherlands"
"INV101854","C00439","2025-01-08 06:22:00","6","66.84","Belgium"
"INV101855","C00202","2025-06-24 12:16:00","1","170.8","Netherlands"
"INV101856","C00287","2026-03-08 07:26:00","6","78.98","Italy"
"INV101857","C00431","2025-12-18 07:26:00","4","11.78","Netherlands"
"INV101858","C00219","2025-02-11 08:05:00","9","153.62","Spain"
"INV101859","C00329","2025-05-31 00:58:00","6","41.78","Portugal"
"INV101860","C00305","2025-05-01 07:31:00","2","19.37","Netherlands"
"CINV101861","C00300","2025-05-11 05:20:00","7","89.95","Netherlands"
"INV101862","C00047","2025-02-17 02:31:00","6","115.95","Germany"
"INV101863","C00477","2025-07-09 17:25:00","1","105.45","Belgium"
"INV101864","C00432","2026-03-17 14:16:00","6","88.23","Netherlands"
"INV101865","C00095","2026-01-25 18:41:00","8","72.71","Germany"
"INV101866","C00182","2025-08-13 03:02:00","4","26.95","Belgium"
"INV101867","C00119","2025-10-25 00:44:00","5","68.12","France"
"INV101868","C00147","2025-06-09 05:56:00","1","181.16","United Kingdom"
"INV101869","C00475","2025-09-04 00:17:00","4","2.42","Italy"
"INV101870","C00309","2025-11-06 23:07:00","2","133.95","Germany"
"INV101871","C00066","2025-10-07 03:22:00","1","133.11","Italy"
"INV101872","C00161","2025-10-14 00:36:00","3","88.87","Germany"
"INV101873","C00168","2025-08-23 14:32:00","2","139.74","France"
"INV101874","C00091","2026-02-03 21:02:00","2","47.26","United Kingdom"
"INV101875","C00380","2025-04-18 02:00:00","4","148.03","Netherlands"
"INV101876","C00067","2025-11-19 13:11:00","8","29.75","Portugal"
"INV101877","C00440","2025-04-15 18:35:00","1","182.74","EIRE"
"INV101878","C00080","2025-02-09 22:00:00","5","160.32","Belgium"
"INV101879","C00453","2026-01-05 04:58:00","1","85.69","Netherlands"
"INV101880","C00469","2025-03-28 15:56:00","8","74.62","Portugal"
"INV101881","C00174","2025-07-12 05:51:00","3","13.23","Portugal"
"INV101882","C00353","2025-05-24 08:56:00","6","53.79","Netherlands"
"INV101883","C00258","2025-11-17 06:35:00","9","178.51","EIRE"
"INV101884","C00110","2025-10-12 00:18:00","9","168.34","EIRE"
"INV101885","C00359","2025-09-29 20:20:00","4","30.5","Italy"
"INV101886","C00211","2025-06-09 03:06:00","6","174.74","EIRE"
"INV101887","C00037","2026-01-23 10:50:00","8","199.33","France"
"INV101888","C00265","2025-10-11 23:25:00","6","171.2","Spain"
"INV101889","C00065","2025-03-24 23:31:00","4","131.68","Belgium"
"INV101890","C00211","2025-02-21 02:10:00","2","80.23","Germany"
"INV101891","C00468","2025-09-26 20:08:00","3","4.92","Italy"
"INV101892","C00034","2025-06-16 05:05:00","5","2.37","United Kingdom"
"INV101893","C00131","2025-12-20 23:29:00","4","184.22","Italy"
"INV101894","C00024","2026-01-13 13:59:00","3","99.69","EIRE"
"INV101895","C00346","2025-08-02 17:00:00","1","46.51","United Kingdom"
"INV101896","C00381","2025-04-05 00:43:00","2","48.45","United Kingdom"
"INV101897","C00366","2026-03-28 12:14:00","3","154.33","Germany"
"INV101898","C00032","2025-06-18 18:36:00","1","170.18","France"
"INV101899","C00179","2026-02-09 16:57:00","8","159.2","Portugal"
"INV101900","C00047","2025-05-16 20:39:00","3","2.51","Belgium"
"INV101901","C00073","2026-02-05 09:42:00","2","22.54","France"
"INV101902","C00419","2025-05-20 09:37:00","1","100.05","Spain"
"INV101903","C00435","2025-04-13 21:15:00","4","112.16","Spain"
"INV101904","C00291","2025-11-10 03:27:00","8","13.01","EIRE"
"INV101905","C00014","2025-01-23 08:51:00","6","152.81","France"
"INV101906","C00356","2025-12-04 17:37:00","6","18.95","Germany"
"INV101907","C00169","2025-02-25 13:48:00","5","57.87","Spain"
"INV101908","C00046","2025-04-07 08:05:00","7","48.77","France"
"INV101909","C00013","2025-04-10 06:04:00","3","179.55","Italy"
"INV101910","C00140","2026-02-01 16:02:00","8","130.4","Portugal"
"INV101911","C00154","2025-04-21 06:51:00","2","175.58","Italy"
"INV101912","C00203","2025-08-11 20:20:00","2","50.88","Belgium"
"INV101913","C00350","2026-01-08 00:35:00","6","171.08","Germany"
"INV101914","C00243","2025-09-28 20:39:00","3","184.91","France"
"INV101915","C00486","2025-05-07 14:42:00","3","138.09","Italy"
"INV101916","C00468","2025-10-25 23:13:00","9","173.6","France"
"INV101917","C00185","2025-04-14 17:24:00","4","55.47","Belgium"
"INV101918","C00075","2025-12-01 09:20:00","8","79.9","EIRE"
"INV101919","C00458","2026-03-17 15:16:00","5","151.52","Netherlands"
"INV101920","C00435","2026-03-10 12:44:00","7","181.32","EIRE"
"INV101921","C00075","2025-01-17 21:29:00","1","137.6","Spain"
"INV101922","C00373","2026-01-02 20:09:00","6","135.24","Portugal"
"INV101923","C00137","2025-06-08 20:13:00","2","146.1","Portugal"
"INV101924","C00121","2025-05-05 12:58:00","2","168.08","Germany"
"INV101925","C00189","2025-12-07 09:11:00","8","179.56","Germany"
"INV101926","C00180","2025-11-14 17:28:00","8","2.1","France"
"INV101927","C00106","2025-04-11 00:46:00","9","181.05","United Kingdom"
"CINV101928","C00285","2025-01-08 23:24:00","5","122.2","Netherlands"
"INV101929","C00414","2025-04-25 21:05:00","1","97.47","Italy"
"INV101930","C00456","2025-12-18 00:48:00","4","1.79","France"
"INV101931","C00492","2025-12-12 22:27:00","3","117.25","United Kingdom"
"INV101932","C00396","2025-11-11 12:28:00","9","69.74","Italy"
"INV101933","C00336","2025-10-24 06:12:00","4","49.28","Netherlands"
"INV101934","C00247","2025-05-17 22:52:00","6","28.84","Portugal"
"INV101935","C00162","2025-06-08 13:29:00","6","171.33","EIRE"
"INV101936","C00493","2026-02-05 07:31:00","5","63.64","Germany"
"INV101937","C00004","2025-10-08 20:35:00","5","39.29","United Kingdom"
"INV101938","C00366","2026-01-04 10:36:00","7","140.13","United Kingdom"
"INV101939","C00205","2025-02-27 10:43:00","6","141.1","United Kingdom"
"INV101940","C00379","2025-08-19 23:28:00","7","86.65","Italy"
"INV101941","C00361","2025-01-09 10:24:00","8","159.38","Italy"
"INV101942","C00391","2025-11-03 22:48:00","9","33.6","EIRE"
"INV101943","C00185","2025-06-08 05:21:00","3","67.77","Belgium"
"INV101944","C00253","2026-01-06 16:17:00","4","15.99","Italy"
"INV101945","C00461","2025-04-19 04:08:00","5","169.35","Netherlands"
"INV101946","C00487","2026-01-17 05:50:00","1","1.67","Belgium"
"INV101947","C00400","2025-06-23 14:00:00","4","3.68","United Kingdom"
"INV101948","C00006","2025-03-03 09:26:00","3","36.86","France"
"INV101949","C00340","2025-09-14 06:24:00","9","59.54","United Kingdom"
"INV101950","C00194","2025-11-16 11:59:00","5","163.05","Spain"
"CINV101951","C00132","2026-01-04 23:28:00","5","106.8","Portugal"
"INV101952","C00142","2026-02-21 15:17:00","9","144.48","Netherlands"
"INV101953","C00228","2026-03-17 07:36:00","4","124.7","Belgium"
"INV101954","C00401","2025-11-08 23:09:00","6","171.81","Spain"
"INV101955","C00337","2026-03-20 03:23:00","2","72.38","Spain"
"INV101956","C00173","2025-10-04 08:25:00","8","111.81","EIRE"
"INV101957","C00356","2025-01-12 19:36:00","3","133.85","France"
"INV101958","C00352","2026-03-30 04:24:00","4","9.83","Belgium"
"INV101959","C00025","2025-03-13 22:55:00","8","98.36","Belgium"
"INV101960","C00285","2026-02-17 20:28:00","8","24.46","France"
"INV101961","C00095","2025-11-15 08:03:00","3","65.93","EIRE"
"INV101962","C00416","2025-10-08 14:45:00","2","40.73","Spain"
"INV101963","C00073","2025-07-30 21:47:00","4","156.47","Netherlands"
"INV101964","C00014","2025-09-24 13:35:00","3","69.38","Germany"
"INV101965","C00304","2025-10-14 13:42:00","2","135.23","France"
"INV101966","C00413","2025-06-23 18:47:00","5","196.73","Italy"
"INV101967","C00462","2025-01-04 00:50:00","4","84.4","EIRE"
"INV101968","C00093","2025-09-06 17:59:00","8","193.47","Netherlands"
"INV101969","C00160","2025-08-12 06:14:00","5","5.96","France"
"INV101970","C00058","2025-03-01 14:53:00","1","143.61","France"
"INV101971","C00152","2025-07-22 17:57:00","8","187.52","Belgium"
"INV101972","C00025","2026-03-29 01:07:00","7","69.11","France"
"INV101973","C00244","2025-04-18 04:36:00","2","48.79","Netherlands"
"INV101974","C00121","2026-01-06 20:36:00","8","144.65","EIRE"
"INV101975","C00338","2025-06-17 13:37:00","5","48.22","France"
"INV101976","C00238","2025-07-15 11:41:00","1","182.74","Belgium"
"INV101977","C00451","2025-12-26 15:56:00","2","33.4","Germany"
"INV101978","C00268","2025-12-08 10:20:00","3","198.97","Germany"
"INV101979","C00381","2026-03-08 22:16:00","9","26.61","Portugal"
"INV101980","C00371","2025-05-22 02:14:00","2","148.26","Belgium"
"INV101981","C00414","2025-04-27 22:25:00","8","55.37","Netherlands"
"CINV101982","C00306","2025-08-27 21:07:00","8","18.85","France"
"INV101983","C00131","2025-05-24 21:16:00","2","128.53","United Kingdom"
"INV101984","C00081","2025-12-05 13:47:00","2","62.77","Spain"
"INV101985","C00083","2025-06-01 16:30:00","8","182.13","Italy"
"INV101986","C00479","2025-07-10 07:19:00","2","128.77","Portugal"
"INV101987","C00079","2026-02-12 16:07:00","5","155.03","Spain"
"INV101988","C00198","2025-08-23 15:00:00","1","69.31","Netherlands"
"INV101989","C00285","2025-11-26 17:10:00","7","3.43","EIRE"
"INV101990","C00406","2025-08-02 19:04:00","4","3.93","Spain"
"INV101991","C00071","2025-05-09 16:49:00","4","97.35","Portugal"
"INV101992","C00052","2025-09-27 21:27:00","1","48.22","France"
"INV101993","C00157","2025-03-25 21:15:00","5","55.26","Portugal"
"INV101994","C00160","2025-05-01 21:08:00","6","136.01","Spain"
"INV101995","C00473","2025-05-11 17:35:00","9","30.63","France"
"INV101996","C00189","2025-10-07 19:43:00","7","151.17","Spain"
"INV101997","C00254","2025-01-08 19:27:00","5","156.12","France"
"INV101998","C00302","2025-07-09 09:41:00","6","14.97","Germany"
"INV101999","C00257","2026-01-26 14:45:00","6","75.88","Spain"
"INV102000","C00027","2025-09-15 23:34:00","6","25.27","United Kingdom"
"INV102001","C00258","2025-07-10 04:35:00","8","101.81","Belgium"
"INV102002","C00018","2025-10-30 03:35:00","6","41.65","Spain"
"INV102003","C00027","2025-11-21 03:31:00","6","5.77","EIRE"
"INV102004","C00499","2025-12-10 03:25:00","3","155.41","Portugal"
"INV102005","C00017","2026-02-25 17:03:00","9","116.31","United Kingdom"
"INV102006","C00039","2026-03-11 14:32:00","2","37.51","Spain"
"INV102007","C00170","2025-09-15 16:57:00","7","149.5","United Kingdom"
"INV102008","C00465","2026-01-04 11:10:00","7","29.16","France"
"INV102009","C00277","2025-04-05 10:27:00","8","83.83","Italy"
"INV102010","C00363","2025-01-06 18:44:00","8","171.33","Belgium"
"INV102011","C00258","2025-12-07 01:38:00","8","140.3","Spain"
"INV102012","C00403","2026-02-25 09:57:00","4","142.51","EIRE"
"INV102013","C00019","2025-08-28 04:56:00","4","186.72","United Kingdom"
"INV102014","C00028","2025-07-10 16:58:00","9","91.34","Germany"
"INV102015","C00366","2025-04-05 05:42:00","1","152.09","Portugal"
"INV102016","C00229","2025-11-19 05:10:00","9","57.68","Portugal"
"INV102017","C00383","2025-03-04 16:34:00","7","23.03","Italy"
"INV102018","C00303","2025-12-31 03:23:00","4","14.25","Netherlands"
"INV102019","C00017","2026-03-25 11:01:00","6","51.56","France"
"INV102020","C00118","2025-12-03 07:50:00","1","17.26","Portugal"
"INV102021","C00040","2026-01-14 19:34:00","7","115.51","Portugal"
"INV102022","C00395","2025-11-15 10:30:00","4","134.88","EIRE"
"INV102023","C00068","2025-03-26 13:57:00","2","123.94","Portugal"
"INV102024","C00333","2025-04-13 18:39:00","3","76.84","EIRE"
"INV102025","C00344","2025-03-16 08:31:00","8","6.67","Netherlands"
"INV102026","C00134","2025-10-20 05:56:00","5","100.04","EIRE"
"INV102027","C00064","2025-07-29 04:27:00","5","8.33","Italy"
"INV102028","C00109","2025-11-22 20:46:00","5","5.31","Spain"
"INV102029","C00360","2026-01-19 14:50:00","1","139.86","Portugal"
"INV102030","C00042","2025-12-26 23:01:00","7","173.69","Portugal"
"INV102031","C00400","2025-11-28 05:46:00","3","2.09","Portugal"
"INV102032","C00135","2026-01-12 01:15:00","9","139.11","Belgium"
"INV102033","C00315","2025-07-28 04:55:00","4","43.25","Italy"
"INV102034","C00220","2025-06-28 20:10:00","4","6.06","Belgium"
"INV102035","C00218","2025-07-26 09:41:00","4","40.53","EIRE"
"INV102036","C00319","2025-07-24 19:39:00","7","72.95","Spain"
"INV102037","C00479","2025-09-03 13:18:00","4","71.39","Germany"
"INV102038","C00178","2025-09-12 10:34:00","1","12.02","Italy"
"INV102039","C00311","2025-05-16 20:27:00","6","188.31","Belgium"
"INV102040","C00091","2025-10-19 08:52:00","9","139.73","Italy"
"INV102041","C00486","2026-03-16 13:02:00","4","58.75","Italy"
"INV102042","C00006","2025-02-05 15:40:00","9","10.89","Italy"
"INV102043","C00120","2025-02-17 09:45:00","3","81.35","EIRE"
"INV102044","C00299","2025-05-09 11:43:00","1","104.84","France"
"CINV102045","C00062","2026-03-06 12:25:00","4","162.5","EIRE"
"INV102046","C00230","2025-12-08 23:16:00","3","133.82","Portugal"
"INV102047","C00256","2026-02-11 16:48:00","2","125.01","EIRE"
"INV102048","C00214","2025-06-11 06:02:00","9","32.84","EIRE"
"INV102049","C00121","2025-11-30 17:40:00","8","19.55","Belgium"
"INV102050","C00132","2025-01-31 20:07:00","3","178.2","Spain"
"INV102051","C00224","2025-08-20 20:05:00","7","193.99","Portugal"
"CINV102052","C00022","2025-12-22 07:06:00","9","46.74","Belgium"
"INV102053","C00250","2025-02-11 03:42:00","9","158.34","United Kingdom"
"INV102054","C00184","2026-02-16 00:59:00","1","43.2","Netherlands"
"INV102055","C00447","2025-04-06 09:57:00","5","60.13","France"
"INV102056","C00443","2025-08-14 05:38:00","4","75.1","United Kingdom"
"INV102057","C00151","2026-03-29 05:47:00","8","114.36","Belgium"
"INV102058","C00230","2025-03-29 14:33:00","3","101.79","France"
"INV102059","C00464","2026-01-31 09:23:00","9","130.03","Belgium"
"INV102060","C00010","2025-05-04 13:28:00","2","85.82","Spain"
"CINV102061","C00386","2025-05-20 05:59:00","5","90.46","France"
"INV102062","C00496","2025-06-11 19:06:00","7","85.45","France"
"INV102063","C00339","2026-03-26 11:32:00","7","127.92","France"
"INV102064","C00432","2026-02-24 04:02:00","3","120.65","France"
"INV102065","C00252","2025-05-13 15:44:00","7","38.77","Netherlands"
"INV102066","C00172","2025-05-09 15:42:00","2","193.08","Netherlands"
"INV102067","C00375","2026-01-30 07:37:00","5","13.6","France"
"INV102068","C00203","2025-09-07 16:40:00","2","21.12","United Kingdom"
"INV102069","C00342","2025-01-02 15:59:00","8","13.85","Portugal"
"INV102070","C00280","2025-08-25 00:44:00","5","129.2","Italy"
"INV102071","C00382","2025-12-06 08:35:00","8","169.88","EIRE"
"INV102072","C00046","2025-05-14 17:33:00","2","2.32","Spain"
"INV102073","C00196","2025-03-08 02:36:00","5","188.13","Portugal"
"INV102074","C00335","2026-01-28 06:00:00","4","181.66","Netherlands"
"INV102075","C00389","2025-11-11 02:02:00","8","43.14","United Kingdom"
"INV102076","C00154","2026-03-20 06:43:00","2","92.64","Portugal"
"INV102077","C00045","2025-02-07 21:35:00","1","11.47","France"
"INV102078","C00476","2026-03-03 13:51:00","8","169.54","France"
"INV102079","C00002","2025-05-16 03:22:00","6","17.64","Spain"
"INV102080","C00096","2025-06-06 00:21:00","2","107.61","Spain"
"INV102081","C00270","2025-07-30 00:39:00","4","153.88","Germany"
"INV102082","C00182","2025-11-19 20:16:00","4","33.5","Germany"
"INV102083","C00483","2025-02-16 21:06:00","5","115.22","Spain"
"INV102084","C00403","2026-02-20 22:52:00","4","62.49","Spain"
"INV102085","C00323","2025-02-10 03:46:00","7","188.01","Portugal"
"INV102086","C00314","2025-10-29 01:33:00","8","109.09","Belgium"
"INV102087","C00233","2025-04-02 10:00:00","3","67.09","France"
"INV102088","C00213","2025-09-18 12:45:00","9","17.1","Portugal"
"INV102089","C00277","2025-12-30 09:57:00","8","76.17","Belgium"
"INV102090","C00432","2025-04-30 17:10:00","3","173.85","Netherlands"
"INV102091","C00429","2025-11-28 11:31:00","1","82.54","Portugal"
"INV102092","C00120","2025-02-27 11:28:00","2","3.35","France"
"INV102093","C00381","2025-01-25 17:52:00","2","146.27","United Kingdom"
"CINV102094","C00303","2025-06-15 23:28:00","2","9.32","France"
"INV102095","C00122","2025-12-16 04:01:00","6","6.2","Spain"
"INV102096","C00094","2026-01-03 14:44:00","1","130.06","France"
"INV102097","C00262","2026-01-21 03:20:00","4","77.84","Germany"
"INV102098","C00193","2025-08-20 11:58:00","1","101.86","Belgium"
"INV102099","C00436","2025-07-25 18:55:00","5","42.73","Germany"
"INV102100","C00317","2025-07-03 01:38:00","3","171.85","Belgium"
"INV102101","C00467","2025-09-24 02:55:00","3","77.15","France"
"INV102102","C00275","2025-03-28 10:33:00","2","5.52","Belgium"
"INV102103","C00266","2025-10-12 08:08:00","4","199.02","United Kingdom"
"INV102104","C00434","2025-07-07 16:14:00","5","43.61","EIRE"
"INV102105","C00112","2026-01-07 10:29:00","2","5.01","Germany"
"INV102106","C00442","2025-01-20 22:16:00","9","2.24","United Kingdom"
"INV102107","C00077","2025-09-14 01:19:00","8","99.05","France"
"INV102108","C00158","2025-06-11 15:42:00","1","94.82","Italy"
"INV102109","C00089","2025-12-30 01:36:00","4","13.45","Netherlands"
"INV102110","C00362","2025-03-09 04:38:00","4","156.74","Portugal"
"INV102111","C00289","2026-01-12 13:51:00","8","80.57","Germany"
"INV102112","C00269","2025-12-04 14:29:00","8","142.86","United Kingdom"
"INV102113","C00280","2025-05-24 22:35:00","6","113.06","Belgium"
"INV102114","C00293","2025-07-31 11:37:00","4","130.16","France"
"INV102115","C00032","2026-01-19 18:18:00","8","46.72","Italy"
"INV102116","C00354","2025-07-29 09:07:00","6","177.86","EIRE"
"INV102117","C00059","2025-08-12 08:58:00","7","115.51","Belgium"
"INV102118","C00110","2025-09-02 14:44:00","7","44.19","EIRE"
"INV102119","C00049","2026-03-20 23:05:00","7","40.23","United Kingdom"
"INV102120","C00376","2025-08-25 17:03:00","8","123.49","Italy"
"INV102121","C00070","2025-06-09 00:15:00","7","100.05","Portugal"
"INV102122","C00463","2025-03-16 18:43:00","7","3.3","Italy"
"INV102123","C00461","2025-05-17 19:16:00","9","129.81","Italy"
"INV102124","C00393","2025-07-30 06:31:00","8","181.69","Spain"
"INV102125","C00147","2025-07-07 07:48:00","2","197.92","Italy"
"INV102126","C00064","2026-02-05 02:57:00","6","161.26","Belgium"
"INV102127","C00216","2025-11-12 05:36:00","9","153.85","United Kingdom"
"INV102128","C00408","2026-01-22 08:16:00","2","89.81","France"
"INV102129","C00234","2026-03-17 09:44:00","4","3.32","Belgium"
"INV102130","C00344","2026-02-16 02:59:00","9","180.24","Belgium"
"INV102131","C00435","2025-04-22 14:34:00","5","177.57","Netherlands"
"INV102132","C00178","2025-04-04 09:54:00","1","187.06","Netherlands"
"INV102133","C00447","2026-02-21 19:26:00","6","126.04","Germany"
"INV102134","C00219","2026-03-21 22:27:00","3","92.35","Netherlands"
"INV102135","C00217","2025-12-05 11:30:00","6","41.77","Portugal"
"INV102136","C00274","2025-11-11 19:30:00","6","146.56","EIRE"
"INV102137","C00463","2025-01-04 21:17:00","5","103.98","EIRE"
"INV102138","C00028","2026-02-23 20:30:00","7","44.73","Spain"
"INV102139","C00394","2025-12-19 20:57:00","1","37.66","Belgium"
"INV102140","C00035","2025-09-04 23:39:00","9","13.16","Netherlands"
"INV102141","C00216","2026-01-09 07:05:00","5","123.86","Italy"
"INV102142","C00426","2026-02-13 11:40:00","8","162.4","Spain"
"INV102143","C00168","2025-04-09 12:58:00","2","176.2","Portugal"
"INV102144","C00082","2025-01-04 16:28:00","6","52.62","Germany"
"INV102145","C00304","2025-12-10 18:17:00","5","15.38","EIRE"
"INV102146","C00201","2025-10-11 09:36:00","5","15.96","Germany"
"CINV102147","C00008","2025-09-30 01:40:00","2","133.94","EIRE"
"INV102148","C00184","2025-08-25 17:00:00","9","14.15","Portugal"
"INV102149","C00031","2025-02-11 20:25:00","4","122.85","Germany"
"INV102150","C00159","2025-01-01 06:54:00","7","164.43","Portugal"
"INV102151","C00493","2025-05-11 23:49:00","9","90.19","Portugal"
"INV102152","C00013","2025-12-25 13:51:00","5","101.62","Germany"
"INV102153","C00136","2025-11-25 07:14:00","2","119.05","EIRE"
"INV102154","C00492","2025-05-13 20:09:00","3","187.06","Italy"
"INV102155","C00012","2025-01-20 07:51:00","7","93.31","Italy"
"INV102156","C00087","2025-12-19 07:55:00","4","137.07","EIRE"
"INV102157","C00323","2025-05-18 08:08:00","6","25","United Kingdom"
"INV102158","C00085","2025-09-24 08:57:00","8","64.6","Spain"
"INV102159","C00017","2025-08-03 05:46:00","8","51.69","Italy"
"INV102160","C00324","2025-05-31 18:27:00","6","135.87","France"
"INV102161","C00383","2026-03-27 02:39:00","6","177.74","EIRE"
"INV102162","C00038","2025-07-01 03:43:00","2","169.49","Italy"
"INV102163","C00154","2025-02-22 21:49:00","9","91.56","Belgium"
"INV102164","C00401","2025-10-31 18:45:00","5","136.2","Portugal"
"INV102165","C00484","2025-11-25 09:54:00","6","105.57","Italy"
"INV102166","C00398","2025-07-11 23:41:00","1","146.51","France"
"INV102167","C00006","2025-12-04 05:07:00","5","83.81","Italy"
"INV102168","C00346","2025-05-25 09:40:00","8","23.56","Belgium"
"INV102169","C00212","2025-09-11 21:17:00","5","101.67","Spain"
"INV102170","C00031","2025-04-09 04:48:00","5","181.63","United Kingdom"
"INV102171","C00254","2025-02-18 04:21:00","8","55.48","Portugal"
"INV102172","C00442","2026-03-22 09:12:00","8","114.79","Germany"
"INV102173","C00362","2025-08-26 16:27:00","8","195.67","Germany"
"INV102174","C00443","2025-11-20 11:00:00","2","94.29","Belgium"
"INV102175","C00038","2025-01-23 15:27:00","6","91.12","Belgium"
"INV102176","C00025","2026-03-01 15:01:00","2","153.85","EIRE"
"INV102177","C00305","2025-12-10 22:55:00","1","88.6","Portugal"
"INV102178","C00170","2026-03-31 14:27:00","1","76.9","France"
"INV102179","C00108","2025-12-01 04:47:00","4","24.1","Belgium"
"INV102180","C00171","2025-12-23 03:51:00","6","69.31","Belgium"
"INV102181","C00461","2025-05-06 22:36:00","2","94.56","Spain"
"INV102182","C00245","2025-01-06 22:02:00","5","87.19","Belgium"
"INV102183","C00354","2025-03-19 10:13:00","9","19.59","Belgium"
"INV102184","C00189","2025-02-03 17:00:00","8","114.2","Belgium"
"INV102185","C00124","2026-01-11 14:12:00","5","138.91","Portugal"
"INV102186","C00249","2025-08-28 02:59:00","7","175.93","Italy"
"INV102187","C00453","2026-02-21 06:38:00","4","156.67","Italy"
"INV102188","C00249","2025-04-07 06:34:00","9","86.18","Portugal"
"INV102189","C00440","2025-01-12 08:03:00","3","176.1","Italy"
"INV102190","C00002","2025-02-20 21:42:00","3","31.77","EIRE"
"INV102191","C00006","2025-09-04 10:49:00","7","56.7","Italy"
"INV102192","C00137","2025-09-10 17:54:00","5","126.17","Belgium"
"INV102193","C00497","2026-02-28 04:28:00","5","49.63","Italy"
"INV102194","C00315","2026-02-09 04:03:00","5","115.87","Spain"
"INV102195","C00473","2025-03-17 16:54:00","6","52.75","Netherlands"
"INV102196","C00046","2025-05-03 08:47:00","7","168.85","Portugal"
"INV102197","C00480","2026-03-31 12:03:00","6","25","EIRE"
"INV102198","C00471","2025-03-02 14:14:00","2","104.33","Netherlands"
"INV102199","C00450","2025-11-10 15:17:00","1","189.9","Germany"
"INV102200","C00496","2025-06-30 18:43:00","7","92.95","EIRE"
"INV102201","C00082","2025-12-28 11:07:00","5","161.68","Belgium"
"INV102202","C00410","2026-02-08 18:23:00","2","185.26","Belgium"
"INV102203","C00065","2025-12-13 09:47:00","8","181.57","United Kingdom"
"INV102204","C00398","2025-11-29 19:30:00","5","46.35","Portugal"
"INV102205","C00394","2025-08-20 07:13:00","5","39.27","Spain"
"INV102206","C00346","2025-10-29 11:18:00","3","70.81","Italy"
"INV102207","C00187","2025-11-20 02:37:00","6","87.91","Portugal"
"INV102208","C00439","2025-01-11 14:58:00","9","118.38","Germany"
"INV102209","C00211","2025-06-17 17:49:00","3","8.88","Belgium"
"INV102210","C00462","2025-07-25 23:16:00","1","52.81","Netherlands"
"INV102211","C00220","2025-06-26 04:27:00","5","199.61","Netherlands"
"INV102212","C00080","2025-10-15 12:40:00","8","18.73","Portugal"
"INV102213","C00465","2026-03-01 10:48:00","8","27.88","Portugal"
"CINV102214","C00050","2025-12-29 14:24:00","6","101.51","Germany"
"INV102215","C00360","2025-08-08 00:35:00","5","90.19","France"
"INV102216","C00390","2026-01-03 20:14:00","8","90.71","EIRE"
"INV102217","C00080","2025-01-31 11:55:00","4","68.68","Portugal"
"INV102218","C00290","2025-01-14 12:49:00","7","129.25","Italy"
"INV102219","C00339","2025-06-28 23:34:00","5","4.4","France"
"INV102220","C00423","2025-09-28 17:25:00","3","56.06","Belgium"
"CINV102221","C00187","2025-07-23 00:24:00","7","19.54","Portugal"
"INV102222","C00065","2025-08-02 00:07:00","1","41.44","Belgium"
"INV102223","C00022","2025-09-19 15:19:00","8","177.59","Netherlands"
"INV102224","C00093","2025-05-27 02:56:00","2","122.66","EIRE"
"INV102225","C00188","2025-09-10 20:23:00","1","182.78","EIRE"
"INV102226","C00137","2025-06-06 22:09:00","2","141.58","France"
"INV102227","C00293","2025-12-15 12:40:00","9","197.93","Spain"
"INV102228","C00237","2025-08-13 05:10:00","1","123.21","Netherlands"
"INV102229","C00242","2025-10-29 01:47:00","1","69.71","Germany"
"INV102230","C00251","2025-06-05 14:23:00","6","34.07","Spain"
"INV102231","C00106","2025-09-16 09:28:00","1","59.99","Portugal"
"INV102232","C00252","2025-10-19 13:40:00","1","163","EIRE"
"INV102233","C00292","2025-01-16 07:35:00","5","95.71","Italy"
"INV102234","C00239","2025-12-15 13:25:00","1","166.38","Germany"
"INV102235","C00009","2025-09-25 08:59:00","2","10.75","Belgium"
"INV102236","C00427","2025-03-22 16:09:00","8","26.38","France"
"INV102237","C00249","2025-07-02 23:27:00","9","96.93","EIRE"
"INV102238","C00446","2025-02-11 15:21:00","3","163.93","United Kingdom"
"INV102239","C00017","2025-04-07 16:58:00","2","114.78","EIRE"
"INV102240","C00072","2025-06-21 23:21:00","6","126.34","Italy"
"INV102241","C00435","2025-11-10 16:46:00","7","186.61","Portugal"
"INV102242","C00482","2025-02-02 08:24:00","8","140.23","France"
"INV102243","C00136","2025-06-28 19:43:00","6","64.1","Italy"
"INV102244","C00026","2025-09-07 10:21:00","8","82.98","Portugal"
"INV102245","C00278","2025-06-05 20:39:00","9","171.37","Netherlands"
"CINV102246","C00007","2025-04-30 14:33:00","4","34.76","France"
"INV102247","C00029","2026-01-18 17:57:00","5","75.38","EIRE"
"INV102248","C00373","2025-10-15 11:01:00","5","114.49","Germany"
"INV102249","C00498","2025-08-23 23:14:00","3","110.04","EIRE"
"INV102250","C00169","2025-02-12 15:38:00","7","199.86","France"
"INV102251","C00402","2025-05-17 16:43:00","8","62.8","Portugal"
"INV102252","C00449","2025-05-06 02:14:00","3","163.78","Germany"
"INV102253","C00367","2025-01-28 16:45:00","6","66.35","Portugal"
"INV102254","C00236","2025-06-25 07:28:00","9","191.82","France"
"INV102255","C00064","2026-01-17 07:01:00","9","81.39","Belgium"
"INV102256","C00015","2026-01-04 09:14:00","1","24.18","Italy"
"INV102257","C00195","2025-09-08 06:58:00","4","139.99","Belgium"
"INV102258","C00322","2026-02-14 08:05:00","5","159.06","Netherlands"
"INV102259","C00251","2025-06-05 21:42:00","5","79.78","Germany"
"INV102260","C00469","2025-06-16 20:13:00","8","24.28","Spain"
"INV102261","C00011","2025-07-13 10:46:00","1","172.53","Portugal"
"INV102262","C00148","2026-02-19 07:21:00","3","59.89","Spain"
"INV102263","C00021","2025-05-10 03:05:00","3","37.46","United Kingdom"
"INV102264","C00267","2025-07-18 22:26:00","1","83.37","France"
"INV102265","C00360","2025-07-21 01:58:00","3","112.89","Belgium"
"INV102266","C00054","2025-04-30 12:31:00","1","11.48","Portugal"
"INV102267","C00261","2026-02-11 01:12:00","2","133.01","Portugal"
"INV102268","C00190","2025-10-03 16:30:00","8","112.95","France"
"INV102269","C00309","2025-11-29 18:27:00","5","143.22","Italy"
"INV102270","C00431","2025-01-23 14:56:00","5","17.77","EIRE"
"INV102271","C00124","2025-12-16 11:01:00","4","10.89","Spain"
"INV102272","C00277","2025-07-19 09:13:00","5","82.62","Germany"
"INV102273","C00496","2025-03-27 10:49:00","4","158.89","Netherlands"
"INV102274","C00102","2026-03-26 21:09:00","3","119.9","Portugal"
"INV102275","C00062","2025-10-24 18:30:00","9","105.03","Portugal"
"INV102276","C00402","2025-01-25 16:47:00","8","168.57","EIRE"
"INV102277","C00014","2025-10-14 22:12:00","6","154.32","Portugal"
"INV102278","C00338","2026-01-11 12:07:00","8","93.89","Belgium"
"INV102279","C00446","2025-04-27 22:10:00","6","64.86","Spain"
"INV102280","C00401","2025-01-07 06:23:00","4","32.46","Italy"
"INV102281","C00337","2025-07-06 20:30:00","1","99.49","France"
"INV102282","C00105","2025-07-09 18:38:00","1","122.13","Netherlands"
"INV102283","C00322","2025-12-04 06:32:00","7","64.6","Portugal"
"INV102284","C00228","2025-06-20 21:44:00","2","186.92","Portugal"
"CINV102285","C00236","2026-01-11 08:19:00","9","136.32","Germany"
"INV102286","C00408","2025-11-02 05:28:00","8","33.13","Belgium"
"INV102287","C00046","2025-10-17 23:57:00","9","107.71","Italy"
"INV102288","C00221","2025-09-29 19:13:00","6","82.8","Italy"
"INV102289","C00392","2025-05-05 17:24:00","6","113.24","Portugal"
"INV102290","C00416","2026-03-24 01:20:00","5","168.49","France"
"INV102291","C00438","2026-01-18 15:22:00","9","4.48","Spain"
"INV102292","C00085","2025-06-10 19:07:00","3","51.14","Italy"
"INV102293","C00191","2025-01-20 23:01:00","2","61.82","EIRE"
"INV102294","C00288","2025-11-07 00:11:00","4","135.52","Portugal"
"INV102295","C00060","2026-01-20 19:28:00","8","186.8","France"
"INV102296","C00348","2026-01-05 14:15:00","2","191.35","Germany"
"INV102297","C00314","2025-10-30 21:35:00","7","189.37","EIRE"
"INV102298","C00452","2025-03-06 09:46:00","8","140.45","Italy"
"INV102299","C00344","2025-12-28 19:45:00","1","23.15","France"
"INV102300","C00369","2025-11-06 12:35:00","6","167.53","Portugal"
"INV102301","C00259","2026-01-10 08:44:00","8","186.62","Italy"
"INV102302","C00492","2025-09-28 07:41:00","5","30.57","Portugal"
"INV102303","C00282","2026-01-12 07:35:00","4","20.87","France"
"INV102304","C00343","2025-05-22 03:57:00","9","94.47","Netherlands"
"INV102305","C00101","2025-03-08 22:32:00","7","99.54","Portugal"
"INV102306","C00021","2025-12-26 14:23:00","5","1.57","Spain"
"INV102307","C00205","2026-02-12 21:34:00","2","18.93","Portugal"
"INV102308","C00301","2025-01-04 22:54:00","1","127.94","EIRE"
"INV102309","C00466","2025-08-15 16:26:00","5","85.7","Netherlands"
"INV102310","C00390","2025-09-03 13:19:00","6","149.76","Portugal"
"INV102311","C00484","2025-05-24 22:03:00","5","104.45","Spain"
"INV102312","C00136","2025-09-26 06:34:00","3","88.19","Portugal"
"INV102313","C00250","2025-08-13 19:24:00","3","67.63","Portugal"
"CINV102314","C00349","2025-05-06 04:21:00","7","136.97","Netherlands"
"INV102315","C00467","2025-10-02 07:55:00","8","55.5","Netherlands"
"INV102316","C00019","2025-11-22 03:28:00","5","23.34","Italy"
"INV102317","C00300","2025-06-02 11:05:00","4","10.09","Netherlands"
"INV102318","C00223","2025-07-03 07:57:00","1","150.57","Netherlands"
"INV102319","C00194","2025-07-13 20:07:00","6","57.15","Spain"
"INV102320","C00244","2025-03-08 16:47:00","3","145.09","Netherlands"
"INV102321","C00076","2026-02-21 06:32:00","2","194","Belgium"
"INV102322","C00436","2026-03-27 06:00:00","7","81.64","United Kingdom"
"INV102323","C00078","2025-04-28 14:18:00","7","197.18","Spain"
"INV102324","C00310","2025-01-03 08:13:00","4","192.14","Italy"
"INV102325","C00108","2025-05-14 15:21:00","5","24.48","Portugal"
"INV102326","C00365","2025-08-09 11:32:00","4","143.21","United Kingdom"
"INV102327","C00134","2025-01-19 09:09:00","4","19.98","Spain"
"INV102328","C00158","2025-03-19 17:00:00","2","191.86","EIRE"
"CINV102329","C00051","2025-04-14 04:21:00","3","86.26","Belgium"
"INV102330","C00054","2026-02-19 22:30:00","2","3.88","Germany"
"INV102331","C00392","2025-02-28 09:18:00","3","18.06","EIRE"
"INV102332","C00111","2025-01-17 12:04:00","9","97","France"
"INV102333","C00269","2026-02-16 18:47:00","3","44.12","Belgium"
"INV102334","C00139","2025-01-11 20:02:00","5","178.89","Portugal"
"CINV102335","C00444","2026-02-22 10:51:00","2","162.94","Netherlands"
"INV102336","C00396","2025-07-19 09:48:00","6","51.77","Netherlands"
"INV102337","C00076","2025-12-09 11:41:00","8","11.46","Belgium"
"INV102338","C00179","2025-07-15 05:59:00","9","185.37","Spain"
"INV102339","C00397","2025-05-14 05:43:00","4","127.39","Netherlands"
"INV102340","C00328","2025-11-12 07:34:00","4","28.01","United Kingdom"
"INV102341","C00204","2025-01-09 14:38:00","2","86.07","Belgium"
"INV102342","C00465","2025-03-16 15:46:00","2","101.69","United Kingdom"
"INV102343","C00307","2026-03-25 17:39:00","4","110.9","Germany"
"INV102344","C00042","2026-03-03 18:53:00","5","180.43","Portugal"
"INV102345","C00153","2025-05-18 08:11:00","1","173.37","France"
"INV102346","C00183","2026-02-21 12:04:00","9","69.59","Germany"
"INV102347","C00137","2025-02-01 12:55:00","2","143.09","Italy"
"INV102348","C00146","2025-01-19 14:54:00","1","107.84","EIRE"
"INV102349","C00219","2025-06-16 03:22:00","7","185.2","Belgium"
"INV102350","C00347","2025-02-23 05:32:00","3","66.82","Italy"
"INV102351","C00490","2025-06-14 18:52:00","4","181.93","Italy"
"INV102352","C00179","2025-06-03 00:23:00","9","12.5","France"
"INV102353","C00233","2025-08-14 12:58:00","5","61.4","Italy"
"INV102354","C00125","2025-04-28 03:15:00","8","84.98","United Kingdom"
"INV102355","C00494","2025-08-13 01:18:00","4","177.03","EIRE"
"INV102356","C00083","2025-07-23 20:01:00","1","100.42","EIRE"
"INV102357","C00489","2026-02-18 04:00:00","7","17.47","Portugal"
"INV102358","C00254","2025-12-28 13:29:00","7","178.76","United Kingdom"
"INV102359","C00089","2026-03-06 07:07:00","3","37.18","France"
"INV102360","C00199","2025-12-08 17:21:00","4","36.38","Portugal"
"INV102361","C00097","2025-10-11 21:53:00","2","61.57","Italy"
"INV102362","C00493","2025-12-13 06:02:00","4","173.64","Netherlands"
"INV102363","C00325","2025-09-07 03:52:00","1","11.48","Portugal"
"INV102364","C00459","2025-04-26 03:17:00","5","105.06","France"
"INV102365","C00256","2025-06-25 18:59:00","5","124.91","Portugal"
"INV102366","C00348","2025-11-11 19:00:00","5","188.85","Italy"
"INV102367","C00175","2025-12-14 16:09:00","9","58.51","Netherlands"
"INV102368","C00357","2025-07-11 19:43:00","9","12.68","United Kingdom"
"INV102369","C00293","2025-06-08 12:00:00","9","41.02","Portugal"
"INV102370","C00240","2026-02-25 09:10:00","8","75.62","Italy"
"INV102371","C00278","2026-01-06 04:23:00","4","12.34","Netherlands"
"INV102372","C00451","2025-10-29 07:43:00","7","105.49","Portugal"
"INV102373","C00417","2025-01-20 04:23:00","5","129.39","Belgium"
"INV102374","C00164","2025-03-20 19:12:00","8","66.85","United Kingdom"
"INV102375","C00273","2025-08-09 02:13:00","9","74.51","United Kingdom"
"INV102376","C00116","2025-04-23 07:50:00","2","136.62","Spain"
"INV102377","C00354","2026-02-23 15:05:00","5","58.75","EIRE"
"INV102378","C00183","2025-07-25 05:54:00","4","73.77","Germany"
"INV102379","C00440","2025-01-21 09:41:00","5","106.59","Italy"
"INV102380","C00206","2025-03-17 05:59:00","4","121.35","Netherlands"
"INV102381","C00140","2025-08-05 06:58:00","7","162.59","Germany"
"INV102382","C00193","2025-03-27 14:07:00","8","172.63","Portugal"
"INV102383","C00167","2026-02-18 13:22:00","6","40.94","Italy"
"INV102384","C00249","2025-03-27 23:28:00","4","23.14","Italy"
"INV102385","C00230","2025-10-27 23:35:00","3","163.51","EIRE"
"INV102386","C00348","2025-03-03 11:54:00","9","10.81","Italy"
"INV102387","C00056","2025-07-17 04:22:00","3","164.01","Germany"
"INV102388","C00235","2025-08-16 04:13:00","7","34.86","EIRE"
"INV102389","C00314","2025-05-20 21:20:00","6","35.59","Belgium"
"INV102390","C00287","2025-10-13 16:16:00","3","100.4","Belgium"
"INV102391","C00108","2025-08-09 19:20:00","1","96.88","France"
"INV102392","C00088","2025-08-24 18:13:00","1","114.62","France"
"INV102393","C00200","2025-03-02 18:10:00","1","197.49","France"
"INV102394","C00028","2025-01-21 09:10:00","2","31.11","Portugal"
"INV102395","C00152","2025-04-05 18:15:00","9","112.91","Portugal"
"INV102396","C00050","2025-12-01 03:38:00","7","122.88","Belgium"
"INV102397","C00215","2025-04-10 10:25:00","2","27.6","EIRE"
"INV102398","C00444","2025-03-25 19:52:00","8","142.25","Germany"
"INV102399","C00099","2025-09-24 00:46:00","7","160.43","Belgium"
"INV102400","C00402","2025-12-07 09:15:00","5","84.52","Belgium"
"INV102401","C00023","2025-11-08 12:15:00","7","150.85","France"
"INV102402","C00083","2026-01-05 04:21:00","4","145.6","United Kingdom"
"INV102403","C00353","2025-08-16 20:00:00","7","11.38","Spain"
"INV102404","C00333","2025-11-03 06:50:00","1","63.85","France"
"INV102405","C00420","2025-04-12 23:14:00","5","151.38","Netherlands"
"INV102406","C00015","2025-12-03 17:12:00","9","12.43","Belgium"
"INV102407","C00425","2025-03-15 09:38:00","7","13.53","EIRE"
"INV102408","C00283","2025-07-14 08:38:00","7","47.47","Spain"
"INV102409","C00362","2025-11-27 12:53:00","6","68.32","Netherlands"
"INV102410","C00015","2026-01-18 21:31:00","2","170.66","Spain"
"INV102411","C00372","2026-02-14 23:00:00","3","82.83","France"
"INV102412","C00363","2025-09-20 13:07:00","4","133.47","EIRE"
"INV102413","C00026","2026-01-25 18:20:00","1","30.88","France"
"INV102414","C00052","2025-09-07 08:38:00","9","47.63","Germany"
"INV102415","C00078","2025-09-21 11:17:00","9","195.63","Portugal"
"INV102416","C00112","2026-02-22 00:50:00","1","151.78","Italy"
"INV102417","C00248","2025-01-17 07:52:00","8","149.28","Spain"
"INV102418","C00336","2025-04-29 23:44:00","9","9.21","EIRE"
"INV102419","C00264","2025-02-08 14:30:00","6","48.13","United Kingdom"
"INV102420","C00262","2025-01-10 21:52:00","1","150.86","France"
"INV102421","C00187","2025-10-29 23:56:00","7","36.99","Spain"
"INV102422","C00229","2026-01-30 13:25:00","1","101.38","EIRE"
"INV102423","C00158","2026-02-19 06:49:00","1","136.6","United Kingdom"
"INV102424","C00480","2025-11-25 01:15:00","2","131.05","United Kingdom"
"INV102425","C00377","2025-09-12 11:26:00","5","142.5","United Kingdom"
"INV102426","C00198","2025-10-06 22:22:00","6","74.75","Belgium"
"CINV102427","C00299","2025-08-09 04:16:00","7","141.47","Portugal"
"CINV102428","C00430","2026-01-27 22:20:00","7","144.71","Spain"
"INV102429","C00121","2025-12-01 07:03:00","2","4.33","Belgium"
"INV102430","C00393","2025-01-29 15:56:00","7","28.43","France"
"INV102431","C00444","2025-04-06 04:00:00","8","70.32","Spain"
"INV102432","C00166","2025-08-20 03:17:00","9","73.48","EIRE"
"INV102433","C00026","2025-08-18 05:33:00","8","164.3","Spain"
"INV102434","C00053","2025-07-06 16:22:00","1","95.2","Netherlands"
"CINV102435","C00416","2026-03-01 07:06:00","9","142.65","Italy"
"INV102436","C00169","2025-06-30 02:23:00","9","35.65","Belgium"
"INV102437","C00430","2025-12-10 07:02:00","7","1.63","Netherlands"
"INV102438","C00283","2025-06-17 13:22:00","1","25.89","EIRE"
"INV102439","C00257","2025-11-02 08:12:00","6","179.94","Netherlands"
"INV102440","C00488","2025-12-23 07:26:00","3","42.23","Portugal"
"INV102441","C00107","2025-01-20 19:39:00","8","85.16","France"
"INV102442","C00243","2025-11-07 04:51:00","3","191.35","EIRE"
"INV102443","C00164","2025-02-05 20:54:00","3","116.46","EIRE"
"INV102444","C00355","2025-12-16 05:16:00","7","73.99","United Kingdom"
"CINV102445","C00009","2025-07-30 18:06:00","4","192.93","United Kingdom"
"INV102446","C00481","2025-05-08 22:59:00","9","132.79","Belgium"
"INV102447","C00406","2025-07-31 16:45:00","4","107.53","EIRE"
"INV102448","C00389","2025-06-20 14:51:00","9","191.67","Spain"
"INV102449","C00186","2025-01-09 01:45:00","3","148.73","France"
"INV102450","C00061","2025-06-27 13:43:00","5","34.63","EIRE"
"INV102451","C00357","2026-01-22 14:27:00","8","8.13","Belgium"
"INV102452","C00213","2025-05-15 10:16:00","7","199.13","Germany"
"INV102453","C00001","2026-02-12 16:04:00","7","142.78","United Kingdom"
"INV102454","C00459","2025-03-06 08:22:00","2","4.97","France"
"INV102455","C00364","2025-08-01 00:17:00","8","173.96","Italy"
"INV102456","C00361","2025-08-06 17:08:00","7","175.95","Netherlands"
"INV102457","C00426","2026-03-31 07:39:00","5","177.26","United Kingdom"
"INV102458","C00287","2025-07-24 13:47:00","5","13.65","EIRE"
"INV102459","C00248","2025-04-21 04:32:00","9","117.86","Spain"
"INV102460","C00129","2025-07-07 03:06:00","5","21","EIRE"
"INV102461","C00003","2025-04-08 12:01:00","8","172.77","Belgium"
"INV102462","C00169","2025-11-19 10:16:00","2","43.21","France"
"INV102463","C00019","2025-05-09 00:05:00","8","87.07","Portugal"
"INV102464","C00068","2025-11-19 10:51:00","4","110.25","France"
"INV102465","C00485","2026-02-03 17:42:00","6","129.55","United Kingdom"
"INV102466","C00008","2025-05-02 06:41:00","9","75.62","Germany"
"INV102467","C00268","2025-07-24 00:00:00","1","52.75","Italy"
"INV102468","C00039","2025-08-19 05:18:00","2","40.3","Germany"
"INV102469","C00459","2025-12-12 12:01:00","6","113.11","EIRE"
"INV102470","C00307","2025-03-16 04:54:00","6","92.58","Germany"
"INV102471","C00465","2025-11-03 23:15:00","9","37.38","Spain"
"INV102472","C00407","2025-11-29 01:31:00","6","72.19","Belgium"
"INV102473","C00055","2025-07-11 02:53:00","3","165.74","United Kingdom"
"INV102474","C00494","2025-01-12 20:35:00","1","191.35","Netherlands"
"INV102475","C00362","2025-06-14 05:39:00","7","179","Germany"
"INV102476","C00258","2025-03-19 23:12:00","7","175.19","Italy"
"INV102477","C00069","2025-05-07 08:37:00","9","112.92","Italy"
"INV102478","C00011","2025-06-19 12:06:00","4","195.11","France"
"INV102479","C00146","2025-01-10 10:04:00","5","99.32","EIRE"
"INV102480","C00247","2026-02-02 17:18:00","9","156.67","Spain"
"INV102481","C00025","2025-04-11 00:48:00","4","163.64","Germany"
"INV102482","C00455","2025-01-12 15:40:00","7","49.97","Netherlands"
"INV102483","C00105","2025-04-04 06:43:00","7","143.19","France"
"INV102484","C00105","2025-11-27 03:52:00","8","78.32","France"
"CINV102485","C00316","2025-11-12 09:28:00","6","80.02","Italy"
"INV102486","C00004","2025-04-22 15:50:00","1","182.29","EIRE"
"INV102487","C00021","2025-06-02 20:50:00","8","143","United Kingdom"
"INV102488","C00499","2025-04-21 17:21:00","6","184.07","Portugal"
"INV102489","C00092","2025-02-11 22:57:00","2","140.3","United Kingdom"
"INV102490","C00244","2025-02-01 10:21:00","9","139.43","Italy"
"INV102491","C00240","2025-10-22 11:44:00","6","188.51","Spain"
"INV102492","C00322","2025-04-14 21:01:00","7","44.84","Belgium"
"INV102493","C00379","2025-03-17 21:40:00","1","132.34","Italy"
"INV102494","C00075","2025-01-29 17:26:00","7","170.54","United Kingdom"
"INV102495","C00343","2025-05-15 11:10:00","2","73.37","EIRE"
"INV102496","C00092","2026-02-21 09:55:00","2","32.29","France"
"INV102497","C00428","2025-08-31 07:47:00","9","51.26","France"
"INV102498","C00307","2025-04-13 06:33:00","2","194.14","Germany"
"INV102499","C00391","2025-12-22 13:49:00","3","127.66","EIRE"
"INV102500","C00123","2026-02-02 23:16:00","1","187.46","Italy"
"INV102501","C00079","2025-09-14 22:25:00","9","161.33","France"
"INV102502","C00140","2025-01-02 18:28:00","3","132.59","United Kingdom"
"INV102503","C00253","2025-07-28 07:02:00","4","29.96","Portugal"
"INV102504","C00046","2025-05-03 02:32:00","1","117.57","Netherlands"
"INV102505","C00017","2025-04-06 18:26:00","1","1.91","United Kingdom"
"INV102506","C00048","2025-03-31 03:05:00","1","34.71","Portugal"
"INV102507","C00189","2025-05-19 01:28:00","4","14.72","Belgium"
"INV102508","C00375","2025-05-02 22:54:00","1","14.19","Portugal"
"INV102509","C00175","2025-04-03 06:40:00","2","34.79","Belgium"
"INV102510","C00164","2025-02-28 13:13:00","3","68.97","Spain"
"INV102511","C00339","2025-05-04 16:14:00","3","186.46","Italy"
"INV102512","C00203","2025-06-10 17:19:00","7","162.35","Italy"
"INV102513","C00280","2025-06-20 16:55:00","9","7.2","Spain"
"INV102514","C00070","2025-12-07 15:38:00","7","146.93","Italy"
"INV102515","C00078","2025-09-12 09:29:00","2","166.3","EIRE"
"INV102516","C00498","2025-09-23 06:55:00","7","38.75","Belgium"
"INV102517","C00169","2025-03-27 07:47:00","9","35.46","France"
"INV102518","C00416","2025-01-20 11:28:00","2","88.34","Belgium"
"INV102519","C00019","2025-12-06 11:31:00","5","23.75","Germany"
"INV102520","C00313","2025-09-04 07:44:00","5","22.36","Germany"
"INV102521","C00297","2025-05-20 07:45:00","3","10.76","Portugal"
"INV102522","C00209","2025-10-19 09:02:00","7","33.26","EIRE"
"INV102523","C00416","2026-03-10 06:11:00","2","2.61","United Kingdom"
"INV102524","C00491","2025-08-14 01:38:00","7","108.85","France"
"INV102525","C00161","2025-02-21 10:47:00","3","41.2","Portugal"
"INV102526","C00263","2025-01-16 12:27:00","9","187.96","Germany"
"INV102527","C00314","2026-03-26 01:02:00","5","23.67","EIRE"
"INV102528","C00465","2026-03-28 03:35:00","1","79.64","Netherlands"
"INV102529","C00063","2025-09-30 11:32:00","7","165.05","France"
"INV102530","C00123","2025-04-26 20:22:00","7","29.95","Spain"
"INV102531","C00315","2025-07-26 09:23:00","9","99.09","Germany"
"INV102532","C00278","2025-03-02 01:17:00","3","163.8","Portugal"
"INV102533","C00412","2026-02-02 02:41:00","8","166.01","Germany"
"INV102534","C00011","2025-06-30 16:51:00","4","144.69","United Kingdom"
"INV102535","C00175","2026-03-30 07:54:00","7","23.6","Belgium"
"INV102536","C00415","2025-04-09 21:46:00","2","131.54","Italy"
"INV102537","C00336","2025-04-22 03:15:00","3","8.37","Spain"
"CINV102538","C00150","2025-03-07 20:04:00","3","26.26","Italy"
"INV102539","C00142","2025-02-24 18:50:00","3","170.91","Spain"
"INV102540","C00432","2025-05-19 10:14:00","3","144.62","Italy"
"INV102541","C00318","2025-01-27 13:20:00","8","199.48","France"
"INV102542","C00028","2025-08-19 23:29:00","8","171.06","Spain"
"INV102543","C00160","2025-04-23 07:13:00","8","48.2","Netherlands"
"INV102544","C00391","2026-02-06 22:56:00","2","132.81","EIRE"
"INV102545","C00401","2025-03-14 07:56:00","4","86.69","Belgium"
"INV102546","C00278","2025-05-28 05:52:00","5","160.22","Netherlands"
"INV102547","C00278","2025-12-17 16:22:00","3","88.3","Germany"
"INV102548","C00293","2025-01-08 08:57:00","6","74.97","Germany"
"INV102549","C00396","2025-02-27 04:12:00","9","63.23","Spain"
"INV102550","C00343","2025-10-23 17:29:00","2","71.05","France"
"INV102551","C00119","2026-02-22 07:26:00","3","29.99","France"
"INV102552","C00219","2025-05-06 16:12:00","6","45.99","Portugal"
"INV102553","C00486","2026-02-06 13:05:00","1","93.77","Netherlands"
"INV102554","C00043","2025-04-17 04:18:00","6","16.17","France"
"INV102555","C00214","2025-04-24 14:50:00","8","44.27","Belgium"
"INV102556","C00078","2026-02-04 16:17:00","3","141.03","Germany"
"INV102557","C00089","2026-01-01 07:11:00","5","122.54","Italy"
"INV102558","C00141","2026-03-21 07:18:00","4","175.61","United Kingdom"
"INV102559","C00274","2025-09-29 17:47:00","6","159.75","France"
"INV102560","C00239","2025-03-03 09:51:00","2","185.08","United Kingdom"
"INV102561","C00478","2025-09-25 11:03:00","5","3.97","Germany"
"INV102562","C00025","2025-02-01 22:56:00","1","37.52","Spain"
"INV102563","C00177","2025-11-12 14:33:00","6","104.77","EIRE"
"INV102564","C00438","2025-03-29 09:36:00","7","21.95","Portugal"
"INV102565","C00495","2026-02-18 07:55:00","6","124.49","Spain"
"INV102566","C00356","2026-01-12 01:43:00","3","8.05","Italy"
"INV102567","C00099","2025-04-20 12:06:00","6","19.11","EIRE"
"INV102568","C00296","2025-11-05 02:35:00","1","86.79","EIRE"
"INV102569","C00448","2025-08-30 06:26:00","2","154.3","Netherlands"
"INV102570","C00373","2025-05-25 07:42:00","6","98.53","United Kingdom"
"INV102571","C00491","2025-09-29 10:36:00","8","150.05","Belgium"
"INV102572","C00484","2025-04-24 05:47:00","3","56.08","United Kingdom"
"INV102573","C00049","2025-09-01 13:21:00","8","155.42","France"
"INV102574","C00204","2026-03-27 23:30:00","5","103.79","Netherlands"
"INV102575","C00077","2025-07-22 10:31:00","3","142.85","EIRE"
"INV102576","C00215","2025-04-29 01:02:00","9","171.66","EIRE"
"INV102577","C00413","2026-01-11 17:38:00","8","96.43","Germany"
"INV102578","C00425","2025-07-19 10:30:00","9","49.45","United Kingdom"
"INV102579","C00317","2025-05-22 08:00:00","9","160.41","Portugal"
"INV102580","C00353","2025-09-25 07:35:00","4","147.49","Italy"
"INV102581","C00168","2025-05-25 14:48:00","1","115.73","United Kingdom"
"INV102582","C00008","2026-02-20 17:11:00","5","168.99","EIRE"
"INV102583","C00331","2026-01-06 21:21:00","2","171.07","Belgium"
"INV102584","C00410","2025-08-12 06:37:00","2","59.68","Netherlands"
"INV102585","C00023","2025-09-15 11:34:00","2","121.49","Italy"
"INV102586","C00497","2025-04-24 13:44:00","3","31.2","Spain"
"INV102587","C00073","2025-10-12 14:44:00","7","48.87","France"
"INV102588","C00338","2026-01-20 04:48:00","6","103.36","Spain"
"INV102589","C00475","2026-03-12 18:01:00","4","133.3","Italy"
"INV102590","C00231","2025-12-12 19:03:00","7","180.59","Germany"
"INV102591","C00264","2025-12-02 18:13:00","6","35.74","United Kingdom"
"INV102592","C00255","2025-02-18 03:47:00","4","30.86","Belgium"
"INV102593","C00445","2025-05-18 19:52:00","2","135.49","Spain"
"INV102594","C00168","2025-02-03 16:03:00","7","198.48","EIRE"
"INV102595","C00031","2025-05-12 23:20:00","2","168.11","United Kingdom"
"INV102596","C00143","2025-05-24 01:35:00","9","163.01","France"
"INV102597","C00067","2025-01-31 06:50:00","7","56.97","EIRE"
"INV102598","C00130","2025-07-14 10:45:00","8","116.67","Spain"
"INV102599","C00007","2025-05-12 01:44:00","2","21.96","Portugal"
"INV102600","C00248","2026-02-01 00:19:00","8","191.85","Portugal"
"INV102601","C00299","2025-05-11 06:08:00","6","59.76","Belgium"
"INV102602","C00292","2026-01-27 23:53:00","5","138.79","France"
"INV102603","C00008","2025-07-08 08:51:00","5","45.5","EIRE"
"INV102604","C00166","2026-03-03 05:32:00","3","124.18","United Kingdom"
"INV102605","C00352","2025-08-12 00:45:00","5","109.37","EIRE"
"CINV102606","C00202","2025-10-07 11:45:00","3","82.29","Italy"
"INV102607","C00292","2025-06-11 20:34:00","8","60.67","France"
"INV102608","C00378","2025-01-19 10:55:00","5","145.56","Spain"
"INV102609","C00307","2025-04-04 17:13:00","5","13.13","EIRE"
"INV102610","C00196","2025-01-02 11:57:00","8","97.19","EIRE"
"INV102611","C00285","2025-01-31 10:44:00","4","118.97","United Kingdom"
"INV102612","C00376","2026-03-14 18:58:00","1","71.15","EIRE"
"INV102613","C00376","2025-05-07 11:36:00","3","63.99","Germany"
"INV102614","C00168","2025-08-16 20:13:00","4","17.47","Belgium"
"INV102615","C00088","2025-08-29 13:23:00","2","29.87","Netherlands"
"INV102616","C00458","2025-11-24 02:49:00","6","97.74","Portugal"
"INV102617","C00430","2026-02-11 02:03:00","5","121.5","United Kingdom"
"CINV102618","C00003","2025-07-18 05:01:00","7","118.39","Spain"
"INV102619","C00037","2026-03-23 16:56:00","7","57.22","Italy"
"INV102620","C00358","2025-05-29 02:17:00","4","112.94","Germany"
"INV102621","C00211","2025-02-20 01:57:00","8","13.38","EIRE"
"INV102622","C00013","2025-02-01 21:18:00","4","198","Germany"
"INV102623","C00128","2025-01-03 11:37:00","7","87.3","Belgium"
"INV102624","C00422","2025-03-23 11:03:00","7","45.6","EIRE"
"INV102625","C00175","2025-09-06 00:01:00","8","17.59","Belgium"
"INV102626","C00327","2025-04-06 18:25:00","6","6.4","Portugal"
"INV102627","C00455","2025-05-17 14:45:00","1","81.88","United Kingdom"
"INV102628","C00323","2025-08-27 21:47:00","4","73.7","Netherlands"
"INV102629","C00452","2025-11-13 15:15:00","7","27.98","EIRE"
"INV102630","C00360","2025-08-02 19:02:00","2","21.41","Italy"
"INV102631","C00409","2026-01-25 16:22:00","7","138.28","France"
"INV102632","C00129","2025-01-02 17:51:00","9","76.4","United Kingdom"
"INV102633","C00077","2026-02-06 08:25:00","5","85.35","Belgium"
"INV102634","C00234","2025-12-04 04:25:00","3","174.66","France"
"INV102635","C00045","2025-06-10 05:12:00","1","152.19","Germany"
"INV102636","C00162","2025-04-13 07:20:00","4","174.22","EIRE"
"INV102637","C00165","2025-05-10 15:25:00","7","58.84","Netherlands"
"INV102638","C00209","2026-03-15 20:51:00","6","115.73","Germany"
"INV102639","C00423","2025-12-23 12:31:00","8","135.37","Portugal"
"INV102640","C00283","2025-12-21 11:28:00","1","78.35","Belgium"
"INV102641","C00023","2025-12-17 01:45:00","8","152.06","Belgium"
"INV102642","C00489","2025-03-10 21:58:00","3","69.91","Belgium"
"INV102643","C00396","2025-04-26 18:49:00","8","78.14","Belgium"
"INV102644","C00049","2025-03-29 09:10:00","1","15.52","Netherlands"
"INV102645","C00028","2025-08-09 06:31:00","3","43.58","United Kingdom"
"INV102646","C00152","2025-07-05 19:54:00","1","25.69","Spain"
"INV102647","C00463","2025-08-19 20:41:00","2","84.53","Italy"
"INV102648","C00400","2025-12-16 12:57:00","6","148.91","United Kingdom"
"INV102649","C00298","2025-03-30 08:40:00","2","32.72","Italy"
"INV102650","C00169","2025-07-25 19:42:00","8","185.68","Belgium"
"INV102651","C00213","2025-08-21 01:29:00","4","88.91","Italy"
"INV102652","C00279","2025-05-07 14:50:00","6","142.46","Belgium"
"INV102653","C00279","2026-02-27 17:02:00","6","110.7","Italy"
"INV102654","C00269","2025-03-16 01:52:00","3","66.13","Portugal"
"INV102655","C00137","2025-08-23 09:23:00","5","46.71","France"
"INV102656","C00125","2025-05-26 00:29:00","2","71.64","Italy"
"INV102657","C00379","2025-07-30 17:16:00","8","32.77","Belgium"
"INV102658","C00150","2025-11-11 18:16:00","5","136.24","Spain"
"INV102659","C00078","2025-01-06 11:32:00","1","177.22","EIRE"
"INV102660","C00388","2025-09-14 01:08:00","9","198.32","Spain"
"INV102661","C00169","2025-02-01 17:52:00","6","31.77","United Kingdom"
"INV102662","C00171","2025-08-04 15:39:00","3","122.94","Italy"
"INV102663","C00356","2025-04-09 11:55:00","6","37.59","Belgium"
"INV102664","C00200","2026-02-18 21:04:00","5","89.27","United Kingdom"
"INV102665","C00085","2025-08-01 01:43:00","9","144.06","Spain"
"INV102666","C00019","2025-09-02 16:42:00","3","61.34","Italy"
"INV102667","C00295","2025-07-30 00:36:00","1","2.99","United Kingdom"
"INV102668","C00088","2025-06-15 19:53:00","5","194.58","Belgium"
"INV102669","C00047","2025-05-10 23:35:00","1","22.23","Germany"
"INV102670","C00059","2025-05-19 21:59:00","1","10.4","Belgium"
"INV102671","C00334","2025-05-12 06:32:00","4","33.64","Spain"
"INV102672","C00076","2025-08-10 06:00:00","9","176.97","United Kingdom"
"INV102673","C00396","2025-11-05 03:35:00","9","191.91","Spain"
"INV102674","C00098","2025-12-25 15:00:00","6","121.76","Italy"
"INV102675","C00010","2025-02-21 13:45:00","7","100.16","Netherlands"
"INV102676","C00344","2025-12-30 07:06:00","1","166.29","Spain"
"INV102677","C00141","2025-07-27 09:42:00","1","1.76","Netherlands"
"INV102678","C00401","2025-06-02 11:20:00","3","107.36","United Kingdom"
"INV102679","C00229","2025-04-21 06:07:00","3","33.96","EIRE"
"INV102680","C00080","2025-02-20 09:13:00","7","49.84","EIRE"
"INV102681","C00225","2025-03-12 04:54:00","7","76.51","Spain"
"INV102682","C00037","2025-10-22 04:52:00","7","130.42","Italy"
"INV102683","C00160","2025-02-10 04:39:00","9","28.08","Netherlands"
"INV102684","C00054","2026-01-31 01:49:00","5","1.51","EIRE"
"INV102685","C00273","2025-08-04 07:48:00","9","180.72","Belgium"
"INV102686","C00103","2025-04-02 09:06:00","3","156.37","EIRE"
"INV102687","C00072","2025-10-17 00:52:00","7","73.37","Italy"
"INV102688","C00409","2026-02-20 20:46:00","3","167.42","Netherlands"
"INV102689","C00432","2026-03-29 01:08:00","6","82.74","Germany"
"INV102690","C00175","2025-09-11 18:35:00","6","140.56","Germany"
"INV102691","C00182","2025-10-06 00:03:00","6","134.98","Spain"
"INV102692","C00189","2025-03-21 16:13:00","4","147.64","Belgium"
"INV102693","C00045","2025-09-14 06:21:00","7","20.4","EIRE"
"INV102694","C00020","2025-12-13 13:26:00","5","80.89","Italy"
"INV102695","C00420","2026-01-08 15:12:00","4","179.71","Belgium"
"INV102696","C00465","2025-06-10 21:01:00","9","187.63","Spain"
"INV102697","C00274","2026-03-30 09:44:00","9","85.67","France"
"INV102698","C00331","2025-11-16 17:39:00","5","198.75","France"
"INV102699","C00009","2026-02-26 10:37:00","1","17.56","Belgium"
"INV102700","C00103","2025-06-12 09:20:00","6","42.74","Belgium"
"CINV102701","C00196","2025-03-04 08:40:00","5","172.42","France"
"INV102702","C00073","2025-02-18 23:33:00","9","78.78","Germany"
"INV102703","C00465","2025-05-23 23:34:00","6","11.78","Portugal"
"INV102704","C00376","2025-04-02 13:00:00","6","198.51","France"
"INV102705","C00407","2025-04-12 09:01:00","5","196.34","Germany"
"INV102706","C00364","2025-01-28 05:15:00","9","183.99","Portugal"
"INV102707","C00195","2025-11-26 09:52:00","8","44.43","Portugal"
"INV102708","C00096","2026-02-02 21:27:00","7","41.65","EIRE"
"INV102709","C00403","2025-10-07 21:07:00","2","73.25","Portugal"
"INV102710","C00056","2025-03-05 02:59:00","8","174.11","Italy"
"INV102711","C00324","2026-01-26 03:17:00","5","99.53","United Kingdom"
"INV102712","C00238","2025-12-14 20:43:00","5","69.06","EIRE"
"INV102713","C00292","2026-02-18 01:56:00","7","38.02","EIRE"
"CINV102714","C00184","2025-11-18 15:15:00","5","139.64","Belgium"
"INV102715","C00150","2026-02-12 03:40:00","4","161.11","Italy"
"INV102716","C00105","2025-05-22 22:24:00","4","66.28","Netherlands"
"INV102717","C00440","2025-03-10 00:12:00","7","153.87","Spain"
"INV102718","C00438","2025-06-20 20:29:00","5","197.84","United Kingdom"
"INV102719","C00003","2025-11-12 22:02:00","7","86.78","Netherlands"
"INV102720","C00323","2026-02-13 12:58:00","9","126.56","EIRE"
"INV102721","C00352","2025-02-10 12:46:00","6","165.87","Italy"
"INV102722","C00149","2025-10-22 09:20:00","4","192.95","Belgium"
"INV102723","C00054","2026-01-18 02:39:00","4","33.63","United Kingdom"
"INV102724","C00077","2025-01-23 03:48:00","8","60.85","Germany"
"INV102725","C00320","2025-12-03 19:12:00","5","132.01","Netherlands"
"INV102726","C00151","2025-10-30 19:40:00","7","176.78","Portugal"
"INV102727","C00202","2025-12-17 18:01:00","1","89.59","United Kingdom"
"INV102728","C00438","2025-03-13 14:44:00","9","129.47","Germany"
"CINV102729","C00316","2025-07-28 11:44:00","3","171.73","Spain"
"INV102730","C00226","2026-02-19 22:37:00","1","84.37","Netherlands"
"INV102731","C00480","2025-04-02 00:11:00","5","69.63","Germany"
"INV102732","C00072","2025-06-09 22:11:00","3","68.21","Germany"
"INV102733","C00261","2025-02-07 23:31:00","1","140.79","EIRE"
"INV102734","C00216","2025-08-01 13:04:00","8","139.21","Netherlands"
"INV102735","C00412","2025-03-06 11:44:00","4","196.71","France"
"CINV102736","C00128","2025-11-24 02:37:00","4","97.75","Belgium"
"INV102737","C00183","2025-02-08 14:52:00","5","61.35","Germany"
"INV102738","C00244","2026-01-28 23:21:00","3","112.31","Spain"
"INV102739","C00024","2025-10-04 18:47:00","4","68.26","EIRE"
"INV102740","C00381","2025-07-17 22:26:00","7","66.56","Italy"
"INV102741","C00270","2026-03-30 17:21:00","5","57.5","France"
"INV102742","C00461","2025-01-08 22:20:00","2","32.97","France"
"INV102743","C00492","2026-02-14 10:00:00","4","41.77","France"
"INV102744","C00456","2025-02-26 10:17:00","3","69.3","United Kingdom"
"INV102745","C00187","2025-03-09 07:43:00","9","17.07","Portugal"
"INV102746","C00262","2025-02-06 05:45:00","7","121.17","Germany"
"INV102747","C00069","2025-01-20 00:10:00","2","172.44","Netherlands"
"INV102748","C00177","2025-06-22 21:42:00","4","82.36","Germany"
"INV102749","C00275","2025-12-25 11:13:00","7","158.92","Italy"
"INV102750","C00484","2025-01-29 17:19:00","7","64.26","Netherlands"
"INV102751","C00497","2025-11-03 17:22:00","4","5.2","Spain"
"INV102752","C00068","2025-05-21 01:36:00","4","25.17","Portugal"
"INV102753","C00079","2025-01-10 19:33:00","5","162.58","Italy"
"INV102754","C00361","2025-01-17 13:09:00","2","49.16","Netherlands"
"INV102755","C00051","2025-01-03 05:11:00","5","177.6","EIRE"
"INV102756","C00031","2025-12-01 11:15:00","2","4.51","United Kingdom"
"INV102757","C00024","2025-05-31 11:20:00","8","162.96","EIRE"
"INV102758","C00437","2026-02-06 20:51:00","8","177.01","EIRE"
"INV102759","C00331","2025-03-14 08:06:00","9","181.89","EIRE"
"INV102760","C00496","2025-03-29 03:19:00","7","78.21","United Kingdom"
"INV102761","C00378","2025-02-05 22:20:00","5","96.42","France"
"INV102762","C00321","2025-02-18 10:07:00","1","105.33","Netherlands"
"INV102763","C00493","2026-03-27 06:55:00","7","92.76","Portugal"
"INV102764","C00379","2026-01-30 12:31:00","7","111.88","Germany"
"INV102765","C00395","2026-02-01 11:46:00","7","190.21","EIRE"
"INV102766","C00361","2025-03-13 17:57:00","8","53.15","United Kingdom"
"INV102767","C00112","2025-01-18 18:26:00","3","29.66","Portugal"
"INV102768","C00397","2026-01-22 19:27:00","4","9.2","EIRE"
"INV102769","C00242","2025-10-04 09:12:00","1","3.8","Belgium"
"INV102770","C00373","2025-10-02 13:34:00","9","43.42","Germany"
"INV102771","C00298","2026-02-11 13:41:00","4","80.07","Germany"
"INV102772","C00377","2025-11-13 22:27:00","7","183.71","Netherlands"
"INV102773","C00204","2025-09-11 14:10:00","5","42.51","Netherlands"
"INV102774","C00245","2025-07-01 17:17:00","3","107.86","France"
"INV102775","C00214","2025-05-03 13:39:00","2","47.47","Belgium"
"INV102776","C00020","2025-10-20 05:09:00","2","91.82","Belgium"
"INV102777","C00422","2025-08-01 07:10:00","5","149.36","Italy"
"INV102778","C00257","2025-01-07 07:52:00","5","104.33","Germany"
"INV102779","C00177","2025-05-10 03:19:00","6","9.85","France"
"INV102780","C00084","2026-02-12 03:59:00","4","60.56","Netherlands"
"INV102781","C00484","2026-01-18 01:23:00","1","30.92","France"
"INV102782","C00184","2026-02-13 12:33:00","7","176.79","Italy"
"INV102783","C00002","2025-10-23 04:08:00","7","182.81","Netherlands"
"INV102784","C00337","2025-09-12 02:10:00","5","131.72","United Kingdom"
"INV102785","C00225","2025-07-09 16:46:00","7","180.6","Portugal"
"INV102786","C00115","2026-01-26 16:23:00","6","120.36","Spain"
"CINV102787","C00044","2026-02-26 13:18:00","9","148.92","France"
"INV102788","C00170","2025-11-03 12:57:00","6","69.32","Netherlands"
"INV102789","C00171","2025-06-09 20:29:00","7","23.14","Belgium"
"INV102790","C00386","2025-03-16 17:35:00","4","138.4","EIRE"
"INV102791","C00013","2025-01-01 01:30:00","3","175.97","Belgium"
"INV102792","C00023","2026-02-05 20:16:00","9","44.04","EIRE"
"INV102793","C00461","2025-02-15 02:08:00","8","134.95","Italy"
"INV102794","C00348","2025-03-21 02:57:00","5","140.56","Spain"
"INV102795","C00454","2025-07-23 17:33:00","1","6.59","France"
"INV102796","C00185","2025-06-01 02:26:00","7","179.12","Belgium"
"INV102797","C00117","2025-01-16 05:21:00","2","122.88","France"
"INV102798","C00110","2025-07-17 07:34:00","8","181.83","Germany"
"INV102799","C00406","2025-09-10 11:05:00","5","105.77","Portugal"
"INV102800","C00487","2025-11-21 23:14:00","9","84.39","United Kingdom"
"INV102801","C00258","2025-12-26 14:53:00","3","194","Belgium"
"INV102802","C00490","2025-07-29 03:04:00","8","30.84","Spain"
"INV102803","C00142","2026-02-11 20:19:00","9","121.58","Spain"
"INV102804","C00027","2026-03-31 20:56:00","5","65.17","United Kingdom"
"INV102805","C00345","2025-10-09 05:57:00","8","140.78","Portugal"
"INV102806","C00264","2025-07-04 04:40:00","8","35.46","EIRE"
"INV102807","C00317","2025-08-21 12:12:00","1","194.79","Italy"
"INV102808","C00124","2025-08-31 11:22:00","2","123.36","Belgium"
"INV102809","C00158","2026-01-14 03:50:00","7","169.15","Portugal"
"INV102810","C00483","2025-07-24 17:04:00","9","119.85","Italy"
"INV102811","C00480","2025-05-28 05:06:00","8","21.5","EIRE"
"INV102812","C00454","2025-11-26 04:26:00","1","96.35","Italy"
"INV102813","C00153","2025-08-30 06:02:00","7","34.97","EIRE"
"INV102814","C00012","2025-11-20 09:14:00","8","150.05","United Kingdom"
"INV102815","C00356","2025-12-02 13:54:00","6","156.53","Germany"
"INV102816","C00435","2025-10-15 18:18:00","8","97.18","France"
"INV102817","C00449","2025-04-13 02:59:00","3","141.62","Spain"
"INV102818","C00069","2026-02-16 14:56:00","9","125.32","Belgium"
"INV102819","C00049","2026-03-14 09:50:00","8","109.11","Portugal"
"INV102820","C00181","2025-10-05 00:34:00","4","167.2","Portugal"
"INV102821","C00499","2025-11-19 00:26:00","6","178.78","United Kingdom"
"INV102822","C00129","2026-03-16 16:53:00","8","95.43","Italy"
"INV102823","C00428","2025-09-15 23:55:00","3","20.74","Belgium"
"INV102824","C00463","2025-10-24 20:58:00","2","20.1","EIRE"
"INV102825","C00246","2025-01-04 08:51:00","3","20.44","Netherlands"
"INV102826","C00329","2025-05-15 19:42:00","3","104.28","Spain"
"INV102827","C00447","2025-04-01 23:34:00","4","95.62","France"
"INV102828","C00038","2026-03-03 04:33:00","1","163.8","Spain"
"INV102829","C00409","2025-05-13 21:48:00","9","88.56","Italy"
"INV102830","C00399","2026-02-24 03:35:00","7","144","United Kingdom"
"INV102831","C00335","2025-07-07 13:33:00","5","112.12","United Kingdom"
"INV102832","C00126","2025-10-02 23:20:00","6","109.09","France"
"INV102833","C00348","2025-04-11 00:39:00","5","33.08","Germany"
"INV102834","C00235","2025-10-16 12:05:00","7","153.68","Portugal"
"INV102835","C00453","2025-08-26 11:24:00","4","132.48","United Kingdom"
"INV102836","C00386","2025-02-13 00:46:00","2","1.51","Italy"
"INV102837","C00423","2025-09-07 09:55:00","2","5.71","Italy"
"INV102838","C00487","2025-04-17 11:03:00","9","131.83","Spain"
"INV102839","C00472","2025-06-18 20:07:00","4","23.21","Germany"
"INV102840","C00320","2025-03-28 20:01:00","4","82.56","Belgium"
"INV102841","C00319","2025-07-23 22:03:00","8","30.57","Spain"
"INV102842","C00198","2025-06-11 04:06:00","2","59.58","Netherlands"
"INV102843","C00188","2026-03-09 03:42:00","2","70.5","Spain"
"INV102844","C00114","2025-06-19 13:04:00","1","103.5","Germany"
"INV102845","C00424","2026-02-11 08:41:00","6","197.96","Germany"
"INV102846","C00377","2026-01-04 23:42:00","3","103.33","United Kingdom"
"INV102847","C00101","2025-03-08 02:16:00","9","146.69","France"
"INV102848","C00026","2026-01-21 03:41:00","5","3.6","Germany"
"INV102849","C00488","2025-11-05 02:07:00","7","128.89","Germany"
"INV102850","C00171","2025-09-13 11:33:00","7","93.87","Germany"
"INV102851","C00211","2025-12-15 13:32:00","7","85.14","Portugal"
"INV102852","C00097","2026-03-06 20:46:00","5","179.62","EIRE"
"INV102853","C00086","2025-05-20 01:44:00","6","119.28","Spain"
"INV102854","C00146","2025-03-23 08:57:00","6","145.87","France"
"INV102855","C00360","2025-08-21 05:59:00","7","96.05","Netherlands"
"INV102856","C00234","2025-09-22 03:18:00","9","54.61","Spain"
"INV102857","C00398","2025-02-12 11:10:00","8","185.29","EIRE"
"INV102858","C00428","2026-03-08 14:36:00","4","72.85","Germany"
"INV102859","C00315","2025-10-30 22:51:00","6","2.42","Spain"
"INV102860","C00425","2025-03-25 09:26:00","8","50.21","Italy"
"INV102861","C00286","2025-11-11 19:47:00","6","66.23","France"
"INV102862","C00046","2025-08-31 02:33:00","3","175.82","Portugal"
"INV102863","C00455","2025-01-18 09:36:00","4","151.84","Germany"
"INV102864","C00404","2025-05-23 04:08:00","4","195.25","Germany"
"INV102865","C00057","2025-02-03 03:52:00","1","54.44","Belgium"
"INV102866","C00395","2026-01-19 12:54:00","4","31.02","EIRE"
"INV102867","C00319","2025-10-01 06:33:00","9","146.09","United Kingdom"
"INV102868","C00198","2025-08-07 01:44:00","8","87.46","Germany"
"INV102869","C00102","2026-03-15 00:53:00","2","68.24","Germany"
"INV102870","C00386","2025-05-01 10:49:00","5","160.05","Italy"
"INV102871","C00376","2026-01-17 15:28:00","3","150.51","Italy"
"INV102872","C00321","2026-03-31 23:41:00","4","51.27","Italy"
"INV102873","C00151","2025-03-11 22:12:00","2","31.91","Germany"
"INV102874","C00238","2025-05-13 09:09:00","5","151.91","Germany"
"INV102875","C00176","2025-02-07 01:21:00","6","189.54","United Kingdom"
"INV102876","C00433","2026-01-08 06:06:00","1","148.73","France"
"INV102877","C00247","2026-03-03 02:50:00","9","63.13","Portugal"
"INV102878","C00061","2025-01-22 04:46:00","5","174.22","France"
"INV102879","C00219","2026-01-30 18:06:00","3","79.8","Netherlands"
"INV102880","C00029","2025-04-08 19:45:00","4","47.98","Germany"
"INV102881","C00337","2026-01-17 19:28:00","1","143.4","United Kingdom"
"INV102882","C00243","2025-07-18 19:08:00","5","4.57","France"
"INV102883","C00373","2025-06-24 17:03:00","5","184.64","Germany"
"INV102884","C00484","2025-01-03 21:45:00","9","26.36","France"
"INV102885","C00492","2026-03-20 12:31:00","7","60.18","EIRE"
"INV102886","C00156","2026-01-01 18:55:00","2","142.27","Belgium"
"INV102887","C00448","2025-01-13 02:52:00","9","46.66","Germany"
"INV102888","C00201","2025-05-25 03:46:00","7","193.62","United Kingdom"
"INV102889","C00449","2026-02-09 04:53:00","1","76.79","France"
"INV102890","C00193","2026-01-11 09:57:00","7","49.9","Italy"
"INV102891","C00056","2026-02-13 06:08:00","3","11.32","EIRE"
"INV102892","C00397","2025-10-03 20:03:00","4","166.78","Spain"
"INV102893","C00382","2026-02-07 06:19:00","8","128.16","United Kingdom"
"INV102894","C00022","2025-04-08 21:41:00","7","87.9","Italy"
"INV102895","C00455","2025-03-21 02:04:00","6","1.95","Belgium"
"INV102896","C00374","2025-10-25 13:12:00","1","83.2","EIRE"
"INV102897","C00042","2025-02-13 22:55:00","8","133.03","Italy"
"INV102898","C00038","2025-03-17 09:30:00","6","197.2","United Kingdom"
"INV102899","C00312","2025-02-28 11:41:00","1","9.28","Italy"
"INV102900","C00350","2025-01-15 00:02:00","6","94.22","Belgium"
"CINV102901","C00327","2026-03-12 03:15:00","2","1.61","Netherlands"
"INV102902","C00290","2025-01-18 05:16:00","5","110.26","EIRE"
"INV102903","C00261","2025-06-14 02:09:00","4","91.8","Belgium"
"INV102904","C00050","2025-11-03 12:44:00","8","10.19","Spain"
"INV102905","C00126","2025-04-18 19:30:00","3","32.63","Italy"
"INV102906","C00477","2025-08-13 16:55:00","4","79.67","Spain"
"INV102907","C00184","2025-03-06 22:28:00","5","68.62","Belgium"
"INV102908","C00383","2026-01-04 12:26:00","2","142.23","Spain"
"INV102909","C00308","2025-06-21 07:15:00","1","146.89","Italy"
"INV102910","C00497","2025-10-02 11:22:00","3","51.25","Belgium"
"INV102911","C00118","2025-05-02 03:50:00","1","82.03","Italy"
"INV102912","C00393","2025-06-02 04:45:00","7","49.18","Germany"
"INV102913","C00431","2025-11-13 02:24:00","3","16.46","Germany"
"INV102914","C00044","2025-07-03 17:11:00","8","23.57","United Kingdom"
"INV102915","C00282","2025-07-08 02:26:00","6","119.36","United Kingdom"
"INV102916","C00173","2025-06-28 12:08:00","9","34.89","Belgium"
"CINV102917","C00399","2025-01-06 00:52:00","8","114.2","Netherlands"
"CINV102918","C00135","2025-01-28 19:25:00","1","35.17","EIRE"
"INV102919","C00330","2026-02-23 09:59:00","2","105.4","Portugal"
"INV102920","C00192","2025-01-23 11:28:00","8","89.58","Netherlands"
"INV102921","C00160","2025-12-25 18:07:00","3","36.6","Belgium"
"INV102922","C00140","2025-09-27 05:17:00","6","116.05","EIRE"
"INV102923","C00039","2026-03-26 18:55:00","7","112.5","United Kingdom"
"INV102924","C00291","2025-03-07 01:58:00","8","134.57","Italy"
"INV102925","C00124","2026-01-28 11:37:00","1","26.64","Italy"
"INV102926","C00441","2025-10-28 14:06:00","7","174.19","Italy"
"INV102927","C00257","2025-09-21 07:06:00","8","84.21","France"
"INV102928","C00145","2025-02-21 18:34:00","9","162.86","France"
"INV102929","C00140","2026-01-20 09:56:00","1","173.27","Belgium"
"INV102930","C00279","2025-04-13 06:04:00","1","147.65","Netherlands"
"INV102931","C00407","2025-07-11 17:21:00","5","162.77","United Kingdom"
"CINV102932","C00074","2025-02-28 11:25:00","8","37.63","Portugal"
"INV102933","C00090","2025-04-23 15:43:00","4","69.43","Italy"
"INV102934","C00142","2025-02-02 01:03:00","7","155.28","France"
"INV102935","C00397","2025-03-10 16:39:00","2","127.56","Italy"
"INV102936","C00413","2026-03-18 02:26:00","9","189.01","France"
"INV102937","C00483","2025-05-30 00:16:00","1","120.39","Netherlands"
"INV102938","C00163","2025-09-15 20:02:00","3","41.51","EIRE"
"INV102939","C00138","2026-03-19 12:56:00","1","99.93","Belgium"
"INV102940","C00038","2025-01-05 02:55:00","9","135.71","Netherlands"
"INV102941","C00455","2025-03-17 18:35:00","7","107.97","Germany"
"INV102942","C00303","2025-06-13 02:35:00","7","136.12","Netherlands"
"INV102943","C00096","2025-11-20 13:17:00","4","103.77","EIRE"
"INV102944","C00352","2025-06-15 08:45:00","2","177.57","United Kingdom"
"INV102945","C00248","2025-10-09 07:45:00","2","5.46","Portugal"
"INV102946","C00386","2025-07-11 08:03:00","9","51.66","Belgium"
"INV102947","C00467","2025-12-14 09:10:00","7","178.85","Netherlands"
"INV102948","C00363","2025-09-21 12:15:00","5","195.53","EIRE"
"INV102949","C00245","2025-02-12 12:49:00","2","113.52","France"
"INV102950","C00010","2025-10-14 05:29:00","5","87.55","Belgium"
"INV102951","C00430","2025-06-19 22:17:00","2","8.92","Netherlands"
"INV102952","C00083","2025-08-06 19:44:00","6","13.09","Portugal"
"INV102953","C00126","2025-08-19 20:56:00","3","21.21","EIRE"
"INV102954","C00211","2025-08-11 04:29:00","9","88.12","Spain"
"INV102955","C00030","2025-08-04 17:51:00","2","83.24","France"
"INV102956","C00453","2025-10-08 17:12:00","1","31.69","Italy"
"INV102957","C00264","2026-02-09 07:03:00","9","154.7","France"
"INV102958","C00205","2025-07-02 09:16:00","3","123.96","Germany"
"INV102959","C00464","2025-10-15 12:48:00","6","140.79","Netherlands"
"INV102960","C00499","2026-03-04 11:27:00","4","186.98","Italy"
"INV102961","C00420","2025-08-29 14:55:00","7","129.71","Germany"
"INV102962","C00074","2025-09-17 23:17:00","5","100.84","Italy"
"INV102963","C00145","2026-01-30 10:18:00","9","80.69","Italy"
"INV102964","C00158","2025-03-15 04:46:00","9","140.57","Portugal"
"INV102965","C00061","2026-01-25 18:30:00","2","102.66","Italy"
"INV102966","C00151","2026-03-09 02:02:00","1","67.17","France"
"INV102967","C00114","2025-05-10 18:39:00","3","125.86","Spain"
"CINV102968","C00137","2026-01-01 01:36:00","4","2.84","Belgium"
"INV102969","C00439","2025-08-03 19:25:00","9","147.09","Portugal"
"INV102970","C00197","2025-03-24 10:46:00","6","126.07","EIRE"
"INV102971","C00467","2025-10-26 23:17:00","8","128.44","Germany"
"INV102972","C00275","2025-09-28 16:18:00","9","82.66","Italy"
"INV102973","C00107","2025-01-18 23:38:00","8","49.9","Italy"
"INV102974","C00082","2025-06-16 21:57:00","7","72.02","Netherlands"
"INV102975","C00313","2025-02-22 23:43:00","3","61.94","Portugal"
"INV102976","C00382","2025-05-14 04:45:00","3","196.2","Netherlands"
"INV102977","C00351","2025-10-10 21:29:00","5","60.33","Belgium"
"INV102978","C00455","2025-08-11 11:43:00","6","109.52","Italy"
"INV102979","C00102","2025-04-02 02:02:00","8","113.33","Germany"
"INV102980","C00068","2025-03-16 01:21:00","8","99.19","United Kingdom"
"INV102981","C00354","2025-11-28 22:35:00","4","3.76","France"
"INV102982","C00302","2025-02-14 04:35:00","7","30.5","Spain"
"INV102983","C00055","2025-04-20 13:38:00","1","52.4","Spain"
"INV102984","C00266","2025-03-10 19:31:00","4","122.54","Netherlands"
"INV102985","C00388","2026-02-10 22:19:00","9","108.73","Portugal"
"INV102986","C00440","2025-08-10 14:08:00","6","81.71","Belgium"
"INV102987","C00085","2025-07-19 07:12:00","5","34.67","Germany"
"INV102988","C00355","2025-03-05 06:29:00","8","175.39","United Kingdom"
"INV102989","C00432","2025-05-07 06:47:00","3","132.84","Germany"
"INV102990","C00220","2025-12-20 19:18:00","3","100.56","Germany"
"INV102991","C00046","2025-02-24 16:56:00","2","115.8","United Kingdom"
"INV102992","C00184","2025-05-30 13:51:00","9","105.56","Germany"
"INV102993","C00227","2025-05-02 04:27:00","3","153.26","Belgium"
"INV102994","C00061","2025-12-28 08:46:00","8","7.25","EIRE"
"INV102995","C00125","2025-03-21 06:09:00","8","160.33","EIRE"
"INV102996","C00126","2025-03-05 14:16:00","2","191.16","United Kingdom"
"INV102997","C00185","2025-08-31 18:02:00","2","24.21","Spain"
"CINV102998","C00392","2025-07-06 19:28:00","1","42.97","France"
"INV102999","C00231","2025-10-14 15:05:00","3","38.03","Germany"
"INV103000","C00209","2026-02-27 15:38:00","3","66.14","EIRE"
"INV103001","C00043","2026-01-27 23:57:00","4","18.21","Spain"
"INV103002","C00287","2025-11-20 05:03:00","7","100.17","United Kingdom"
"INV103003","C00276","2025-05-14 01:26:00","9","188.51","Italy"
"INV103004","C00291","2025-04-11 07:55:00","9","117.7","Spain"
"INV103005","C00335","2026-02-22 20:23:00","8","82.46","EIRE"
"INV103006","C00461","2025-03-20 14:29:00","2","193.64","EIRE"
"INV103007","C00160","2026-02-14 08:51:00","2","36.79","Germany"
"INV103008","C00422","2025-04-27 17:23:00","9","133.89","Italy"
"INV103009","C00459","2025-11-25 12:03:00","9","69.82","France"
"INV103010","C00430","2025-07-08 06:41:00","4","195.56","Italy"
"INV103011","C00465","2026-02-12 09:56:00","1","12.77","France"
"INV103012","C00387","2025-01-11 20:42:00","1","142.22","Italy"
"INV103013","C00283","2025-03-04 07:05:00","8","138.44","Portugal"
"INV103014","C00226","2025-10-01 23:40:00","1","57.65","Netherlands"
"INV103015","C00482","2025-03-16 05:08:00","8","128.12","Belgium"
"INV103016","C00013","2025-06-10 16:37:00","7","56.66","Portugal"
"INV103017","C00390","2026-02-14 00:21:00","4","162.04","France"
"INV103018","C00430","2025-11-19 06:51:00","5","120.13","Germany"
"INV103019","C00128","2026-01-27 02:19:00","2","75.72","Belgium"
"INV103020","C00294","2025-10-04 01:07:00","2","153.97","Netherlands"
"INV103021","C00311","2025-01-20 00:36:00","8","134.8","Spain"
"INV103022","C00097","2025-03-08 00:20:00","6","97.44","EIRE"
"INV103023","C00439","2025-06-06 12:56:00","1","187.73","United Kingdom"
"INV103024","C00313","2025-12-21 16:42:00","8","77.92","Spain"
"CINV103025","C00109","2026-01-08 04:19:00","9","174.71","France"
"INV103026","C00430","2025-08-04 12:00:00","1","74.5","United Kingdom"
"INV103027","C00215","2025-11-14 17:58:00","4","179.47","EIRE"
"INV103028","C00088","2025-05-07 17:09:00","9","30.5","Italy"
"INV103029","C00151","2025-04-21 10:42:00","8","138.92","Germany"
"INV103030","C00068","2025-04-05 03:33:00","2","27.28","Italy"
"INV103031","C00201","2025-12-28 17:34:00","4","169.51","United Kingdom"
"INV103032","C00185","2025-05-17 18:49:00","1","1.8","Spain"
"INV103033","C00187","2025-10-27 10:44:00","7","33.2","Italy"
"INV103034","C00048","2026-01-17 04:37:00","9","106.92","Spain"
"INV103035","C00090","2025-06-21 23:45:00","7","43.99","Belgium"
"INV103036","C00020","2025-11-20 01:52:00","2","73.92","Portugal"
"INV103037","C00124","2025-05-28 16:20:00","7","54.71","Portugal"
"INV103038","C00192","2025-08-03 08:29:00","4","50.66","Italy"
"INV103039","C00064","2025-12-20 01:12:00","4","32.7","Germany"
"INV103040","C00183","2025-11-18 02:20:00","9","142.68","Spain"
"INV103041","C00221","2025-12-13 04:09:00","9","130.9","Germany"
"INV103042","C00003","2025-01-13 06:57:00","5","140.42","France"
"INV103043","C00106","2025-01-27 13:52:00","7","164.6","United Kingdom"
"INV103044","C00435","2025-02-18 20:42:00","7","48.12","France"
"INV103045","C00291","2025-08-31 21:27:00","2","13.04","Portugal"
"CINV103046","C00036","2025-05-24 11:38:00","2","110.4","Spain"
"INV103047","C00105","2025-10-12 03:15:00","5","123.15","Italy"
"INV103048","C00182","2025-06-22 21:40:00","5","53.17","France"
"INV103049","C00328","2025-08-31 23:54:00","5","43.81","Belgium"
"INV103050","C00355","2026-01-27 15:46:00","5","185.47","Spain"
"INV103051","C00077","2026-03-08 01:05:00","3","133.65","Italy"
"INV103052","C00423","2025-08-03 17:49:00","6","111.83","United Kingdom"
"INV103053","C00436","2025-06-22 23:31:00","3","38.32","Belgium"
"INV103054","C00163","2025-06-16 15:40:00","5","29.85","Netherlands"
"INV103055","C00014","2025-02-28 00:40:00","3","67.45","Portugal"
"INV103056","C00481","2025-07-04 13:00:00","8","112.51","Belgium"
"INV103057","C00276","2026-02-11 21:14:00","5","46.66","Italy"
"INV103058","C00389","2025-08-07 20:47:00","2","56.8","Spain"
"INV103059","C00221","2026-01-12 06:04:00","5","154.37","EIRE"
"INV103060","C00277","2026-02-06 05:23:00","5","175.53","Germany"
"INV103061","C00314","2025-06-08 11:34:00","4","187.87","Netherlands"
"INV103062","C00423","2025-09-28 20:02:00","9","62.1","Italy"
"INV103063","C00197","2025-10-27 00:32:00","1","68.74","Belgium"
"INV103064","C00469","2025-09-01 12:05:00","1","147.53","Germany"
"INV103065","C00343","2025-06-02 14:12:00","7","123.64","Portugal"
"INV103066","C00385","2025-05-07 21:06:00","5","138.06","Netherlands"
"INV103067","C00450","2025-03-25 11:50:00","5","78.29","Spain"
"INV103068","C00074","2025-12-21 16:38:00","8","122.28","United Kingdom"
"INV103069","C00327","2025-11-29 04:39:00","1","126.18","Spain"
"INV103070","C00366","2025-11-04 14:57:00","8","107.75","Spain"
"INV103071","C00299","2026-03-29 09:33:00","6","92.84","EIRE"
"INV103072","C00119","2025-09-18 18:16:00","1","12.01","France"
"INV103073","C00261","2025-12-13 12:32:00","3","48.48","Belgium"
"INV103074","C00144","2026-03-22 07:12:00","7","111.3","Italy"
"INV103075","C00149","2025-05-08 14:19:00","5","170.09","France"
"INV103076","C00170","2025-04-03 15:56:00","9","126.83","United Kingdom"
"INV103077","C00106","2026-03-17 11:25:00","9","33.71","Portugal"
"INV103078","C00386","2026-03-30 14:31:00","5","154.2","Portugal"
"INV103079","C00051","2025-01-30 13:18:00","7","58.97","United Kingdom"
"INV103080","C00246","2025-10-23 20:42:00","9","55.49","Germany"
"INV103081","C00189","2025-12-02 19:05:00","7","75.4","Belgium"
"INV103082","C00402","2025-10-31 13:14:00","7","159.15","Portugal"
"INV103083","C00200","2025-05-08 01:10:00","1","45.06","United Kingdom"
"INV103084","C00078","2025-01-13 10:08:00","3","108.86","Belgium"
"INV103085","C00212","2026-01-30 21:08:00","3","139.05","Portugal"
"INV103086","C00154","2025-11-29 17:42:00","2","195.14","United Kingdom"
"INV103087","C00487","2025-03-25 11:46:00","5","6.66","Germany"
"INV103088","C00103","2025-08-16 23:32:00","6","193.47","Belgium"
"CINV103089","C00416","2025-06-11 13:48:00","1","147.48","Spain"
"INV103090","C00217","2026-02-02 05:28:00","6","9.51","EIRE"
"INV103091","C00399","2025-01-08 17:39:00","8","31.62","France"
"INV103092","C00374","2025-07-21 02:47:00","2","47.02","Italy"
"INV103093","C00293","2026-03-10 04:39:00","5","5.56","France"
"INV103094","C00359","2025-05-25 16:30:00","3","191.32","Portugal"
"INV103095","C00096","2025-10-31 11:42:00","8","95.03","Netherlands"
"INV103096","C00384","2025-05-06 10:45:00","9","150","Belgium"
"INV103097","C00434","2025-08-27 23:36:00","2","119.7","Portugal"
"INV103098","C00023","2026-02-11 03:38:00","9","161.57","EIRE"
"INV103099","C00238","2025-02-26 08:13:00","4","5.78","Portugal"
"INV103100","C00187","2025-10-08 10:33:00","7","114.65","Italy"
"INV103101","C00392","2026-02-05 07:59:00","5","43.48","Spain"
"INV103102","C00389","2025-08-31 18:40:00","5","115.41","Netherlands"
"INV103103","C00485","2026-02-19 03:17:00","3","77.09","France"
"INV103104","C00010","2025-01-02 04:19:00","9","53.89","Netherlands"
"INV103105","C00284","2026-01-18 14:26:00","8","116.57","EIRE"
"INV103106","C00428","2026-03-07 12:25:00","2","149.4","Spain"
"INV103107","C00076","2025-03-10 07:27:00","3","159.27","Italy"
"INV103108","C00437","2026-01-30 04:51:00","6","164.53","United Kingdom"
"INV103109","C00189","2025-11-22 18:42:00","7","78.41","Belgium"
"INV103110","C00432","2026-03-04 00:59:00","9","189.87","Spain"
"INV103111","C00272","2025-09-22 21:04:00","2","63.02","EIRE"
"INV103112","C00443","2025-09-08 02:02:00","8","28.34","Netherlands"
"INV103113","C00002","2025-05-04 13:28:00","3","199.31","Italy"
"INV103114","C00450","2025-05-06 17:49:00","3","154.56","Netherlands"
"INV103115","C00053","2025-08-29 02:02:00","4","188.46","Belgium"
"INV103116","C00403","2025-05-20 10:45:00","2","14.38","Italy"
"INV103117","C00453","2025-05-23 04:12:00","2","31.42","Germany"
"INV103118","C00426","2025-01-06 14:17:00","2","162.58","Italy"
"INV103119","C00219","2026-02-18 02:22:00","5","197.47","EIRE"
"INV103120","C00325","2025-08-16 07:00:00","1","164.17","Spain"
"INV103121","C00197","2026-01-02 15:08:00","2","58.26","Spain"
"INV103122","C00390","2026-03-18 09:30:00","1","42.79","Italy"
"INV103123","C00188","2025-01-29 14:54:00","9","82.75","Netherlands"
"INV103124","C00346","2025-05-28 20:48:00","2","131.83","United Kingdom"
"INV103125","C00401","2026-02-24 21:21:00","9","71.03","Netherlands"
"INV103126","C00305","2025-02-26 00:23:00","9","151.41","Italy"
"INV103127","C00434","2025-01-04 08:53:00","1","27.35","Spain"
"INV103128","C00366","2026-03-25 21:32:00","7","118.11","Portugal"
"INV103129","C00290","2025-03-01 14:47:00","4","8.46","United Kingdom"
"CINV103130","C00288","2025-06-24 00:28:00","6","59.13","France"
"INV103131","C00032","2025-09-28 09:21:00","5","192.99","Italy"
"INV103132","C00320","2025-07-07 23:19:00","9","92.14","Germany"
"INV103133","C00384","2025-02-11 11:13:00","6","55.46","Netherlands"
"INV103134","C00293","2025-03-13 17:06:00","8","146.83","United Kingdom"
"INV103135","C00454","2025-09-10 00:20:00","3","89.07","Spain"
"INV103136","C00118","2025-06-04 03:31:00","5","107.02","United Kingdom"
"INV103137","C00082","2025-08-23 08:19:00","3","123.26","France"
"INV103138","C00110","2026-01-13 18:07:00","3","56.24","Belgium"
"INV103139","C00155","2025-07-13 23:27:00","9","104.55","Germany"
"INV103140","C00296","2026-03-12 07:24:00","5","115.47","Italy"
"INV103141","C00142","2026-01-01 07:27:00","1","157.64","Spain"
"INV103142","C00106","2025-11-05 17:53:00","3","196.89","Netherlands"
"CINV103143","C00094","2025-02-08 05:08:00","5","67.73","United Kingdom"
"INV103144","C00140","2025-04-12 04:12:00","9","57.27","France"
"INV103145","C00132","2025-10-08 12:31:00","4","65.95","Belgium"
"INV103146","C00419","2025-02-19 02:05:00","3","178.07","Germany"
"INV103147","C00340","2025-09-08 11:21:00","4","73.79","Belgium"
"INV103148","C00002","2025-01-24 07:01:00","3","145.09","EIRE"
"INV103149","C00268","2025-04-29 17:40:00","1","162.61","France"
"INV103150","C00037","2026-01-11 01:44:00","9","4.04","Netherlands"
"INV103151","C00020","2025-03-29 16:00:00","5","148.78","Spain"
"INV103152","C00109","2026-03-02 09:40:00","5","51.84","Portugal"
"INV103153","C00147","2025-10-06 07:56:00","1","13.98","EIRE"
"INV103154","C00406","2025-08-15 15:05:00","1","89.04","United Kingdom"
"INV103155","C00240","2026-01-19 21:31:00","1","144.76","United Kingdom"
"INV103156","C00115","2025-03-16 01:04:00","7","134.38","EIRE"
"INV103157","C00450","2025-08-04 04:55:00","4","63.47","Portugal"
"INV103158","C00472","2025-01-04 04:29:00","6","76.64","Belgium"
"INV103159","C00176","2026-01-05 12:27:00","2","46.83","France"
"INV103160","C00130","2025-04-08 05:47:00","2","175.73","Portugal"
"INV103161","C00092","2025-11-24 06:29:00","3","100.29","Belgium"
"INV103162","C00105","2025-05-21 18:09:00","9","193.51","France"
"INV103163","C00160","2025-01-03 08:52:00","2","61.14","EIRE"
"INV103164","C00254","2025-10-14 15:25:00","9","77.03","France"
"INV103165","C00190","2025-07-02 11:32:00","1","33.44","EIRE"
"INV103166","C00101","2025-09-11 02:54:00","6","102.81","United Kingdom"
"INV103167","C00258","2025-07-13 02:17:00","6","197.83","Germany"
"INV103168","C00018","2025-08-09 19:49:00","4","41.95","Netherlands"
"INV103169","C00249","2026-02-08 12:24:00","9","159.91","Germany"
"INV103170","C00475","2025-03-11 10:42:00","4","88.01","Germany"
"INV103171","C00240","2025-06-04 10:53:00","7","193.45","Netherlands"
"INV103172","C00130","2025-06-28 01:30:00","4","142.64","Belgium"
"INV103173","C00318","2025-06-22 22:24:00","3","176.96","United Kingdom"
"INV103174","C00500","2025-05-08 00:39:00","1","119.44","Belgium"
"INV103175","C00102","2025-05-30 23:44:00","7","185.81","United Kingdom"
"INV103176","C00459","2025-07-18 03:52:00","2","26.6","Spain"
"INV103177","C00299","2026-01-24 13:42:00","8","194.61","France"
"INV103178","C00249","2025-03-09 02:12:00","5","186.77","France"
"CINV103179","C00325","2026-01-09 23:12:00","4","48.9","United Kingdom"
"INV103180","C00042","2025-09-20 07:17:00","4","1.71","Germany"
"INV103181","C00348","2025-06-22 14:01:00","9","153.23","United Kingdom"
"INV103182","C00165","2025-12-26 23:37:00","2","59.22","Belgium"
"INV103183","C00383","2025-05-02 13:01:00","4","97.41","Spain"
"INV103184","C00056","2025-01-31 10:39:00","6","5.78","United Kingdom"
"INV103185","C00455","2025-10-17 08:19:00","6","69.96","France"
"INV103186","C00025","2025-05-09 03:34:00","9","24.13","Belgium"
"INV103187","C00418","2026-01-01 09:37:00","5","109.66","France"
"INV103188","C00379","2025-11-02 03:38:00","2","130.07","France"
"INV103189","C00205","2025-02-04 19:23:00","4","39.31","Spain"
"INV103190","C00186","2026-01-06 22:58:00","6","62.3","Spain"
"INV103191","C00369","2025-11-13 21:03:00","6","145.85","EIRE"
"INV103192","C00314","2025-01-07 22:33:00","3","17.55","Portugal"
"INV103193","C00089","2025-12-01 15:03:00","2","185.97","EIRE"
"INV103194","C00273","2025-10-11 03:49:00","6","83.06","EIRE"
"INV103195","C00182","2025-05-26 18:00:00","4","7.74","Italy"
"INV103196","C00337","2026-03-04 21:02:00","7","13.74","Portugal"
"INV103197","C00366","2026-02-02 22:59:00","2","153.83","EIRE"
"INV103198","C00001","2025-09-19 00:49:00","9","53.57","Germany"
"INV103199","C00183","2026-01-22 16:23:00","5","7.86","Italy"
"INV103200","C00266","2025-02-15 03:07:00","1","54.5","France"
"CINV103201","C00364","2025-09-20 07:49:00","8","187.77","Belgium"
"INV103202","C00425","2025-06-07 15:33:00","1","107.74","Germany"
"INV103203","C00499","2025-12-18 02:44:00","1","181.86","United Kingdom"
"INV103204","C00210","2025-08-14 22:56:00","8","80.4","Portugal"
"INV103205","C00249","2025-07-24 08:47:00","4","29.56","France"
"INV103206","C00387","2025-08-12 12:06:00","2","66.7","Belgium"
"INV103207","C00384","2025-09-22 20:42:00","5","135.07","Germany"
"INV103208","C00015","2025-02-04 03:31:00","2","105.65","Spain"
"INV103209","C00234","2025-11-13 15:05:00","2","129.4","EIRE"
"INV103210","C00437","2025-10-26 14:38:00","1","115.63","Portugal"
"INV103211","C00172","2025-11-14 02:13:00","6","80.32","Netherlands"
"INV103212","C00097","2025-01-06 00:12:00","7","5.17","Netherlands"
"INV103213","C00169","2026-01-12 17:39:00","3","159.31","Portugal"
"INV103214","C00204","2025-06-24 08:57:00","6","80.31","France"
"INV103215","C00415","2025-08-21 20:52:00","4","101.79","EIRE"
"INV103216","C00083","2025-12-13 00:46:00","7","145.53","Italy"
"INV103217","C00342","2025-06-13 07:00:00","3","104.82","France"
"INV103218","C00114","2026-02-17 10:56:00","1","186.12","France"
"INV103219","C00034","2025-08-11 20:34:00","4","151.93","Netherlands"
"INV103220","C00082","2025-11-28 12:45:00","1","153.53","Germany"
"INV103221","C00010","2025-03-02 14:30:00","8","56.29","France"
"INV103222","C00431","2025-10-04 12:28:00","4","97.84","Belgium"
"INV103223","C00086","2025-09-27 21:22:00","1","41.01","Germany"
"INV103224","C00200","2025-05-17 05:50:00","2","56.7","Belgium"
"INV103225","C00029","2025-01-23 04:04:00","2","5.55","Spain"
"INV103226","C00153","2025-04-23 21:57:00","4","64.85","Italy"
"INV103227","C00114","2025-04-18 01:24:00","5","111.64","United Kingdom"
"INV103228","C00195","2025-03-30 01:53:00","1","39.79","United Kingdom"
"INV103229","C00006","2025-02-18 12:49:00","8","93.21","Germany"
"INV103230","C00156","2026-01-02 18:53:00","6","117.88","Belgium"
"INV103231","C00031","2025-08-01 05:24:00","2","144.55","Netherlands"
"INV103232","C00358","2025-05-11 21:11:00","5","129.49","EIRE"
"INV103233","C00385","2025-07-11 21:22:00","5","158.33","Belgium"
"INV103234","C00422","2025-02-19 11:10:00","4","20.5","United Kingdom"
"INV103235","C00455","2025-11-17 14:13:00","5","118.76","Italy"
"INV103236","C00413","2025-06-18 11:01:00","4","113.31","EIRE"
"INV103237","C00399","2026-03-26 22:56:00","2","44.8","France"
"INV103238","C00183","2025-09-01 21:09:00","7","63.96","Portugal"
"INV103239","C00469","2025-06-24 21:26:00","3","142.61","United Kingdom"
"INV103240","C00130","2025-10-21 10:47:00","8","125.87","Portugal"
"INV103241","C00249","2026-01-15 01:47:00","4","93.48","Germany"
"INV103242","C00347","2026-03-22 23:58:00","9","45.07","Belgium"
"INV103243","C00273","2025-10-05 16:32:00","2","77.45","United Kingdom"
"INV103244","C00480","2025-07-03 05:30:00","7","70.89","Spain"
"INV103245","C00255","2025-07-03 00:03:00","1","165.44","Belgium"
"INV103246","C00194","2025-12-18 23:18:00","7","33.34","France"
"INV103247","C00114","2026-01-29 06:09:00","5","173.55","Netherlands"
"INV103248","C00482","2025-01-15 03:54:00","3","5.04","EIRE"
"INV103249","C00034","2025-05-14 13:43:00","1","60.49","Belgium"
"INV103250","C00291","2025-04-11 13:27:00","1","87.85","Italy"
"INV103251","C00429","2025-11-21 16:30:00","3","128.97","EIRE"
"INV103252","C00212","2025-11-13 05:35:00","7","28.85","Spain"
"INV103253","C00456","2025-03-07 15:21:00","3","32.45","Belgium"
"INV103254","C00147","2025-10-03 04:44:00","8","26.17","EIRE"
"CINV103255","C00210","2026-02-03 01:55:00","8","85.75","Spain"
"INV103256","C00321","2025-12-25 00:48:00","2","60.58","Italy"
"INV103257","C00310","2026-02-16 10:29:00","4","86.27","EIRE"
"INV103258","C00173","2026-03-24 08:32:00","2","9.01","Belgium"
"INV103259","C00485","2025-08-20 04:03:00","1","199.72","Netherlands"
"INV103260","C00489","2025-02-04 20:57:00","8","37.56","Spain"
"INV103261","C00123","2025-11-05 22:13:00","1","178.04","Portugal"
"INV103262","C00150","2025-05-31 17:35:00","3","58.12","France"
"INV103263","C00266","2025-05-28 14:07:00","1","59.66","United Kingdom"
"INV103264","C00144","2025-05-19 18:48:00","6","131.44","Spain"
"INV103265","C00179","2025-06-14 00:47:00","7","66.62","Belgium"
"INV103266","C00051","2025-05-25 20:14:00","2","27.3","Spain"
"INV103267","C00238","2025-09-20 03:00:00","8","67.72","France"
"INV103268","C00326","2025-11-04 01:06:00","4","59.32","United Kingdom"
"INV103269","C00322","2025-04-27 15:15:00","6","114.9","Italy"
"CINV103270","C00375","2025-07-28 17:20:00","7","83.35","Spain"
"INV103271","C00332","2025-05-16 17:43:00","8","18.04","EIRE"
"INV103272","C00391","2025-03-25 09:00:00","5","106.08","France"
"INV103273","C00398","2025-05-14 14:21:00","8","122.11","Belgium"
"INV103274","C00061","2025-03-21 16:25:00","4","197.96","Spain"
"INV103275","C00407","2026-03-03 13:42:00","2","155.41","United Kingdom"
"INV103276","C00035","2025-05-16 15:46:00","5","189.38","Portugal"
"INV103277","C00078","2025-10-13 08:48:00","9","108.85","France"
"INV103278","C00386","2025-03-31 13:01:00","4","187.06","Belgium"
"CINV103279","C00423","2025-12-23 01:52:00","9","63.18","Portugal"
"INV103280","C00274","2026-01-25 10:11:00","2","158.33","France"
"INV103281","C00095","2025-03-28 19:30:00","5","184.67","Spain"
"INV103282","C00007","2025-01-26 23:57:00","1","181.09","Netherlands"
"INV103283","C00016","2025-04-10 22:41:00","4","177.33","United Kingdom"
"INV103284","C00159","2025-10-22 21:50:00","8","180.95","Belgium"
"INV103285","C00326","2025-01-10 07:50:00","1","61.64","Portugal"
"INV103286","C00166","2025-12-11 08:52:00","8","63.69","France"
"INV103287","C00034","2025-12-22 03:32:00","1","82.57","EIRE"
"INV103288","C00112","2025-02-28 18:23:00","9","154.26","EIRE"
"INV103289","C00310","2026-01-26 02:10:00","5","46.87","Spain"
"INV103290","C00280","2025-11-08 03:51:00","2","99.71","Netherlands"
"CINV103291","C00152","2025-05-10 00:03:00","1","176.08","Belgium"
"INV103292","C00147","2025-07-02 09:39:00","8","48.88","Netherlands"
"INV103293","C00366","2025-05-09 07:54:00","9","186.61","Italy"
"INV103294","C00055","2026-03-16 14:34:00","7","192.45","Belgium"
"INV103295","C00206","2025-04-22 10:08:00","1","46.85","Portugal"
"INV103296","C00433","2025-04-06 07:21:00","4","184","Portugal"
"INV103297","C00369","2025-08-18 14:31:00","8","128.34","United Kingdom"
"INV103298","C00108","2025-01-21 15:44:00","2","71.22","Netherlands"
"INV103299","C00302","2025-01-23 05:12:00","4","152.83","France"
"INV103300","C00197","2025-03-30 05:20:00","6","64.18","EIRE"
"INV103301","C00495","2025-02-01 04:32:00","6","39.57","Portugal"
"INV103302","C00312","2025-05-27 09:43:00","1","199.51","Germany"
"INV103303","C00443","2025-05-29 07:46:00","3","59.82","France"
"INV103304","C00369","2025-01-01 04:15:00","2","104.8","Spain"
"INV103305","C00375","2025-09-19 03:32:00","9","41.28","EIRE"
"INV103306","C00024","2025-02-24 17:46:00","4","199.49","France"
"INV103307","C00344","2025-05-01 21:38:00","4","23.35","Spain"
"INV103308","C00478","2026-02-08 03:49:00","4","174.98","Netherlands"
"INV103309","C00157","2025-04-15 15:21:00","4","109.17","France"
"INV103310","C00182","2026-02-26 20:07:00","3","105","EIRE"
"INV103311","C00444","2025-04-04 02:48:00","2","86.82","Germany"
"INV103312","C00099","2026-02-24 12:26:00","5","4.95","Portugal"
"INV103313","C00357","2025-03-11 03:50:00","2","49.76","Spain"
"INV103314","C00233","2025-09-07 06:35:00","1","76.12","United Kingdom"
"INV103315","C00175","2025-03-15 13:51:00","5","101.69","Spain"
"CINV103316","C00209","2025-12-16 08:20:00","2","71.15","Belgium"
"INV103317","C00342","2026-01-19 11:35:00","1","38.29","Spain"
"INV103318","C00346","2025-02-27 03:58:00","1","192.37","United Kingdom"
"INV103319","C00016","2025-03-12 20:50:00","1","31.22","Belgium"
"CINV103320","C00292","2025-07-05 08:08:00","8","30.45","France"
"INV103321","C00411","2025-10-27 19:12:00","4","23.57","Spain"
"INV103322","C00178","2025-03-13 04:34:00","3","173.86","Netherlands"
"INV103323","C00078","2025-06-11 09:42:00","5","2.26","Belgium"
"INV103324","C00198","2025-12-02 16:50:00","8","13.51","Italy"
"INV103325","C00233","2025-06-25 21:57:00","2","66.64","United Kingdom"
"INV103326","C00301","2025-05-24 20:35:00","8","185.66","France"
"INV103327","C00410","2026-02-17 16:47:00","9","90.57","EIRE"
"INV103328","C00147","2025-12-16 14:32:00","4","22.38","France"
"INV103329","C00154","2025-03-31 00:48:00","5","65.09","France"
"INV103330","C00483","2025-02-16 23:33:00","3","12.24","United Kingdom"
"INV103331","C00314","2025-07-28 09:16:00","5","103.64","France"
"INV103332","C00111","2025-05-14 04:51:00","6","94.74","Belgium"
"INV103333","C00087","2025-04-12 13:02:00","9","1.76","EIRE"
"INV103334","C00243","2025-04-26 03:11:00","1","10.13","France"
"INV103335","C00496","2025-11-26 12:08:00","9","39.49","EIRE"
"INV103336","C00372","2025-01-22 23:00:00","6","123.42","EIRE"
"INV103337","C00409","2026-01-01 20:39:00","2","168.37","Netherlands"
"INV103338","C00362","2025-01-26 04:56:00","7","39.76","EIRE"
"INV103339","C00447","2025-07-02 14:30:00","4","90.2","Belgium"
"INV103340","C00310","2025-12-17 05:40:00","3","90.37","Germany"
"INV103341","C00143","2025-07-21 02:03:00","3","125.81","Italy"
"INV103342","C00300","2025-05-26 04:47:00","7","45.33","United Kingdom"
"INV103343","C00302","2025-01-23 23:55:00","2","151.18","Spain"
"INV103344","C00075","2025-06-18 02:11:00","6","74.65","Spain"
"INV103345","C00479","2025-01-21 19:48:00","1","179.12","United Kingdom"
"INV103346","C00223","2025-07-06 15:18:00","8","25.89","EIRE"
"INV103347","C00197","2026-03-27 22:32:00","9","34.42","EIRE"
"INV103348","C00257","2025-05-24 18:38:00","8","128.75","Netherlands"
"INV103349","C00443","2026-03-13 19:16:00","3","43.07","Germany"
"INV103350","C00402","2025-07-14 18:15:00","4","159.12","Italy"
"INV103351","C00460","2026-02-26 08:24:00","3","51.91","Belgium"
"INV103352","C00269","2025-11-28 04:27:00","9","129.7","France"
"INV103353","C00380","2025-04-27 04:13:00","1","118.54","Spain"
"INV103354","C00141","2026-03-06 07:34:00","5","158.03","Germany"
"INV103355","C00229","2025-08-07 05:31:00","6","176.88","Spain"
"INV103356","C00280","2026-01-02 03:15:00","9","26.8","Portugal"
"INV103357","C00127","2025-03-14 07:54:00","9","97.04","United Kingdom"
"INV103358","C00213","2025-04-05 15:50:00","5","4.53","Italy"
"INV103359","C00078","2025-05-03 21:10:00","8","113.71","Italy"
"INV103360","C00049","2025-08-11 16:32:00","5","50.89","Netherlands"
"INV103361","C00419","2026-01-19 23:26:00","3","19.25","France"
"INV103362","C00089","2025-10-20 17:47:00","9","174.76","Netherlands"
"INV103363","C00316","2026-03-09 05:17:00","7","30.79","Spain"
"INV103364","C00034","2025-01-27 13:02:00","5","3.69","EIRE"
"INV103365","C00116","2025-04-03 21:29:00","1","15.04","Portugal"
"INV103366","C00178","2025-12-23 15:05:00","5","146.17","United Kingdom"
"INV103367","C00142","2025-05-15 19:50:00","9","41.06","France"
"INV103368","C00354","2026-02-19 19:32:00","8","24.25","Germany"
"INV103369","C00306","2025-09-04 20:32:00","2","55.98","Germany"
"INV103370","C00043","2025-07-03 17:24:00","8","23.77","Portugal"
"INV103371","C00225","2025-06-04 12:24:00","5","189.74","Belgium"
"INV103372","C00139","2025-01-10 14:25:00","3","70.22","Germany"
"INV103373","C00298","2025-07-18 15:23:00","5","80.71","EIRE"
"INV103374","C00044","2025-06-15 00:49:00","1","18.53","United Kingdom"
"INV103375","C00419","2025-04-07 14:18:00","6","141.16","EIRE"
"INV103376","C00162","2026-01-01 11:03:00","3","61.87","Belgium"
"INV103377","C00476","2026-02-11 21:29:00","3","50.76","France"
"INV103378","C00264","2025-09-11 02:15:00","1","163.92","Portugal"
"INV103379","C00464","2026-03-18 17:51:00","3","163.15","Netherlands"
"INV103380","C00049","2026-01-01 21:08:00","3","23.03","Portugal"
"INV103381","C00146","2025-10-24 02:53:00","5","182.46","United Kingdom"
"INV103382","C00016","2025-03-01 22:41:00","8","125.74","Belgium"
"INV103383","C00167","2025-08-11 14:50:00","8","78.59","EIRE"
"INV103384","C00082","2025-09-19 09:12:00","7","53.96","Portugal"
"INV103385","C00249","2026-03-23 00:59:00","1","49.06","Portugal"
"INV103386","C00114","2025-10-21 01:27:00","1","17.68","Portugal"
"INV103387","C00065","2025-01-30 04:41:00","3","109.53","United Kingdom"
"INV103388","C00475","2025-11-01 10:45:00","8","115.54","United Kingdom"
"INV103389","C00164","2025-04-19 14:41:00","6","113.37","Germany"
"INV103390","C00049","2025-10-03 18:18:00","8","161.23","EIRE"
"INV103391","C00296","2025-04-23 06:43:00","7","89.39","United Kingdom"
"INV103392","C00390","2025-09-08 19:31:00","2","4.04","United Kingdom"
"INV103393","C00475","2026-02-15 20:56:00","8","95.96","Portugal"
"INV103394","C00251","2025-06-01 01:47:00","5","181.09","Netherlands"
"INV103395","C00284","2026-02-28 17:07:00","7","22.48","Belgium"
"INV103396","C00430","2026-02-05 13:20:00","5","163.35","Italy"
"INV103397","C00225","2025-08-14 12:32:00","8","15.1","Netherlands"
"INV103398","C00291","2025-09-20 07:45:00","9","152.81","United Kingdom"
"INV103399","C00019","2026-03-22 06:11:00","9","40.65","Italy"
"CINV103400","C00385","2025-02-06 15:34:00","8","33.21","Portugal"
"INV103401","C00021","2026-02-19 21:13:00","4","10.7","United Kingdom"
"INV103402","C00398","2025-08-31 18:43:00","5","185.14","Italy"
"INV103403","C00437","2025-12-27 23:47:00","6","71.06","Spain"
"INV103404","C00322","2025-12-17 06:34:00","3","103.34","United Kingdom"
"INV103405","C00130","2025-04-17 11:34:00","3","158.55","Spain"
"INV103406","C00272","2025-02-18 07:24:00","3","161.75","Netherlands"
"INV103407","C00151","2025-07-10 20:16:00","8","31.92","Belgium"
"INV103408","C00384","2026-03-16 06:32:00","6","138.71","Belgium"
"INV103409","C00435","2025-09-18 04:21:00","7","108.98","Belgium"
"INV103410","C00414","2025-07-22 12:54:00","6","182.18","Germany"
"INV103411","C00332","2026-01-20 02:05:00","6","35.57","EIRE"
"INV103412","C00154","2025-11-21 15:36:00","5","47.37","Portugal"
"INV103413","C00328","2025-09-09 16:14:00","6","20.67","France"
"INV103414","C00372","2025-01-03 16:18:00","3","147.46","Spain"
"INV103415","C00457","2025-04-06 05:23:00","1","189.08","Belgium"
"INV103416","C00338","2025-06-24 10:54:00","8","160.54","France"
"INV103417","C00084","2025-02-09 09:03:00","5","65.35","Netherlands"
"INV103418","C00254","2025-04-01 08:58:00","1","105.4","France"
"INV103419","C00364","2025-06-10 16:45:00","5","46.8","EIRE"
"INV103420","C00404","2025-12-21 15:05:00","5","28.84","United Kingdom"
"INV103421","C00160","2025-03-30 03:38:00","4","87.89","Italy"
"INV103422","C00262","2026-01-26 19:47:00","5","119.12","Germany"
"INV103423","C00108","2026-01-29 06:38:00","2","1.84","United Kingdom"
"INV103424","C00072","2026-03-22 16:27:00","3","25.5","Belgium"
"INV103425","C00011","2025-01-03 02:32:00","4","75.72","EIRE"
"INV103426","C00292","2026-03-05 05:20:00","2","48.98","Germany"
"INV103427","C00404","2025-08-26 15:01:00","7","178.6","United Kingdom"
"INV103428","C00459","2026-03-29 21:17:00","6","37.78","Belgium"
"INV103429","C00240","2025-09-08 20:10:00","6","40.81","Belgium"
"INV103430","C00223","2026-02-28 02:46:00","4","61.35","Belgium"
"INV103431","C00023","2025-11-09 17:38:00","7","18.55","Spain"
"INV103432","C00402","2025-10-20 18:23:00","3","58.99","United Kingdom"
"INV103433","C00431","2025-10-10 14:31:00","8","138.7","Belgium"
"INV103434","C00365","2025-09-11 11:59:00","7","147.83","France"
"INV103435","C00468","2025-03-23 13:10:00","2","180.13","Portugal"
"INV103436","C00287","2025-11-22 13:02:00","9","178.42","EIRE"
"INV103437","C00139","2025-03-05 07:32:00","8","7.44","France"
"INV103438","C00371","2025-07-16 08:37:00","5","43.57","Portugal"
"INV103439","C00131","2025-07-11 07:59:00","5","178.34","Italy"
"INV103440","C00425","2025-06-18 16:58:00","2","37.78","Germany"
"INV103441","C00421","2025-10-13 10:36:00","2","36.81","United Kingdom"
"INV103442","C00145","2026-02-05 21:30:00","7","106.33","France"
"INV103443","C00460","2025-04-13 11:26:00","8","186.49","Portugal"
"INV103444","C00273","2025-10-06 07:31:00","1","137.9","Spain"
"INV103445","C00358","2025-01-08 08:49:00","2","144.93","EIRE"
"INV103446","C00047","2025-05-26 20:25:00","1","25.06","Germany"
"INV103447","C00365","2025-02-14 17:03:00","5","53.72","EIRE"
"INV103448","C00294","2025-08-21 05:03:00","9","54.08","United Kingdom"
"INV103449","C00460","2025-08-06 14:45:00","6","102.08","Germany"
"INV103450","C00323","2025-06-18 11:16:00","5","56.86","Italy"
"INV103451","C00336","2025-10-26 08:18:00","3","57.18","Germany"
"INV103452","C00245","2025-10-15 05:09:00","7","87.65","United Kingdom"
"INV103453","C00071","2025-10-16 10:32:00","2","197.83","France"
"CINV103454","C00142","2025-01-06 06:42:00","8","25.89","Portugal"
"INV103455","C00421","2026-02-03 23:10:00","2","13.02","United Kingdom"
"INV103456","C00115","2025-12-16 00:10:00","3","58.36","Spain"
"INV103457","C00156","2025-06-19 02:13:00","1","92.13","EIRE"
"INV103458","C00462","2025-11-24 22:15:00","2","169.93","Belgium"
"INV103459","C00324","2025-06-19 04:49:00","7","193.59","Netherlands"
"INV103460","C00229","2026-03-14 07:05:00","5","184.91","Italy"
"CINV103461","C00052","2025-08-07 11:42:00","3","29.65","Belgium"
"CINV103462","C00250","2025-01-13 02:35:00","8","26.92","Germany"
"INV103463","C00118","2025-09-21 01:34:00","9","49.97","France"
"INV103464","C00108","2025-05-16 00:36:00","7","36.7","Italy"
"INV103465","C00401","2026-03-09 06:00:00","5","59","Spain"
"INV103466","C00244","2026-01-08 07:32:00","3","41.45","Italy"
"INV103467","C00072","2025-07-15 15:21:00","9","136.92","United Kingdom"
"INV103468","C00288","2025-07-24 04:47:00","1","5.99","Italy"
"INV103469","C00176","2025-01-24 00:00:00","8","34.81","Italy"
"INV103470","C00251","2025-10-12 04:41:00","1","181.89","Spain"
"INV103471","C00214","2025-12-09 22:01:00","9","168.39","Portugal"
"INV103472","C00259","2025-06-12 03:15:00","8","106.9","Belgium"
"INV103473","C00220","2026-01-23 06:27:00","6","96.11","Belgium"
"INV103474","C00307","2025-02-24 12:44:00","8","69.45","Spain"
"INV103475","C00476","2025-04-20 20:12:00","4","93.76","Netherlands"
"INV103476","C00250","2025-05-19 17:05:00","2","185.34","United Kingdom"
"INV103477","C00463","2025-01-02 03:57:00","1","159.75","Netherlands"
"INV103478","C00405","2026-01-28 07:32:00","4","140.12","Spain"
"INV103479","C00213","2025-03-13 05:30:00","7","36.36","Netherlands"
"INV103480","C00213","2025-09-09 07:13:00","8","157.35","Spain"
"CINV103481","C00158","2025-03-30 17:40:00","8","95.58","Italy"
"INV103482","C00003","2026-01-07 13:36:00","1","25.56","France"
"INV103483","C00089","2025-02-25 02:12:00","8","17.79","Portugal"
"INV103484","C00474","2025-04-22 08:57:00","6","111.89","Spain"
"INV103485","C00144","2025-10-23 03:35:00","6","94.24","Netherlands"
"INV103486","C00090","2025-11-26 00:38:00","4","69.2","Italy"
"INV103487","C00028","2026-03-23 08:46:00","1","80.07","United Kingdom"
"INV103488","C00393","2025-06-14 12:05:00","8","88.46","Spain"
"INV103489","C00149","2025-02-21 04:47:00","2","65.12","Portugal"
"INV103490","C00021","2026-03-27 17:54:00","6","75.53","Italy"
"INV103491","C00034","2025-03-09 09:37:00","4","185.17","Netherlands"
"INV103492","C00239","2025-07-31 04:53:00","1","55.35","Portugal"
"INV103493","C00348","2026-03-08 11:45:00","7","173.26","Germany"
"INV103494","C00469","2025-06-01 09:23:00","9","106.2","Portugal"
"INV103495","C00466","2025-12-27 17:39:00","9","11.72","EIRE"
"INV103496","C00346","2025-10-18 10:53:00","3","31.91","United Kingdom"
"INV103497","C00352","2025-10-29 13:53:00","9","172.54","Belgium"
"INV103498","C00131","2025-02-13 08:08:00","5","23.64","Netherlands"
"INV103499","C00488","2025-05-06 07:40:00","7","157.03","United Kingdom"
"INV103500","C00399","2025-02-25 10:33:00","3","191.49","EIRE"
"INV103501","C00339","2025-01-21 12:08:00","4","37.89","Belgium"
"INV103502","C00262","2025-12-18 18:33:00","1","134.5","Italy"
"INV103503","C00151","2025-04-15 14:51:00","9","147.5","Belgium"
"INV103504","C00224","2025-03-01 07:10:00","8","3.54","France"
"INV103505","C00116","2025-04-09 13:08:00","2","138.18","Germany"
"INV103506","C00407","2025-08-16 13:48:00","8","74.51","EIRE"
"INV103507","C00094","2025-12-22 05:24:00","6","58.7","Germany"
"INV103508","C00318","2025-03-10 04:51:00","6","153.66","Netherlands"
"INV103509","C00060","2025-01-02 23:00:00","6","156.76","EIRE"
"INV103510","C00416","2026-01-31 14:21:00","2","46.6","Germany"
"INV103511","C00458","2026-02-16 11:17:00","2","162.2","Portugal"
"INV103512","C00463","2025-01-09 20:58:00","2","112.61","Portugal"
"INV103513","C00440","2025-12-11 09:43:00","2","51.36","Portugal"
"INV103514","C00252","2025-03-20 19:59:00","2","131.92","Portugal"
"INV103515","C00187","2025-03-07 09:54:00","1","87.4","Netherlands"
"INV103516","C00025","2026-03-24 07:36:00","2","135.71","Belgium"
"INV103517","C00227","2025-07-06 02:36:00","8","98.91","Germany"
"INV103518","C00413","2026-01-06 09:51:00","4","160.79","France"
"INV103519","C00254","2025-02-16 06:59:00","4","62.01","Portugal"
"INV103520","C00286","2025-08-12 21:40:00","5","186.55","France"
"INV103521","C00205","2026-01-22 11:23:00","4","121.17","Italy"
"INV103522","C00234","2025-07-14 19:42:00","2","79.13","Portugal"
"INV103523","C00327","2025-10-17 09:58:00","8","15.46","Netherlands"
"INV103524","C00053","2025-06-14 17:26:00","9","115.07","Portugal"
"INV103525","C00128","2025-06-30 04:21:00","1","109.04","Portugal"
"INV103526","C00289","2025-06-21 15:55:00","5","84.14","Spain"
"CINV103527","C00309","2025-06-13 08:14:00","7","139.26","EIRE"
"INV103528","C00232","2025-06-27 03:16:00","5","85.1","United Kingdom"
"INV103529","C00008","2025-04-10 22:14:00","5","37.14","Germany"
"INV103530","C00292","2025-11-21 22:36:00","1","6.49","Netherlands"
"INV103531","C00317","2025-01-02 00:25:00","1","102.52","EIRE"
"INV103532","C00024","2025-10-21 06:35:00","4","155.25","Italy"
"INV103533","C00076","2025-12-31 03:12:00","8","83.55","United Kingdom"
"INV103534","C00083","2025-11-06 17:05:00","2","52.79","Netherlands"
"INV103535","C00343","2026-03-12 17:22:00","9","111.57","France"
"INV103536","C00342","2025-05-14 06:29:00","4","113.07","EIRE"
"INV103537","C00215","2025-03-12 23:12:00","4","148.45","Germany"
"INV103538","C00465","2025-11-06 06:20:00","1","26.23","Netherlands"
"INV103539","C00143","2025-04-13 19:22:00","7","4.35","United Kingdom"
"INV103540","C00247","2025-07-20 17:15:00","7","158.5","United Kingdom"
"INV103541","C00460","2025-10-25 23:10:00","2","156.32","France"
"INV103542","C00408","2025-05-22 10:21:00","3","101.97","Portugal"
"INV103543","C00400","2025-09-14 04:55:00","5","28.74","Spain"
"INV103544","C00203","2025-09-02 00:06:00","8","136.04","United Kingdom"
"INV103545","C00030","2026-01-10 01:19:00","2","66.17","Germany"
"INV103546","C00307","2025-08-27 23:21:00","4","15.84","France"
"INV103547","C00346","2025-08-14 05:34:00","2","96.9","Spain"
"INV103548","C00023","2026-02-04 13:48:00","6","6.99","Belgium"
"INV103549","C00034","2026-03-04 02:06:00","9","64.5","EIRE"
"INV103550","C00494","2025-01-31 22:11:00","2","69.72","Belgium"
"INV103551","C00490","2025-03-02 15:35:00","5","49.04","EIRE"
"INV103552","C00482","2025-10-22 02:13:00","2","22.76","France"
"INV103553","C00349","2025-11-29 08:45:00","7","18.58","Belgium"
"INV103554","C00378","2026-01-05 14:47:00","5","35.71","Portugal"
"INV103555","C00330","2025-08-23 09:22:00","1","58.07","Portugal"
"INV103556","C00476","2025-04-11 00:44:00","9","49.75","Belgium"
"INV103557","C00252","2025-10-20 17:57:00","8","146.94","Germany"
"INV103558","C00072","2025-06-02 20:23:00","6","170.14","EIRE"
"INV103559","C00256","2025-07-20 16:07:00","3","17.98","Netherlands"
"INV103560","C00013","2026-03-18 23:25:00","5","179.62","United Kingdom"
"INV103561","C00038","2025-10-12 23:11:00","4","41.93","Belgium"
"INV103562","C00233","2025-04-07 03:54:00","3","3.48","France"
"INV103563","C00347","2026-03-22 03:41:00","6","153.8","Italy"
"INV103564","C00017","2025-09-10 02:14:00","1","89.43","Spain"
"INV103565","C00482","2025-07-20 07:57:00","1","108.31","Belgium"
"INV103566","C00432","2026-01-28 14:21:00","7","40.72","France"
"INV103567","C00181","2025-12-30 11:23:00","5","12.71","Portugal"
"INV103568","C00215","2025-01-17 07:31:00","9","37.68","Belgium"
"INV103569","C00476","2025-04-27 15:19:00","1","69.4","Netherlands"
"INV103570","C00436","2026-02-23 12:05:00","3","180.74","Netherlands"
"INV103571","C00419","2025-01-18 05:36:00","4","36.37","Belgium"
"CINV103572","C00148","2026-02-03 05:43:00","9","12.34","Spain"
"INV103573","C00204","2025-08-16 04:13:00","1","42.44","Belgium"
"INV103574","C00226","2026-03-24 08:28:00","8","99.86","Spain"
"INV103575","C00001","2025-11-26 05:47:00","2","128.9","Germany"
"INV103576","C00342","2026-03-26 20:35:00","3","15.55","France"
"INV103577","C00247","2025-07-26 08:09:00","1","96.83","Germany"
"INV103578","C00142","2025-05-11 21:14:00","4","51.41","France"
"INV103579","C00367","2025-08-20 03:16:00","8","78.98","United Kingdom"
"INV103580","C00215","2025-10-19 09:43:00","5","39.16","Italy"
"INV103581","C00417","2025-07-29 08:19:00","4","86.15","United Kingdom"
"INV103582","C00481","2025-08-13 07:03:00","3","31.56","Netherlands"
"INV103583","C00064","2025-09-28 15:19:00","3","126.76","EIRE"
"INV103584","C00408","2025-02-08 20:50:00","4","120.16","Belgium"
"INV103585","C00209","2025-11-21 02:46:00","3","67.12","Germany"
"INV103586","C00105","2025-09-04 20:06:00","5","5.81","Belgium"
"INV103587","C00124","2025-07-19 06:14:00","9","154.39","Germany"
"INV103588","C00012","2025-09-18 09:30:00","2","33.48","Germany"
"INV103589","C00319","2025-09-14 10:42:00","7","170.91","France"
"INV103590","C00247","2025-05-29 21:35:00","4","164.67","Italy"
"INV103591","C00292","2025-05-10 12:12:00","8","11.7","Italy"
"INV103592","C00461","2026-03-21 15:16:00","2","66.67","Spain"
"INV103593","C00022","2025-03-01 13:59:00","3","35.35","United Kingdom"
"INV103594","C00128","2025-06-27 20:38:00","4","165.24","Portugal"
"INV103595","C00421","2025-05-04 23:24:00","5","124.27","Portugal"
"INV103596","C00487","2025-02-05 02:27:00","3","71.02","Portugal"
"INV103597","C00153","2025-11-15 17:41:00","9","118.64","Germany"
"INV103598","C00290","2025-09-23 00:52:00","2","30.37","Germany"
"INV103599","C00213","2026-01-08 03:03:00","8","191.41","Italy"
"INV103600","C00465","2025-02-07 16:12:00","1","184.08","Portugal"
"INV103601","C00285","2025-02-03 13:45:00","3","74.85","Germany"
"INV103602","C00141","2026-03-23 16:31:00","6","12.53","Netherlands"
"INV103603","C00341","2026-03-07 07:42:00","6","173.17","France"
"INV103604","C00155","2025-04-19 13:26:00","1","167.43","Belgium"
"INV103605","C00109","2026-02-16 09:40:00","2","56.43","France"
"CINV103606","C00113","2026-02-22 02:01:00","1","3.63","France"
"INV103607","C00064","2025-01-08 01:08:00","4","66.56","Netherlands"
"INV103608","C00260","2025-10-25 07:25:00","8","187.6","United Kingdom"
"INV103609","C00139","2025-02-21 00:14:00","2","7.54","Netherlands"
"INV103610","C00091","2025-08-18 20:19:00","6","26.36","Netherlands"
"INV103611","C00408","2025-12-17 01:45:00","3","11.63","Netherlands"
"INV103612","C00251","2025-06-26 23:47:00","6","87.33","EIRE"
"INV103613","C00291","2025-08-01 15:36:00","4","146.38","EIRE"
"CINV103614","C00468","2025-04-07 21:47:00","9","110.25","France"
"INV103615","C00275","2025-04-06 03:18:00","4","25.64","Italy"
"INV103616","C00409","2026-01-13 01:59:00","9","78.14","Germany"
"INV103617","C00278","2025-04-04 06:45:00","4","104.64","France"
"INV103618","C00204","2025-11-02 01:15:00","8","55.64","Germany"
"INV103619","C00128","2025-04-26 07:57:00","9","165.54","EIRE"
"INV103620","C00491","2025-07-18 09:25:00","1","98.76","United Kingdom"
"INV103621","C00025","2026-02-23 05:24:00","5","8.69","EIRE"
"INV103622","C00246","2025-07-14 22:31:00","2","21.45","Spain"
"INV103623","C00397","2026-02-14 07:33:00","8","136.33","Portugal"
"INV103624","C00441","2026-02-17 04:22:00","8","148.4","Netherlands"
"INV103625","C00033","2026-01-25 13:26:00","4","107.12","Belgium"
"INV103626","C00121","2026-01-04 14:52:00","7","39.08","Netherlands"
"INV103627","C00177","2025-09-25 23:56:00","2","151.47","EIRE"
"INV103628","C00026","2025-07-07 10:18:00","5","140.64","Italy"
"INV103629","C00441","2025-02-16 15:58:00","1","79.53","Spain"
"INV103630","C00226","2025-02-11 05:24:00","5","58.74","United Kingdom"
"INV103631","C00243","2025-02-26 18:41:00","3","141.3","Germany"
"INV103632","C00116","2026-03-01 15:47:00","8","118.21","Portugal"
"INV103633","C00049","2026-02-08 16:08:00","4","86.03","United Kingdom"
"INV103634","C00062","2025-09-23 14:39:00","6","37.66","United Kingdom"
"INV103635","C00497","2025-05-18 19:40:00","6","101.9","France"
"INV103636","C00032","2025-04-14 13:08:00","6","161.57","United Kingdom"
"INV103637","C00487","2025-05-25 15:08:00","1","131.62","France"
"INV103638","C00110","2026-03-10 19:57:00","2","183.19","EIRE"
"INV103639","C00111","2025-06-22 00:33:00","4","12.93","Germany"
"INV103640","C00124","2025-12-29 23:35:00","2","32.87","Netherlands"
"INV103641","C00227","2025-06-10 10:17:00","5","72.49","Netherlands"
"INV103642","C00322","2025-11-03 03:50:00","4","97.87","Italy"
"INV103643","C00206","2026-03-26 10:33:00","8","46.99","Spain"
"INV103644","C00014","2026-02-21 22:41:00","1","158.53","Portugal"
"INV103645","C00375","2025-11-11 00:44:00","9","65.79","United Kingdom"
"INV103646","C00012","2025-06-17 14:17:00","1","13.5","EIRE"
"INV103647","C00251","2025-12-14 09:36:00","7","191.68","United Kingdom"
"INV103648","C00053","2026-03-18 14:31:00","7","36.22","Spain"
"INV103649","C00358","2025-08-16 06:38:00","2","184.28","Italy"
"INV103650","C00040","2025-01-22 14:54:00","3","62.01","France"
"INV103651","C00279","2025-10-01 05:42:00","9","121.54","Germany"
"INV103652","C00035","2025-10-03 18:12:00","2","25.67","Italy"
"INV103653","C00129","2025-11-09 14:10:00","5","134.91","Portugal"
"INV103654","C00325","2025-01-09 06:23:00","2","43.23","Germany"
"INV103655","C00167","2025-12-14 16:41:00","7","137.91","Portugal"
"INV103656","C00008","2025-02-15 18:44:00","7","8.97","Portugal"
"INV103657","C00388","2025-07-28 16:54:00","2","92.84","Spain"
"INV103658","C00142","2025-03-08 02:51:00","7","15.66","EIRE"
"INV103659","C00307","2026-02-03 10:11:00","7","118.46","EIRE"
"INV103660","C00092","2025-09-02 00:31:00","6","167.7","EIRE"
"INV103661","C00159","2025-02-18 20:19:00","9","114.07","Germany"
"INV103662","C00279","2026-03-09 16:08:00","2","117.11","Portugal"
"INV103663","C00457","2025-08-31 10:39:00","1","77.14","United Kingdom"
"INV103664","C00104","2025-02-06 01:36:00","1","108.14","Portugal"
"INV103665","C00077","2025-12-21 22:03:00","3","161.95","France"
"INV103666","C00221","2025-07-27 19:18:00","2","55.47","United Kingdom"
"INV103667","C00309","2025-11-24 00:31:00","8","86.09","Spain"
"INV103668","C00211","2025-10-28 01:28:00","9","8.3","United Kingdom"
"INV103669","C00239","2025-11-12 10:11:00","1","146.6","France"
"INV103670","C00234","2025-01-04 17:09:00","7","81.59","Portugal"
"INV103671","C00072","2026-03-08 23:19:00","7","100.72","France"
"INV103672","C00214","2025-09-17 06:03:00","7","74.16","United Kingdom"
"INV103673","C00472","2025-07-26 11:57:00","8","62.2","Belgium"
"INV103674","C00319","2025-07-25 09:01:00","7","74.61","France"
"CINV103675","C00346","2026-03-16 04:22:00","6","64.44","Netherlands"
"INV103676","C00007","2025-11-21 16:28:00","3","41.08","Spain"
"INV103677","C00415","2025-10-25 17:30:00","8","43","France"
"INV103678","C00447","2025-09-08 20:51:00","8","153.04","Belgium"
"INV103679","C00231","2025-06-15 11:47:00","7","177.84","Spain"
"INV103680","C00327","2025-06-06 15:16:00","3","149.93","Netherlands"
"INV103681","C00368","2026-01-05 09:24:00","1","175.67","Belgium"
"INV103682","C00170","2025-01-24 23:47:00","7","156.05","Spain"
"INV103683","C00416","2025-06-22 18:02:00","7","122.16","Portugal"
"INV103684","C00070","2025-06-10 01:48:00","8","28.9","Netherlands"
"INV103685","C00108","2025-11-29 06:45:00","3","92.79","Germany"
"INV103686","C00029","2026-01-31 16:49:00","6","192.3","Germany"
"INV103687","C00457","2025-03-15 06:26:00","8","195.3","Netherlands"
"INV103688","C00467","2026-01-04 11:02:00","9","188.58","Netherlands"
"INV103689","C00358","2025-11-29 05:47:00","6","126.23","EIRE"
"INV103690","C00190","2025-07-13 17:10:00","8","199.95","Netherlands"
"INV103691","C00433","2025-11-27 20:31:00","3","101.85","Italy"
"INV103692","C00001","2026-02-17 17:26:00","4","39.46","Spain"
"INV103693","C00435","2025-04-16 17:36:00","9","17.83","Portugal"
"INV103694","C00072","2025-08-08 07:52:00","8","9.34","Germany"
"INV103695","C00478","2025-09-09 10:37:00","4","191.57","EIRE"
"INV103696","C00302","2025-11-01 13:27:00","8","11.99","United Kingdom"
"INV103697","C00085","2025-12-09 16:35:00","1","163.57","Spain"
"INV103698","C00420","2025-02-16 21:18:00","9","35.15","Italy"
"INV103699","C00398","2025-06-09 23:07:00","8","50.13","Germany"
"INV103700","C00212","2025-09-26 07:32:00","8","70.99","France"
"INV103701","C00391","2025-02-01 14:26:00","6","132.23","Belgium"
"INV103702","C00498","2025-05-22 15:35:00","5","93.13","France"
"INV103703","C00445","2025-04-11 20:12:00","3","4.97","United Kingdom"
"INV103704","C00333","2025-09-03 18:47:00","8","104.89","Italy"
"INV103705","C00439","2025-09-23 17:59:00","7","98.72","Portugal"
"INV103706","C00019","2025-02-17 14:58:00","6","71.69","United Kingdom"
"INV103707","C00225","2025-01-26 23:38:00","5","133.31","Spain"
"INV103708","C00206","2025-02-21 03:25:00","2","74.24","Netherlands"
"INV103709","C00173","2025-02-16 23:24:00","5","169.11","Spain"
"INV103710","C00336","2026-03-13 22:17:00","2","191.93","Italy"
"INV103711","C00201","2025-07-22 22:19:00","8","81.17","Portugal"
"CINV103712","C00142","2025-12-07 19:17:00","3","164.12","Netherlands"
"INV103713","C00183","2025-09-04 05:50:00","6","8.34","United Kingdom"
"INV103714","C00245","2025-07-10 20:30:00","9","130.85","Belgium"
"INV103715","C00409","2025-08-21 17:31:00","6","100.15","Germany"
"INV103716","C00001","2025-04-04 22:54:00","6","166.33","Italy"
"INV103717","C00250","2025-08-22 09:46:00","4","161.16","France"
"INV103718","C00458","2026-01-02 18:16:00","2","124.25","Portugal"
"INV103719","C00398","2025-06-24 13:42:00","5","98.15","Belgium"
"INV103720","C00191","2025-05-24 07:34:00","8","167.13","Portugal"
"INV103721","C00266","2026-03-27 07:04:00","5","154.9","EIRE"
"INV103722","C00339","2025-12-25 09:46:00","2","73.34","Belgium"
"INV103723","C00075","2025-05-12 00:28:00","7","109.87","Spain"
"INV103724","C00322","2026-02-26 08:08:00","2","184.98","United Kingdom"
"INV103725","C00389","2025-08-18 15:54:00","3","125.53","France"
"INV103726","C00163","2025-02-04 01:04:00","6","166.94","Spain"
"INV103727","C00285","2025-08-11 23:03:00","1","94.39","United Kingdom"
"INV103728","C00289","2025-05-20 04:42:00","5","167.98","Germany"
"INV103729","C00194","2025-09-26 00:11:00","3","116.29","Italy"
"INV103730","C00230","2025-03-23 17:06:00","8","184.18","France"
"INV103731","C00337","2025-10-24 14:36:00","7","46.16","Italy"
"INV103732","C00253","2025-12-04 20:26:00","4","52.38","United Kingdom"
"INV103733","C00385","2025-10-01 00:45:00","1","112.32","United Kingdom"
"INV103734","C00409","2025-07-20 04:17:00","8","185.82","Italy"
"INV103735","C00397","2025-04-18 00:36:00","6","18.04","Spain"
"INV103736","C00289","2025-12-25 18:05:00","1","2.77","Portugal"
"INV103737","C00131","2025-04-07 02:28:00","3","25.37","United Kingdom"
"INV103738","C00241","2026-01-07 04:09:00","4","170.69","EIRE"
"INV103739","C00475","2025-11-21 22:26:00","2","101.91","Belgium"
"INV103740","C00337","2025-07-08 13:02:00","2","63.81","EIRE"
"INV103741","C00333","2025-02-01 17:52:00","1","100.31","Netherlands"
"CINV103742","C00098","2025-09-14 07:24:00","9","112.8","United Kingdom"
"INV103743","C00110","2025-08-19 12:56:00","9","57.47","Belgium"
"INV103744","C00461","2025-03-19 04:58:00","9","111.75","Germany"
"INV103745","C00034","2026-03-24 10:53:00","3","181.62","Spain"
"INV103746","C00088","2026-01-09 09:52:00","4","129.35","France"
"INV103747","C00225","2025-08-04 14:37:00","8","7.52","Germany"
"INV103748","C00266","2025-08-28 22:00:00","8","57.17","France"
"INV103749","C00381","2025-05-04 12:43:00","3","93.04","United Kingdom"
"INV103750","C00158","2025-01-24 02:29:00","7","164.21","Italy"
"INV103751","C00417","2026-02-18 00:23:00","9","80.12","Spain"
"INV103752","C00075","2025-11-27 05:16:00","8","88.23","Spain"
"INV103753","C00105","2025-02-06 07:46:00","8","6.8","Portugal"
"INV103754","C00136","2025-01-26 01:54:00","2","57.97","Portugal"
"INV103755","C00431","2026-01-05 10:27:00","8","96.82","Italy"
"INV103756","C00374","2026-02-21 00:22:00","9","22.69","United Kingdom"
"INV103757","C00144","2025-03-17 03:10:00","4","57.47","Belgium"
"INV103758","C00308","2025-05-11 22:31:00","9","155.68","Spain"
"INV103759","C00060","2025-12-26 23:31:00","6","95.07","United Kingdom"
"INV103760","C00031","2025-08-07 10:30:00","9","95.37","Belgium"
"INV103761","C00500","2025-04-28 02:26:00","6","121.08","Spain"
"INV103762","C00279","2025-02-20 06:36:00","2","50.19","Italy"
"INV103763","C00472","2026-02-01 22:41:00","8","106.15","Belgium"
"INV103764","C00007","2025-07-28 01:26:00","1","59.29","France"
"INV103765","C00211","2025-06-22 06:16:00","3","41.33","United Kingdom"
"INV103766","C00390","2025-06-10 12:43:00","1","151.8","France"
"INV103767","C00359","2025-08-05 14:22:00","8","196.96","United Kingdom"
"INV103768","C00008","2025-08-25 19:35:00","4","34.51","Netherlands"
"INV103769","C00232","2025-01-18 06:03:00","9","166.47","France"
"INV103770","C00143","2025-02-07 22:47:00","1","10.36","Germany"
"INV103771","C00098","2025-10-28 00:06:00","1","28.11","United Kingdom"
"INV103772","C00054","2025-08-15 19:48:00","3","8.51","Portugal"
"INV103773","C00207","2025-05-18 09:26:00","8","25.57","Portugal"
"INV103774","C00100","2026-03-15 00:30:00","9","23.47","Germany"
"INV103775","C00134","2025-09-15 17:56:00","1","68.6","Netherlands"
"INV103776","C00043","2025-12-28 03:12:00","1","106.84","Spain"
"INV103777","C00378","2025-08-05 21:06:00","3","133.03","EIRE"
"INV103778","C00031","2026-01-22 14:11:00","6","3.03","Portugal"
"INV103779","C00373","2025-05-29 12:20:00","8","3.86","Netherlands"
"INV103780","C00011","2025-04-28 01:46:00","3","62.29","France"
"INV103781","C00211","2025-02-16 02:02:00","9","191.04","Spain"
"INV103782","C00450","2025-03-22 12:03:00","6","90.86","Portugal"
"INV103783","C00332","2025-08-07 00:16:00","7","153.31","EIRE"
"INV103784","C00011","2025-01-27 15:05:00","4","149.14","Spain"
"INV103785","C00108","2025-04-29 13:35:00","6","137.72","Spain"
"INV103786","C00424","2026-02-04 20:25:00","2","93.63","Spain"
"INV103787","C00386","2025-04-21 15:21:00","2","123.32","Portugal"
"INV103788","C00075","2025-05-18 10:14:00","7","36.51","Portugal"
"INV103789","C00156","2026-02-19 14:45:00","6","73.53","Netherlands"
"INV103790","C00184","2025-09-26 02:14:00","4","107.14","United Kingdom"
"INV103791","C00343","2025-05-06 04:52:00","7","164.94","United Kingdom"
"INV103792","C00095","2025-08-09 14:47:00","2","129.32","Belgium"
"INV103793","C00080","2025-03-17 07:53:00","6","100.44","Belgium"
"INV103794","C00036","2025-04-22 14:42:00","2","148.68","Italy"
"INV103795","C00275","2025-01-02 08:56:00","1","190.6","Belgium"
"INV103796","C00188","2026-03-02 17:39:00","4","152.98","Portugal"
"INV103797","C00225","2025-01-24 16:38:00","4","144.95","Spain"
"INV103798","C00202","2025-09-08 15:28:00","1","141.4","Germany"
"INV103799","C00402","2025-02-08 13:42:00","3","29.81","France"
"INV103800","C00363","2025-11-09 14:33:00","2","86.52","Portugal"
"INV103801","C00005","2025-03-27 17:40:00","4","160.66","EIRE"
"INV103802","C00039","2025-09-06 19:24:00","8","74.36","Netherlands"
"INV103803","C00060","2025-10-13 20:58:00","3","166.08","Italy"
"INV103804","C00052","2025-02-24 11:31:00","7","194.28","EIRE"
"INV103805","C00262","2025-08-05 07:32:00","2","15.86","Netherlands"
"INV103806","C00219","2025-12-13 18:31:00","8","122.37","Germany"
"INV103807","C00099","2025-03-11 02:18:00","7","113.8","Netherlands"
"INV103808","C00114","2025-03-09 15:45:00","8","51.41","Germany"
"INV103809","C00405","2025-03-18 20:59:00","9","92.96","France"
"INV103810","C00116","2026-03-02 12:59:00","8","113.62","Germany"
"INV103811","C00371","2025-12-05 14:59:00","5","43.83","Germany"
"INV103812","C00149","2025-05-16 03:04:00","3","154.8","EIRE"
"INV103813","C00192","2025-03-13 03:40:00","6","66.65","Spain"
"INV103814","C00030","2025-03-28 22:52:00","2","165.92","EIRE"
"INV103815","C00260","2025-06-18 00:01:00","8","75.92","Italy"
"INV103816","C00036","2026-02-01 02:19:00","8","21.23","Netherlands"
"INV103817","C00448","2026-01-20 08:56:00","3","125.22","Italy"
"INV103818","C00081","2025-01-09 04:05:00","5","126.09","United Kingdom"
"INV103819","C00098","2025-02-12 20:39:00","2","50.57","EIRE"
"INV103820","C00257","2025-12-08 17:25:00","2","158.6","Germany"
"INV103821","C00163","2025-12-12 14:46:00","7","145.35","Belgium"
"INV103822","C00163","2025-08-19 05:13:00","7","52.79","France"
"INV103823","C00352","2025-07-13 19:18:00","1","105.3","Italy"
"INV103824","C00159","2025-07-04 21:27:00","7","60.28","France"
"INV103825","C00345","2025-03-24 19:17:00","4","144.66","Portugal"
"INV103826","C00261","2025-04-19 06:10:00","8","74.07","Portugal"
"INV103827","C00320","2025-03-31 14:03:00","6","114.78","Spain"
"INV103828","C00500","2025-09-01 23:04:00","6","128.71","France"
"INV103829","C00167","2025-08-31 12:54:00","9","108.69","EIRE"
"INV103830","C00106","2025-09-05 12:41:00","7","114.69","Germany"
"INV103831","C00116","2025-02-19 09:43:00","4","38.89","Portugal"
"INV103832","C00037","2025-06-04 13:47:00","6","69.55","EIRE"
"INV103833","C00450","2025-08-01 00:45:00","3","59.69","Spain"
"INV103834","C00356","2025-09-26 18:44:00","8","5.9","Belgium"
"INV103835","C00339","2025-12-05 11:54:00","2","115.81","Germany"
"INV103836","C00184","2025-06-02 16:56:00","9","113.55","EIRE"
"INV103837","C00016","2025-06-18 13:32:00","6","9.54","France"
"INV103838","C00394","2026-01-30 23:22:00","3","173.78","Portugal"
"INV103839","C00166","2025-01-06 18:39:00","4","140.07","United Kingdom"
"INV103840","C00055","2026-02-27 00:14:00","4","190.85","Netherlands"
"INV103841","C00437","2025-09-11 19:44:00","5","9.49","Spain"
"INV103842","C00495","2025-10-01 04:37:00","1","44.16","EIRE"
"INV103843","C00145","2025-01-21 05:14:00","8","31.97","Italy"
"INV103844","C00382","2026-01-12 03:54:00","3","145.24","Spain"
"INV103845","C00305","2025-09-13 02:19:00","8","82.08","Portugal"
"INV103846","C00292","2025-09-26 06:26:00","9","75.47","Italy"
"INV103847","C00186","2025-01-03 19:07:00","6","40.48","United Kingdom"
"INV103848","C00372","2026-01-06 17:17:00","1","135.13","Netherlands"
"CINV103849","C00182","2026-01-11 23:30:00","9","121.9","Italy"
"INV103850","C00164","2025-11-20 16:51:00","3","15.75","Portugal"
"INV103851","C00097","2026-02-09 12:22:00","9","143.51","Spain"
"INV103852","C00303","2025-10-08 05:13:00","4","7.72","Netherlands"
"INV103853","C00317","2025-08-22 09:53:00","8","143.46","Spain"
"INV103854","C00045","2025-01-25 07:20:00","3","111.1","Netherlands"
"INV103855","C00197","2025-12-25 08:19:00","6","47.61","Spain"
"INV103856","C00409","2025-12-14 19:00:00","9","32.96","EIRE"
"INV103857","C00084","2026-03-07 11:11:00","5","177.94","Germany"
"INV103858","C00180","2025-08-23 18:26:00","2","86.11","Spain"
"CINV103859","C00203","2026-01-08 06:50:00","2","107.72","Germany"
"INV103860","C00183","2025-08-03 03:43:00","7","8.47","Spain"
"INV103861","C00135","2025-03-16 08:31:00","8","185.21","Spain"
"INV103862","C00478","2025-05-05 03:03:00","6","58.88","Italy"
"INV103863","C00454","2025-01-02 20:07:00","6","195.25","EIRE"
"INV103864","C00242","2026-03-18 09:16:00","6","107.92","Spain"
"INV103865","C00114","2026-02-03 18:18:00","8","120.39","Spain"
"INV103866","C00161","2025-07-18 21:03:00","8","23.24","Portugal"
"INV103867","C00155","2026-03-20 18:40:00","2","192.25","United Kingdom"
"INV103868","C00376","2025-02-14 13:17:00","7","90.83","Germany"
"INV103869","C00024","2026-02-19 05:15:00","4","51.32","France"
"INV103870","C00295","2025-12-30 16:49:00","2","103.65","EIRE"
"INV103871","C00189","2026-01-17 09:00:00","4","36.39","France"
"INV103872","C00068","2026-01-27 09:16:00","6","94.18","Netherlands"
"INV103873","C00129","2025-02-19 13:09:00","6","65.37","Belgium"
"INV103874","C00454","2025-07-20 23:50:00","5","183.36","Netherlands"
"INV103875","C00246","2025-08-12 12:53:00","8","104.04","Netherlands"
"INV103876","C00049","2025-11-28 05:10:00","4","153.38","United Kingdom"
"INV103877","C00369","2025-10-11 11:33:00","8","65.31","Germany"
"INV103878","C00443","2025-12-14 23:46:00","8","106.1","Spain"
"INV103879","C00253","2026-02-25 23:54:00","6","70.99","Italy"
"INV103880","C00230","2025-06-20 21:10:00","1","31.98","Belgium"
"INV103881","C00201","2025-02-27 10:32:00","4","70.38","United Kingdom"
"INV103882","C00300","2025-01-03 00:16:00","3","161.9","Italy"
"INV103883","C00407","2025-06-29 18:02:00","2","25.82","France"
"INV103884","C00497","2025-08-11 09:07:00","6","65.97","Netherlands"
"INV103885","C00120","2025-12-31 18:41:00","4","8.51","Netherlands"
"INV103886","C00151","2025-04-24 13:41:00","4","62.68","Spain"
"INV103887","C00290","2026-02-23 13:17:00","5","1.71","France"
"INV103888","C00140","2025-01-07 17:14:00","6","138.88","Italy"
"INV103889","C00360","2025-12-13 11:49:00","1","172.46","Spain"
"INV103890","C00439","2026-02-11 01:59:00","4","10.94","Spain"
"INV103891","C00131","2026-02-19 22:54:00","9","86.58","Italy"
"INV103892","C00452","2025-05-07 14:54:00","7","60.47","United Kingdom"
"INV103893","C00075","2025-02-23 08:08:00","7","102","EIRE"
"INV103894","C00401","2026-01-18 23:32:00","7","47.07","Italy"
"INV103895","C00300","2025-01-11 15:59:00","6","98.81","Spain"
"INV103896","C00227","2025-11-10 10:37:00","4","55.71","France"
"INV103897","C00423","2025-10-17 04:48:00","9","161.77","Netherlands"
"INV103898","C00120","2026-03-22 21:24:00","8","112.24","Portugal"
"INV103899","C00013","2025-02-03 00:20:00","6","174.8","France"
"CINV103900","C00116","2025-07-24 15:34:00","7","15.78","France"
"INV103901","C00494","2025-07-07 04:29:00","9","154.73","Netherlands"
"INV103902","C00460","2025-08-01 03:04:00","4","81.38","Germany"
"INV103903","C00205","2025-07-17 03:09:00","6","14.16","Germany"
"INV103904","C00273","2025-12-16 16:30:00","9","148.24","United Kingdom"
"INV103905","C00327","2025-02-20 03:09:00","4","188.7","United Kingdom"
"INV103906","C00436","2026-02-27 04:46:00","7","160.06","France"
"INV103907","C00140","2025-08-20 20:08:00","7","86.72","France"
"INV103908","C00497","2025-01-06 11:58:00","1","173.52","United Kingdom"
"INV103909","C00098","2025-06-21 06:31:00","3","34.9","Belgium"
"INV103910","C00177","2025-08-27 11:30:00","1","25.55","Belgium"
"INV103911","C00096","2025-06-25 09:32:00","7","163.76","Germany"
"INV103912","C00474","2025-10-05 21:15:00","5","8.91","United Kingdom"
"INV103913","C00456","2025-12-01 20:31:00","3","189.59","Germany"
"INV103914","C00418","2026-02-21 20:56:00","6","24.15","Spain"
"INV103915","C00160","2026-02-23 15:02:00","4","177.41","Belgium"
"INV103916","C00178","2025-09-14 02:32:00","1","31.34","Spain"
"INV103917","C00178","2025-11-03 03:54:00","3","65.51","Portugal"
"INV103918","C00236","2025-07-26 20:58:00","7","163.77","Germany"
"INV103919","C00420","2025-10-30 15:14:00","2","87.58","Belgium"
"INV103920","C00005","2025-09-29 11:43:00","1","29.54","Belgium"
"INV103921","C00421","2025-02-23 20:54:00","4","28.79","EIRE"
"INV103922","C00183","2026-03-12 07:10:00","9","102.03","Belgium"
"INV103923","C00276","2025-12-08 21:29:00","6","118.89","Italy"
"INV103924","C00248","2025-09-08 02:46:00","1","129.7","EIRE"
"INV103925","C00266","2025-05-30 08:10:00","9","137.74","United Kingdom"
"INV103926","C00395","2025-06-21 20:46:00","5","156.41","Belgium"
"INV103927","C00357","2025-10-01 20:31:00","5","36.89","Portugal"
"INV103928","C00083","2026-03-24 22:07:00","5","49.66","Spain"
"INV103929","C00390","2025-09-05 07:55:00","3","90.11","Spain"
"INV103930","C00440","2025-09-26 00:01:00","2","8.96","Netherlands"
"INV103931","C00473","2025-05-31 04:39:00","3","92.18","EIRE"
"INV103932","C00140","2025-09-22 07:43:00","3","29.87","Portugal"
"INV103933","C00183","2025-09-29 04:47:00","7","46","United Kingdom"
"INV103934","C00354","2025-11-26 05:13:00","9","102.13","EIRE"
"INV103935","C00340","2025-10-27 16:39:00","9","40.39","United Kingdom"
"INV103936","C00012","2025-06-13 08:35:00","1","130.68","Belgium"
"INV103937","C00016","2026-02-10 06:28:00","5","70.18","Netherlands"
"INV103938","C00380","2025-09-21 07:23:00","3","164.42","Portugal"
"INV103939","C00182","2025-11-02 17:43:00","7","183.97","Germany"
"INV103940","C00177","2025-02-20 14:14:00","4","134.17","Italy"
"INV103941","C00177","2025-05-30 13:43:00","5","21.3","Netherlands"
"INV103942","C00443","2026-03-12 08:12:00","4","41.14","France"
"INV103943","C00480","2025-01-07 18:22:00","3","85.65","Germany"
"INV103944","C00032","2025-09-16 18:35:00","1","176.42","United Kingdom"
"INV103945","C00457","2026-03-22 13:15:00","6","173.06","Portugal"
"INV103946","C00427","2026-01-05 04:54:00","3","87.04","France"
"INV103947","C00240","2025-11-16 11:19:00","6","68.03","Italy"
"INV103948","C00079","2025-10-28 11:43:00","4","17.48","Portugal"
"INV103949","C00303","2025-07-11 08:41:00","4","24","Netherlands"
"INV103950","C00237","2025-10-20 16:11:00","5","34.95","Germany"
"INV103951","C00411","2025-06-26 17:06:00","2","174.27","Spain"
"INV103952","C00356","2025-08-27 14:07:00","9","149.34","Spain"
"INV103953","C00091","2026-01-05 06:05:00","6","35.46","France"
"CINV103954","C00168","2025-01-11 17:40:00","8","13.76","Portugal"
"INV103955","C00467","2026-03-15 01:08:00","8","121.52","Spain"
"INV103956","C00034","2026-01-21 09:15:00","7","23.5","Italy"
"INV103957","C00478","2025-11-30 05:00:00","3","25.9","EIRE"
"INV103958","C00160","2025-01-23 12:45:00","3","44.22","Italy"
"INV103959","C00216","2026-02-17 13:30:00","7","106.93","Netherlands"
"INV103960","C00127","2025-04-01 03:38:00","9","74.09","Portugal"
"INV103961","C00142","2025-09-19 05:47:00","1","20.32","United Kingdom"
"INV103962","C00352","2026-03-12 16:34:00","9","187.05","Italy"
"INV103963","C00305","2025-10-28 21:31:00","4","87.36","France"
"INV103964","C00021","2025-10-09 17:58:00","5","163.09","France"
"INV103965","C00377","2025-09-10 01:36:00","7","173.52","EIRE"
"INV103966","C00411","2025-06-13 12:45:00","4","195.79","Italy"
"INV103967","C00400","2025-11-05 13:13:00","6","57.1","Belgium"
"INV103968","C00453","2026-03-13 03:01:00","7","37.53","Belgium"
"INV103969","C00200","2026-03-09 04:51:00","6","116.56","EIRE"
"INV103970","C00411","2025-10-12 15:29:00","7","116","France"
"INV103971","C00421","2025-03-05 06:39:00","1","56.96","Italy"
"INV103972","C00160","2026-03-14 20:01:00","6","133.89","Portugal"
"INV103973","C00018","2025-11-15 10:06:00","4","99.6","France"
"INV103974","C00060","2026-01-21 16:15:00","6","199.99","France"
"INV103975","C00339","2025-05-04 02:26:00","9","132.45","Portugal"
"INV103976","C00285","2025-04-11 17:24:00","8","130.1","Germany"
"INV103977","C00158","2026-03-30 01:32:00","1","68.76","Spain"
"CINV103978","C00343","2025-01-07 07:51:00","3","49.63","Netherlands"
"INV103979","C00440","2026-03-22 11:59:00","9","24.29","Netherlands"
"INV103980","C00359","2025-04-20 10:00:00","7","19.7","Belgium"
"INV103981","C00230","2025-02-16 00:30:00","8","73.87","Spain"
"INV103982","C00098","2025-06-26 14:26:00","7","135.13","Belgium"
"INV103983","C00123","2025-11-09 06:00:00","9","78.05","Belgium"
"INV103984","C00494","2025-01-16 20:33:00","1","42.72","Germany"
"INV103985","C00051","2025-02-03 21:56:00","3","152.02","EIRE"
"INV103986","C00462","2025-01-15 21:15:00","8","148.65","France"
"INV103987","C00205","2025-10-22 16:41:00","1","148.63","Germany"
"INV103988","C00242","2025-07-07 08:25:00","8","106.93","Germany"
"INV103989","C00407","2026-03-27 09:53:00","7","153.72","United Kingdom"
"INV103990","C00055","2025-10-31 19:49:00","5","14.18","France"
"INV103991","C00299","2025-11-14 21:50:00","4","150.37","Germany"
"INV103992","C00322","2025-02-16 12:28:00","9","86.12","France"
"INV103993","C00456","2025-08-15 06:46:00","7","161.71","United Kingdom"
"INV103994","C00087","2025-02-22 21:52:00","4","192.26","United Kingdom"
"CINV103995","C00155","2025-05-09 14:40:00","5","152.16","Italy"
"INV103996","C00437","2025-11-02 06:10:00","2","43.34","EIRE"
"INV103997","C00296","2025-03-16 09:55:00","9","103.61","EIRE"
"INV103998","C00221","2025-02-25 14:07:00","4","169.27","Italy"
"INV103999","C00056","2025-08-30 04:06:00","1","27.31","Spain"
"INV104000","C00223","2025-12-29 20:18:00","7","152.77","United Kingdom"
"INV104001","C00294","2026-01-21 17:23:00","9","132.65","Italy"
"INV104002","C00028","2025-06-13 13:39:00","5","180.08","France"
"INV104003","C00315","2025-04-24 00:30:00","4","179.35","Belgium"
"INV104004","C00098","2025-12-28 11:22:00","4","113.32","Spain"
"INV104005","C00300","2026-03-06 17:40:00","6","66.8","Italy"
"INV104006","C00090","2026-02-11 23:00:00","3","135.96","Netherlands"
"INV104007","C00486","2025-07-03 21:20:00","9","71.42","Italy"
"INV104008","C00396","2025-01-05 16:17:00","1","159.93","Portugal"
"INV104009","C00496","2026-02-22 11:49:00","7","101.32","Germany"
"INV104010","C00261","2026-01-13 21:13:00","2","69.4","EIRE"
"INV104011","C00395","2025-07-31 15:52:00","1","106.23","Belgium"
"INV104012","C00242","2025-07-10 07:05:00","2","33.41","Germany"
"INV104013","C00214","2025-05-16 15:39:00","2","197.97","Germany"
"INV104014","C00266","2025-12-28 08:00:00","5","72.04","Italy"
"INV104015","C00355","2025-05-31 20:17:00","2","85.83","Spain"
"INV104016","C00221","2025-12-26 06:48:00","8","106.96","Belgium"
"INV104017","C00124","2025-01-20 02:55:00","9","81.3","Portugal"
"INV104018","C00226","2026-03-25 23:37:00","9","46.48","France"
"INV104019","C00017","2025-01-29 08:30:00","1","134.01","Germany"
"INV104020","C00194","2026-02-23 03:02:00","6","173","Belgium"
"INV104021","C00302","2025-02-10 14:12:00","6","168.79","Germany"
"INV104022","C00121","2025-01-01 10:03:00","8","171.51","Netherlands"
"INV104023","C00015","2025-08-26 03:33:00","4","87.3","Belgium"
"INV104024","C00414","2025-03-29 01:20:00","1","33.3","Italy"
"INV104025","C00179","2026-02-09 01:01:00","2","168.01","Belgium"
"INV104026","C00453","2025-01-06 22:19:00","5","30.1","Portugal"
"INV104027","C00115","2025-02-05 08:37:00","7","92.17","EIRE"
"INV104028","C00234","2025-09-09 14:45:00","3","155.04","Portugal"
"INV104029","C00091","2025-05-17 04:17:00","2","56.08","United Kingdom"
"INV104030","C00309","2025-08-11 13:34:00","3","140.59","United Kingdom"
"INV104031","C00241","2025-05-21 06:29:00","6","43.67","Italy"
"INV104032","C00463","2025-08-02 10:37:00","2","73.96","Netherlands"
"INV104033","C00184","2025-09-21 01:16:00","8","14.53","Germany"
"INV104034","C00151","2026-02-09 21:26:00","4","109.06","United Kingdom"
"INV104035","C00283","2025-06-08 15:15:00","5","102.47","Italy"
"INV104036","C00044","2025-06-22 22:21:00","5","161.06","Spain"
"INV104037","C00339","2026-02-03 03:25:00","9","157.37","Portugal"
"INV104038","C00241","2025-10-22 19:34:00","1","76.76","Netherlands"
"INV104039","C00211","2025-12-14 02:29:00","4","82.28","Belgium"
"INV104040","C00497","2025-12-13 04:52:00","1","176.7","EIRE"
"INV104041","C00001","2025-04-22 16:26:00","2","140.64","Portugal"
"INV104042","C00297","2025-04-15 09:33:00","6","95.62","Belgium"
"INV104043","C00004","2025-09-14 11:46:00","7","79.25","Germany"
"INV104044","C00046","2025-12-06 00:03:00","9","140.78","Germany"
"INV104045","C00016","2025-08-12 00:59:00","5","144.7","Netherlands"
"INV104046","C00193","2025-03-01 03:17:00","6","119.25","Belgium"
"INV104047","C00447","2025-10-01 19:51:00","7","164.37","Spain"
"INV104048","C00272","2025-01-15 20:55:00","5","45.79","EIRE"
"INV104049","C00257","2025-01-25 18:34:00","7","60.26","Belgium"
"INV104050","C00248","2025-01-01 17:53:00","3","133.67","France"
"INV104051","C00231","2026-03-13 00:32:00","2","24.85","United Kingdom"
"INV104052","C00333","2026-02-02 05:19:00","7","133.95","Portugal"
"INV104053","C00231","2025-02-05 14:38:00","3","112.63","France"
"INV104054","C00358","2025-10-31 04:01:00","2","3.42","Italy"
"INV104055","C00488","2025-02-23 14:46:00","3","80.35","Spain"
"INV104056","C00214","2025-11-30 02:01:00","3","157.38","France"
"INV104057","C00094","2025-07-28 05:32:00","5","14.99","Italy"
"INV104058","C00082","2025-05-15 03:56:00","1","57.65","Spain"
"INV104059","C00289","2025-01-24 19:43:00","8","48.92","France"
"INV104060","C00032","2025-06-30 06:45:00","6","141.04","United Kingdom"
"INV104061","C00429","2026-03-19 22:55:00","2","36.67","France"
"INV104062","C00477","2025-05-17 13:31:00","7","123.4","Portugal"
"INV104063","C00050","2026-03-03 04:02:00","1","40.7","Italy"
"INV104064","C00333","2025-09-03 08:21:00","8","160.61","France"
"INV104065","C00004","2026-02-09 22:00:00","7","53.63","EIRE"
"INV104066","C00352","2025-02-03 07:32:00","7","23.82","Belgium"
"INV104067","C00390","2026-02-23 09:23:00","8","173.09","Spain"
"INV104068","C00234","2025-01-14 09:34:00","3","71.19","Spain"
"INV104069","C00295","2025-03-10 22:53:00","6","99.23","Germany"
"INV104070","C00359","2025-06-21 00:23:00","1","195.5","Portugal"
"INV104071","C00140","2025-11-25 10:21:00","9","4.1","Spain"
"CINV104072","C00051","2026-03-22 18:30:00","2","142.96","France"
"INV104073","C00241","2026-03-05 16:14:00","1","78.5","France"
"INV104074","C00448","2025-09-20 09:33:00","9","7.45","Belgium"
"INV104075","C00114","2026-03-28 01:47:00","9","82.45","Portugal"
"INV104076","C00229","2026-01-31 11:23:00","6","93.05","United Kingdom"
"INV104077","C00099","2025-12-22 05:12:00","7","166.06","United Kingdom"
"INV104078","C00022","2025-04-26 02:53:00","1","10.27","Netherlands"
"INV104079","C00095","2026-02-28 14:01:00","8","67.72","EIRE"
"INV104080","C00425","2025-07-14 08:35:00","6","124.41","Spain"
"INV104081","C00098","2025-07-14 11:36:00","7","170.32","Italy"
"INV104082","C00133","2025-05-19 23:57:00","9","152.51","Portugal"
"INV104083","C00171","2026-03-14 10:49:00","1","36.08","Netherlands"
"INV104084","C00081","2025-06-22 04:46:00","5","33.41","Belgium"
"INV104085","C00243","2025-12-21 00:12:00","6","132.07","United Kingdom"
"INV104086","C00218","2025-05-05 19:54:00","2","191.49","Spain"
"CINV104087","C00222","2025-02-27 06:20:00","4","195.64","Italy"
"INV104088","C00180","2025-06-06 09:07:00","6","54.83","Italy"
"INV104089","C00449","2025-01-30 11:41:00","7","172.65","Spain"
"INV104090","C00426","2025-03-13 22:09:00","7","74.61","Italy"
"INV104091","C00466","2025-10-20 18:53:00","4","182.37","Netherlands"
"INV104092","C00431","2025-06-07 20:43:00","5","100.37","Netherlands"
"INV104093","C00401","2026-01-21 07:08:00","8","6.55","Germany"
"INV104094","C00134","2026-01-25 04:44:00","7","170.86","France"
"INV104095","C00184","2026-01-15 03:33:00","5","188.42","Portugal"
"INV104096","C00483","2026-01-26 05:07:00","6","83.55","Spain"
"INV104097","C00499","2025-04-25 09:39:00","2","2.76","Portugal"
"INV104098","C00007","2025-01-30 02:48:00","2","87.37","Germany"
"INV104099","C00337","2025-01-21 05:54:00","3","145.2","Germany"
"INV104100","C00023","2026-03-26 18:21:00","9","94.81","Spain"
"INV104101","C00368","2025-10-10 23:39:00","1","34.79","Netherlands"
"INV104102","C00190","2025-08-17 17:58:00","2","168.33","Italy"
"INV104103","C00285","2025-04-03 14:23:00","9","123.69","Portugal"
"INV104104","C00117","2025-12-28 16:17:00","6","57.41","Belgium"
"INV104105","C00257","2026-01-09 14:24:00","6","167.52","EIRE"
"INV104106","C00300","2025-04-02 07:55:00","2","122.72","Netherlands"
"INV104107","C00243","2026-03-23 21:30:00","4","166.18","United Kingdom"
"INV104108","C00261","2026-03-17 21:48:00","9","193.02","Portugal"
"INV104109","C00235","2025-06-27 10:59:00","8","97.41","Belgium"
"INV104110","C00338","2025-03-20 05:15:00","3","10.97","Portugal"
"INV104111","C00500","2025-09-25 14:44:00","7","184.22","France"
"INV104112","C00335","2025-07-29 10:36:00","4","199.09","Italy"
"INV104113","C00480","2026-02-14 14:08:00","6","32.06","Germany"
"INV104114","C00243","2025-03-06 06:44:00","9","104.63","France"
"INV104115","C00060","2025-09-16 19:34:00","3","69.59","Italy"
"INV104116","C00383","2025-12-07 23:23:00","7","164.18","EIRE"
"INV104117","C00320","2025-07-31 11:50:00","2","61.97","Belgium"
"INV104118","C00154","2025-06-21 05:21:00","3","158.72","Netherlands"
"CINV104119","C00388","2025-09-22 15:06:00","2","77.85","France"
"INV104120","C00173","2025-07-27 05:54:00","2","127.58","Italy"
"INV104121","C00211","2025-08-17 06:09:00","3","14.51","Belgium"
"INV104122","C00406","2026-01-17 14:40:00","8","117.21","Spain"
"INV104123","C00468","2026-01-30 18:44:00","7","40.61","Germany"
"INV104124","C00239","2025-06-01 03:58:00","7","173.59","Portugal"
"INV104125","C00140","2025-10-02 10:26:00","7","85.18","United Kingdom"
"INV104126","C00295","2026-03-31 22:06:00","6","35.26","Portugal"
"INV104127","C00131","2025-05-02 09:49:00","5","26.13","United Kingdom"
"INV104128","C00435","2025-04-14 01:20:00","6","160.51","Netherlands"
"INV104129","C00316","2025-07-24 20:02:00","1","135.54","Belgium"
"INV104130","C00478","2025-08-17 19:11:00","2","45.73","EIRE"
"INV104131","C00382","2025-05-05 12:52:00","4","92.11","Portugal"
"INV104132","C00452","2025-07-15 09:45:00","1","141.79","Netherlands"
"INV104133","C00415","2025-01-06 12:56:00","4","94.97","Italy"
"INV104134","C00060","2025-02-27 05:46:00","5","16.53","Italy"
"INV104135","C00302","2026-01-09 11:30:00","5","33.56","Netherlands"
"INV104136","C00370","2025-05-30 07:30:00","3","18.68","France"
"INV104137","C00400","2025-01-22 22:07:00","5","160.41","EIRE"
"INV104138","C00319","2026-03-24 13:46:00","8","43.23","France"
"INV104139","C00008","2025-11-17 02:40:00","6","160.97","Germany"
"INV104140","C00311","2025-11-01 06:12:00","2","125.19","Italy"
"INV104141","C00032","2026-02-18 16:06:00","6","81.41","Germany"
"INV104142","C00141","2026-01-04 16:10:00","4","8.41","Netherlands"
"INV104143","C00374","2025-12-21 01:19:00","6","7.17","EIRE"
"INV104144","C00486","2025-03-10 21:57:00","2","139.48","Belgium"
"INV104145","C00204","2025-06-26 02:04:00","6","8.77","EIRE"
"INV104146","C00425","2025-07-20 06:18:00","8","122.59","Germany"
"INV104147","C00342","2025-04-01 10:25:00","1","17.05","Netherlands"
"INV104148","C00041","2025-11-02 21:03:00","5","64.96","United Kingdom"
"INV104149","C00445","2025-02-09 02:48:00","7","41.51","United Kingdom"
"INV104150","C00119","2025-10-20 22:27:00","9","111.94","United Kingdom"
"INV104151","C00479","2025-11-19 16:41:00","1","86.25","Belgium"
"INV104152","C00159","2025-06-04 14:07:00","1","56.89","Netherlands"
"INV104153","C00326","2025-07-29 15:48:00","7","52.44","EIRE"
"INV104154","C00316","2025-08-31 00:43:00","7","97.71","Netherlands"
"INV104155","C00031","2025-04-04 12:43:00","4","182.64","Italy"
"INV104156","C00452","2025-07-01 10:07:00","2","184.36","Italy"
"INV104157","C00241","2026-02-26 03:14:00","4","107.87","Belgium"
"INV104158","C00418","2026-02-05 02:35:00","4","74.83","United Kingdom"
"INV104159","C00098","2025-01-14 01:33:00","1","50.18","France"
"INV104160","C00432","2025-07-05 12:21:00","4","23.55","Spain"
"INV104161","C00323","2025-12-08 21:09:00","8","5.6","EIRE"
"INV104162","C00296","2026-01-16 08:02:00","8","21.98","EIRE"
"INV104163","C00276","2025-07-21 02:23:00","4","116.6","Italy"
"INV104164","C00046","2025-04-06 07:14:00","9","100.36","United Kingdom"
"INV104165","C00218","2026-02-10 02:28:00","1","197.95","Netherlands"
"INV104166","C00270","2026-02-16 20:31:00","4","192.51","Germany"
"INV104167","C00282","2025-10-22 13:02:00","2","157.82","Spain"
"INV104168","C00381","2025-10-28 07:37:00","3","153.89","Spain"
"INV104169","C00082","2025-09-13 05:14:00","3","60.72","Portugal"
"INV104170","C00304","2026-02-11 22:27:00","4","75.4","Germany"
"INV104171","C00010","2025-11-20 15:07:00","6","123.42","United Kingdom"
"INV104172","C00052","2025-05-06 20:40:00","2","69.16","Germany"
"INV104173","C00466","2025-05-22 10:34:00","4","9.21","EIRE"
"INV104174","C00286","2025-07-03 21:11:00","5","169.93","Italy"
"INV104175","C00163","2026-02-12 13:27:00","3","192.09","Germany"
"INV104176","C00274","2025-02-07 17:08:00","7","193.76","Italy"
"INV104177","C00309","2025-05-16 08:25:00","5","146.79","Germany"
"INV104178","C00483","2025-01-06 11:57:00","8","96.63","Portugal"
"INV104179","C00454","2025-05-17 04:42:00","7","121.12","Belgium"
"INV104180","C00414","2025-10-21 17:14:00","7","182.86","Italy"
"INV104181","C00418","2025-02-25 16:36:00","1","134.62","Netherlands"
"INV104182","C00194","2025-01-13 15:04:00","3","166.15","EIRE"
"INV104183","C00144","2025-04-05 19:15:00","8","145.73","Germany"
"INV104184","C00293","2025-11-18 13:13:00","4","52.76","Portugal"
"INV104185","C00357","2025-05-30 06:09:00","9","108.16","Germany"
"INV104186","C00160","2025-11-12 17:17:00","1","121.33","EIRE"
"INV104187","C00271","2025-02-08 10:31:00","5","20.83","Italy"
"INV104188","C00023","2025-11-12 20:15:00","1","130.66","Spain"
"INV104189","C00166","2025-07-19 16:23:00","7","25.06","Belgium"
"INV104190","C00012","2025-03-21 20:54:00","2","137.83","Italy"
"INV104191","C00100","2026-01-08 07:46:00","2","75.1","Spain"
"INV104192","C00066","2025-09-26 23:16:00","5","19.33","EIRE"
"INV104193","C00255","2025-03-20 12:18:00","1","18.54","Spain"
"INV104194","C00416","2025-03-18 11:37:00","7","139.71","Spain"
"INV104195","C00031","2025-07-16 09:19:00","3","142.33","Italy"
"INV104196","C00361","2025-12-27 22:04:00","9","59.89","Germany"
"INV104197","C00239","2025-07-02 06:50:00","3","78.14","Italy"
"INV104198","C00313","2025-02-09 14:50:00","6","59.95","Italy"
"INV104199","C00417","2025-05-16 11:10:00","7","5.48","Belgium"
"INV104200","C00064","2026-01-25 11:28:00","2","194.84","France"
"INV104201","C00384","2025-02-02 05:33:00","1","164.29","Spain"
"INV104202","C00055","2025-08-04 23:41:00","5","75.09","France"
"INV104203","C00094","2025-11-29 15:36:00","2","133.63","EIRE"
"INV104204","C00190","2025-09-09 22:28:00","3","22.77","Netherlands"
"INV104205","C00233","2025-11-03 08:39:00","8","154.18","France"
"INV104206","C00412","2025-07-11 00:41:00","3","44.8","Germany"
"INV104207","C00177","2025-06-23 15:14:00","5","163.59","Spain"
"INV104208","C00420","2025-08-24 01:54:00","1","135.03","United Kingdom"
"INV104209","C00315","2026-03-09 00:46:00","3","7.63","Belgium"
"INV104210","C00392","2025-12-21 13:17:00","3","111.77","Spain"
"INV104211","C00165","2026-02-14 06:26:00","8","104.46","Italy"
"INV104212","C00047","2025-09-06 10:55:00","5","94.59","EIRE"
"INV104213","C00226","2025-11-29 10:22:00","7","90.78","Portugal"
"CINV104214","C00142","2026-03-07 02:25:00","3","107.61","United Kingdom"
"INV104215","C00218","2025-02-08 22:11:00","9","153.32","Netherlands"
"INV104216","C00191","2025-11-04 03:01:00","9","109.15","EIRE"
"INV104217","C00219","2025-11-13 23:09:00","8","164.65","Netherlands"
"INV104218","C00141","2025-07-25 15:52:00","2","162.4","Portugal"
"INV104219","C00069","2026-02-05 23:24:00","9","40.06","France"
"INV104220","C00271","2025-03-12 18:37:00","6","157.56","Italy"
"INV104221","C00284","2025-11-13 01:26:00","9","104.32","Portugal"
"INV104222","C00164","2025-02-22 01:26:00","8","95.98","Netherlands"
"INV104223","C00023","2025-07-24 09:33:00","1","34.64","Portugal"
"INV104224","C00449","2025-01-12 04:13:00","4","124.54","France"
"INV104225","C00075","2025-04-25 10:46:00","6","171.07","Spain"
"CINV104226","C00479","2025-06-05 12:13:00","3","119.03","United Kingdom"
"CINV104227","C00139","2025-10-15 06:15:00","5","146.41","Italy"
"INV104228","C00469","2025-06-12 19:00:00","1","132","Spain"
"INV104229","C00387","2025-06-26 06:03:00","5","38.16","Italy"
"INV104230","C00247","2025-12-14 05:01:00","6","139.22","Italy"
"INV104231","C00263","2026-02-03 16:16:00","9","46.56","Italy"
"INV104232","C00408","2025-11-13 01:20:00","8","43.12","EIRE"
"INV104233","C00053","2025-01-14 05:04:00","6","87.08","Netherlands"
"INV104234","C00367","2025-01-03 00:56:00","5","108.15","Netherlands"
"INV104235","C00343","2025-09-04 09:17:00","3","170.88","France"
"INV104236","C00295","2025-12-06 06:10:00","5","38.38","EIRE"
"INV104237","C00176","2025-11-12 12:13:00","4","146.7","Netherlands"
"INV104238","C00421","2026-03-06 22:56:00","4","160.8","France"
"CINV104239","C00356","2025-04-16 20:05:00","5","88.49","France"
"INV104240","C00389","2025-04-29 08:33:00","6","39.79","EIRE"
"INV104241","C00324","2025-05-09 11:38:00","8","3.33","Belgium"
"INV104242","C00256","2025-11-23 18:03:00","2","143.21","United Kingdom"
"INV104243","C00052","2025-11-24 22:48:00","6","17.84","Germany"
"INV104244","C00176","2025-12-05 22:53:00","7","87.26","United Kingdom"
"INV104245","C00364","2025-01-24 04:16:00","9","149.05","France"
"INV104246","C00274","2025-03-02 08:35:00","7","153.74","Italy"
"INV104247","C00079","2025-03-20 05:45:00","4","169.21","Spain"
"INV104248","C00098","2025-04-12 19:49:00","2","91.86","Spain"
"INV104249","C00436","2025-12-20 20:07:00","7","18.42","Portugal"
"INV104250","C00076","2025-11-07 17:26:00","8","45.66","Germany"
"INV104251","C00061","2025-01-22 20:12:00","6","34.17","Italy"
"INV104252","C00106","2025-10-30 17:50:00","8","21.83","Belgium"
"INV104253","C00499","2025-10-25 09:58:00","5","54.11","Portugal"
"INV104254","C00500","2025-11-14 21:14:00","1","107.1","United Kingdom"
"CINV104255","C00319","2026-02-14 21:45:00","5","59.84","Belgium"
"INV104256","C00432","2026-01-25 23:22:00","9","129.88","Belgium"
"INV104257","C00088","2025-05-10 08:13:00","1","16.5","Portugal"
"INV104258","C00228","2025-12-06 02:14:00","8","96.37","Portugal"
"INV104259","C00148","2025-10-11 20:33:00","5","128.28","Belgium"
"INV104260","C00054","2025-02-15 22:30:00","4","130.36","United Kingdom"
"CINV104261","C00066","2025-04-07 17:06:00","3","13.23","France"
"INV104262","C00362","2025-08-03 03:37:00","2","100.99","Portugal"
"INV104263","C00408","2025-10-26 21:29:00","6","174.91","France"
"INV104264","C00159","2025-08-18 11:18:00","8","90.17","Germany"
"INV104265","C00208","2025-09-23 09:49:00","1","159.63","Netherlands"
"INV104266","C00199","2025-03-09 20:03:00","7","80.37","Germany"
"INV104267","C00178","2025-06-06 14:06:00","7","125.29","Germany"
"INV104268","C00498","2025-12-11 23:10:00","9","40.11","Italy"
"INV104269","C00154","2026-01-14 04:30:00","6","13.68","Germany"
"INV104270","C00207","2025-04-04 14:58:00","6","172.36","Italy"
"CINV104271","C00113","2025-07-13 18:14:00","3","12.84","France"
"INV104272","C00380","2025-09-10 12:29:00","9","190.39","France"
"INV104273","C00256","2025-05-13 23:27:00","7","193.52","Portugal"
"INV104274","C00443","2026-03-22 00:14:00","8","85.17","Italy"
"INV104275","C00356","2025-06-13 00:50:00","6","90.62","Portugal"
"INV104276","C00350","2025-12-09 00:53:00","9","88.95","Portugal"
"INV104277","C00053","2025-01-11 00:29:00","1","12.54","Spain"
"CINV104278","C00420","2026-03-31 09:21:00","7","24.83","Germany"
"INV104279","C00280","2025-08-16 03:09:00","4","36.73","Netherlands"
"INV104280","C00267","2025-04-06 11:06:00","4","36.52","EIRE"
"INV104281","C00359","2025-08-13 15:04:00","7","135.11","Germany"
"INV104282","C00146","2025-01-12 12:00:00","3","142","Spain"
"INV104283","C00442","2025-02-27 19:43:00","5","86.89","France"
"INV104284","C00050","2025-01-14 06:30:00","8","55.59","United Kingdom"
"INV104285","C00390","2025-04-23 12:14:00","7","106.32","Germany"
"INV104286","C00359","2025-01-09 01:56:00","1","86.45","France"
"INV104287","C00436","2025-08-20 14:55:00","4","171.82","Belgium"
"INV104288","C00136","2025-01-19 21:32:00","4","131.77","Italy"
"INV104289","C00327","2026-02-22 21:12:00","6","103.8","United Kingdom"
"INV104290","C00161","2026-02-11 05:41:00","2","57.54","Germany"
"INV104291","C00077","2025-01-07 12:54:00","9","93.78","Spain"
"INV104292","C00065","2025-11-10 12:51:00","3","184.77","Spain"
"INV104293","C00112","2025-06-13 08:41:00","8","61.91","Spain"
"INV104294","C00341","2025-06-07 08:00:00","8","81.34","United Kingdom"
"CINV104295","C00298","2025-07-03 16:43:00","3","121.7","Portugal"
"INV104296","C00256","2025-10-21 07:45:00","8","158.24","Portugal"
"INV104297","C00455","2025-08-14 09:16:00","9","81.53","France"
"INV104298","C00099","2025-11-09 12:43:00","1","141.16","Germany"
"INV104299","C00381","2025-09-23 12:04:00","5","169.84","Germany"
"INV104300","C00161","2025-01-03 17:13:00","3","114.98","Netherlands"
"INV104301","C00259","2026-03-02 02:22:00","2","150.59","United Kingdom"
"INV104302","C00135","2025-12-26 13:45:00","8","41.01","Germany"
"INV104303","C00386","2025-11-01 06:35:00","4","32.35","France"
"INV104304","C00207","2025-04-23 04:08:00","8","8.57","France"
"INV104305","C00203","2025-06-29 03:17:00","6","111.25","Germany"
"INV104306","C00295","2025-09-23 20:41:00","2","113.4","Germany"
"INV104307","C00226","2026-02-13 11:59:00","7","151.57","Spain"
"INV104308","C00185","2026-02-09 16:47:00","5","52","EIRE"
"INV104309","C00038","2025-03-18 01:03:00","1","86.11","Portugal"
"INV104310","C00436","2025-04-16 13:58:00","8","182.39","Germany"
"INV104311","C00016","2025-10-19 12:33:00","4","175.17","Spain"
"INV104312","C00313","2025-11-18 15:05:00","7","129.73","Netherlands"
"INV104313","C00194","2025-11-06 07:07:00","6","174.19","Belgium"
"INV104314","C00500","2026-03-30 17:00:00","2","67.13","Italy"
"INV104315","C00042","2025-01-03 03:05:00","9","45.1","Spain"
"INV104316","C00314","2025-11-24 23:04:00","6","38.36","United Kingdom"
"INV104317","C00352","2025-07-02 21:02:00","4","139.7","Portugal"
"INV104318","C00167","2025-05-21 15:08:00","3","111.37","United Kingdom"
"INV104319","C00248","2025-11-30 03:30:00","6","55.01","EIRE"
"INV104320","C00186","2025-03-07 22:02:00","2","197.45","Netherlands"
"INV104321","C00174","2025-08-02 19:21:00","3","12.65","Belgium"
"INV104322","C00302","2025-09-23 06:48:00","1","134.22","Netherlands"
"CINV104323","C00486","2026-01-23 08:48:00","5","140.34","Germany"
"INV104324","C00387","2025-04-17 09:29:00","5","191.36","France"
"INV104325","C00293","2025-02-08 16:02:00","5","165.85","Portugal"
"CINV104326","C00221","2026-03-27 21:01:00","8","173.9","EIRE"
"INV104327","C00395","2025-01-25 13:29:00","7","68.32","Italy"
"INV104328","C00475","2025-09-21 17:31:00","8","172.83","Italy"
"INV104329","C00024","2025-03-08 17:08:00","6","125.27","Spain"
"INV104330","C00133","2025-08-22 16:46:00","9","140.71","Germany"
"INV104331","C00345","2026-01-19 14:14:00","3","159.95","Netherlands"
"INV104332","C00016","2026-03-29 18:16:00","9","53.77","EIRE"
"INV104333","C00026","2025-02-06 11:02:00","9","83.29","EIRE"
"INV104334","C00054","2025-10-17 21:37:00","1","112.66","Italy"
"INV104335","C00489","2025-03-31 15:25:00","4","153.63","Italy"
"INV104336","C00016","2026-01-12 01:03:00","5","98.89","Netherlands"
"INV104337","C00461","2026-02-13 17:18:00","4","181.74","Netherlands"
"INV104338","C00107","2025-04-19 00:40:00","3","26.51","United Kingdom"
"INV104339","C00144","2025-03-31 05:45:00","1","88.77","Belgium"
"INV104340","C00420","2026-01-03 08:46:00","3","138.37","United Kingdom"
"INV104341","C00298","2025-06-09 08:52:00","1","134.09","France"
"INV104342","C00095","2026-01-02 22:00:00","7","108.66","Belgium"
"INV104343","C00212","2026-03-20 19:36:00","8","64.86","United Kingdom"
"CINV104344","C00442","2025-09-19 09:49:00","8","129.24","Portugal"
"INV104345","C00017","2025-02-09 01:01:00","4","193.88","United Kingdom"
"INV104346","C00038","2025-05-27 17:50:00","9","152.07","Portugal"
"INV104347","C00168","2025-04-01 21:57:00","8","118.57","Germany"
"INV104348","C00353","2025-09-19 11:23:00","4","91.91","Italy"
"INV104349","C00355","2025-08-23 07:10:00","4","119.17","EIRE"
"INV104350","C00396","2026-02-25 02:11:00","6","17.57","United Kingdom"
"INV104351","C00342","2025-01-31 08:41:00","9","125.18","EIRE"
"INV104352","C00082","2025-10-18 04:52:00","9","57.2","France"
"INV104353","C00152","2025-10-07 02:54:00","3","163.27","Germany"
"INV104354","C00307","2026-02-12 12:22:00","8","71.56","Portugal"
"INV104355","C00297","2025-08-06 21:35:00","2","71.09","Belgium"
"INV104356","C00489","2025-03-29 20:20:00","7","6.76","Belgium"
"INV104357","C00085","2025-02-09 21:43:00","6","97.07","United Kingdom"
"INV104358","C00115","2025-09-06 07:20:00","5","32.85","Spain"
"INV104359","C00432","2025-01-27 19:06:00","5","124.43","France"
"INV104360","C00167","2026-02-22 21:04:00","3","81.06","United Kingdom"
"INV104361","C00109","2026-03-08 21:58:00","1","85.25","France"
"INV104362","C00131","2025-09-05 09:42:00","4","73.22","EIRE"
"INV104363","C00241","2026-01-24 19:08:00","1","133.62","Portugal"
"INV104364","C00308","2025-08-30 12:31:00","9","64.34","United Kingdom"
"INV104365","C00148","2025-03-02 08:27:00","8","80.26","EIRE"
"INV104366","C00417","2025-07-15 16:43:00","9","27.9","Netherlands"
"INV104367","C00477","2025-05-13 07:56:00","4","111.05","Spain"
"INV104368","C00130","2026-01-14 11:58:00","1","76.08","France"
"INV104369","C00106","2025-11-08 04:17:00","2","125.25","Netherlands"
"INV104370","C00011","2025-11-14 10:50:00","5","91.77","Netherlands"
"INV104371","C00125","2025-03-21 19:44:00","5","149.46","Netherlands"
"INV104372","C00101","2025-12-18 22:27:00","4","32.55","United Kingdom"
"INV104373","C00006","2026-02-17 05:50:00","4","92.93","Spain"
"INV104374","C00120","2025-02-01 07:22:00","9","93.49","Belgium"
"INV104375","C00252","2025-07-23 17:50:00","4","47.97","Belgium"
"INV104376","C00474","2026-01-04 05:49:00","5","73.53","Spain"
"INV104377","C00196","2025-03-07 10:48:00","2","167","Germany"
"INV104378","C00199","2025-06-27 23:41:00","4","146.46","United Kingdom"
"INV104379","C00275","2025-08-05 05:10:00","8","139.47","United Kingdom"
"INV104380","C00172","2025-06-12 21:48:00","3","196.58","Netherlands"
"INV104381","C00140","2025-07-09 14:27:00","7","153.01","Belgium"
"INV104382","C00084","2025-12-24 11:12:00","1","96.35","Germany"
"INV104383","C00320","2025-01-05 12:50:00","1","13.41","Portugal"
"INV104384","C00104","2026-03-29 22:37:00","8","183.75","EIRE"
"CINV104385","C00385","2025-07-14 14:07:00","7","8.19","Italy"
"INV104386","C00476","2026-03-30 05:34:00","4","101.01","Portugal"
"INV104387","C00261","2025-03-21 08:39:00","4","136.97","Germany"
"INV104388","C00022","2026-01-01 06:45:00","5","182.43","Italy"
"INV104389","C00025","2025-09-28 08:49:00","5","97.39","EIRE"
"INV104390","C00209","2025-09-21 09:38:00","3","173.22","EIRE"
"INV104391","C00067","2026-01-15 10:44:00","2","24.82","Belgium"
"INV104392","C00437","2025-10-16 06:38:00","5","89.87","United Kingdom"
"INV104393","C00259","2026-03-24 01:21:00","6","109.36","Spain"
"INV104394","C00072","2026-02-10 14:21:00","3","86.46","Portugal"
"INV104395","C00264","2025-08-17 19:05:00","8","178.56","Germany"
"INV104396","C00450","2026-03-25 02:14:00","7","196.57","France"
"INV104397","C00396","2026-01-18 05:08:00","6","69.21","Netherlands"
"INV104398","C00037","2025-10-31 03:37:00","3","148.73","France"
"INV104399","C00241","2025-10-13 17:36:00","2","96.08","France"
"INV104400","C00296","2025-06-14 23:40:00","5","19.15","France"
"INV104401","C00226","2025-09-27 19:25:00","3","22.43","United Kingdom"
"INV104402","C00337","2025-07-04 05:07:00","3","126.52","Italy"
"INV104403","C00155","2025-08-27 02:41:00","3","87.93","United Kingdom"
"INV104404","C00498","2025-05-21 18:52:00","8","198.9","EIRE"
"INV104405","C00192","2026-01-05 00:56:00","1","118.91","EIRE"
"INV104406","C00346","2025-05-27 21:28:00","4","162.24","France"
"INV104407","C00003","2025-07-16 18:34:00","3","68.33","United Kingdom"
"INV104408","C00283","2025-12-08 11:52:00","7","11.78","Italy"
"INV104409","C00061","2025-04-27 20:30:00","9","181.45","Netherlands"
"INV104410","C00381","2025-04-27 02:06:00","9","194.31","France"
"INV104411","C00276","2025-10-07 10:53:00","4","147.55","United Kingdom"
"INV104412","C00205","2025-11-24 20:54:00","4","51.2","France"
"INV104413","C00360","2026-03-18 06:49:00","2","20.25","Portugal"
"INV104414","C00320","2025-02-01 20:00:00","1","20.12","Netherlands"
"INV104415","C00321","2025-08-22 21:15:00","2","164.37","Portugal"
"INV104416","C00237","2025-10-07 22:54:00","2","39.72","Germany"
"INV104417","C00127","2025-04-06 08:08:00","4","95.53","EIRE"
"INV104418","C00155","2025-07-11 07:42:00","9","85.21","Spain"
"INV104419","C00123","2025-09-06 21:53:00","4","102.64","Germany"
"INV104420","C00265","2025-03-08 21:21:00","1","86.26","Belgium"
"INV104421","C00254","2025-07-19 23:54:00","4","174.25","Portugal"
"INV104422","C00356","2026-03-17 19:28:00","7","186.41","Italy"
"INV104423","C00197","2025-06-11 02:47:00","5","150.1","Italy"
"INV104424","C00449","2025-08-23 00:01:00","7","22.23","France"
"INV104425","C00174","2025-11-30 22:03:00","7","136.78","Spain"
"INV104426","C00247","2025-06-25 04:47:00","8","72.87","United Kingdom"
"INV104427","C00188","2025-07-24 19:22:00","8","175.84","Belgium"
"INV104428","C00281","2025-08-19 15:20:00","4","26.54","Belgium"
"INV104429","C00256","2025-06-25 13:59:00","3","21.43","Italy"
"INV104430","C00002","2025-12-08 07:28:00","6","181.34","Germany"
"INV104431","C00154","2025-03-06 14:02:00","3","141.4","Spain"
"INV104432","C00480","2025-06-13 12:24:00","6","106.71","Belgium"
"INV104433","C00199","2026-01-11 11:48:00","9","3.32","EIRE"
"INV104434","C00205","2025-07-08 08:40:00","1","78.09","United Kingdom"
"INV104435","C00329","2025-08-23 22:02:00","8","92.59","France"
"INV104436","C00335","2025-04-30 20:50:00","8","103.55","Italy"
"INV104437","C00148","2025-10-30 17:33:00","2","63.19","United Kingdom"
"INV104438","C00232","2025-01-24 13:04:00","3","69.05","EIRE"
"INV104439","C00367","2025-09-07 11:03:00","3","193.46","EIRE"
"INV104440","C00462","2025-03-03 06:34:00","5","36.55","Italy"
"INV104441","C00034","2025-09-22 15:38:00","1","65.73","Italy"
"INV104442","C00284","2025-07-22 13:22:00","6","2","Germany"
"INV104443","C00256","2026-02-26 02:00:00","2","62.68","Germany"
"INV104444","C00229","2025-09-09 07:23:00","3","174.75","Spain"
"INV104445","C00003","2026-03-03 16:40:00","3","47.5","Portugal"
"INV104446","C00450","2026-03-07 19:41:00","4","130.45","EIRE"
"INV104447","C00413","2025-09-21 03:08:00","1","51.47","Netherlands"
"INV104448","C00418","2025-08-19 06:08:00","8","140.93","Netherlands"
"INV104449","C00334","2025-10-29 06:02:00","7","41.27","EIRE"
"INV104450","C00368","2025-11-21 04:17:00","4","179.11","Belgium"
"INV104451","C00166","2025-10-20 04:03:00","9","127.18","Italy"
"INV104452","C00026","2026-01-24 20:11:00","2","156.86","United Kingdom"
"INV104453","C00333","2025-05-09 01:47:00","5","188.57","Spain"
"INV104454","C00028","2025-12-29 10:40:00","8","90.99","Netherlands"
"INV104455","C00324","2026-03-26 06:05:00","6","1.55","United Kingdom"
"INV104456","C00479","2025-06-03 22:01:00","9","127.22","France"
"INV104457","C00274","2026-02-27 12:08:00","7","32.58","Germany"
"INV104458","C00095","2025-07-06 01:33:00","2","184.61","France"
"INV104459","C00310","2025-04-28 22:17:00","9","58.94","Germany"
"INV104460","C00438","2025-03-17 06:22:00","4","187.73","Germany"
"INV104461","C00328","2026-01-17 05:50:00","3","172.56","Belgium"
"INV104462","C00197","2025-12-12 18:06:00","7","109.33","Spain"
"INV104463","C00150","2025-03-26 14:03:00","4","152","Netherlands"
"INV104464","C00226","2025-05-27 07:04:00","5","73.94","Netherlands"
"INV104465","C00373","2025-08-12 23:19:00","2","140.85","Belgium"
"INV104466","C00376","2025-04-17 02:02:00","1","133.12","Portugal"
"INV104467","C00074","2025-02-01 04:55:00","2","50","Italy"
"INV104468","C00330","2026-03-11 21:01:00","2","169.62","Spain"
"INV104469","C00412","2025-10-16 22:39:00","4","117.64","United Kingdom"
"INV104470","C00067","2025-10-23 08:17:00","4","27.63","France"
"INV104471","C00382","2026-01-05 09:10:00","3","142.58","Portugal"
"INV104472","C00480","2025-10-02 11:53:00","1","80.96","Portugal"
"INV104473","C00252","2025-07-02 14:39:00","1","144.62","EIRE"
"INV104474","C00008","2025-06-28 17:08:00","3","88.97","Spain"
"INV104475","C00201","2025-01-09 00:08:00","4","58.76","United Kingdom"
"INV104476","C00129","2026-02-23 07:49:00","5","193.19","United Kingdom"
"INV104477","C00323","2025-10-14 23:15:00","4","141.84","Spain"
"INV104478","C00221","2025-12-26 20:39:00","2","51.58","France"
"INV104479","C00054","2025-03-27 19:03:00","1","108.13","Italy"
"INV104480","C00442","2025-02-27 03:44:00","5","160.41","Italy"
"INV104481","C00078","2025-12-21 10:56:00","8","112.56","France"
"INV104482","C00305","2025-07-06 21:40:00","3","185.22","Belgium"
"INV104483","C00220","2026-03-18 12:46:00","1","76.42","Spain"
"INV104484","C00393","2025-03-10 16:27:00","6","35.06","Italy"
"INV104485","C00334","2025-12-04 00:23:00","5","163.49","EIRE"
"INV104486","C00143","2025-03-09 17:46:00","7","32.11","Netherlands"
"INV104487","C00040","2026-03-28 13:48:00","7","67.14","Spain"
"INV104488","C00291","2026-03-16 22:05:00","4","164.92","Netherlands"
"INV104489","C00106","2025-04-26 01:44:00","7","175.3","United Kingdom"
"INV104490","C00207","2025-07-02 13:15:00","1","91.49","EIRE"
"INV104491","C00403","2025-10-14 16:35:00","5","138.12","Spain"
"INV104492","C00329","2025-08-02 06:05:00","4","114.9","EIRE"
"INV104493","C00346","2025-04-09 03:24:00","2","28.42","United Kingdom"
"INV104494","C00183","2025-04-20 22:20:00","8","187.24","Italy"
"INV104495","C00141","2025-05-20 06:43:00","9","73.1","Spain"
"INV104496","C00083","2025-10-13 09:10:00","4","197.33","Netherlands"
"INV104497","C00202","2025-01-26 12:45:00","6","82.64","Spain"
"INV104498","C00451","2025-06-19 09:33:00","9","127.31","Belgium"
"INV104499","C00182","2025-04-12 15:42:00","8","58.35","Spain"
"INV104500","C00351","2025-11-10 04:37:00","3","86.63","United Kingdom"
"INV104501","C00239","2025-10-11 18:02:00","4","165.38","Portugal"
"INV104502","C00290","2025-09-02 15:27:00","7","107.8","Spain"
"INV104503","C00218","2025-09-27 17:27:00","3","119.63","Italy"
"INV104504","C00227","2025-09-27 19:25:00","2","145.63","EIRE"
"INV104505","C00030","2025-05-27 00:47:00","8","148.23","Belgium"
"INV104506","C00251","2025-06-09 22:36:00","9","97.93","Belgium"
"INV104507","C00138","2025-08-12 04:56:00","1","137.25","France"
"CINV104508","C00347","2025-02-21 14:21:00","7","87.93","Italy"
"CINV104509","C00232","2025-12-15 20:16:00","1","188.46","EIRE"
"INV104510","C00137","2025-11-23 19:20:00","8","131","Italy"
"INV104511","C00323","2025-05-30 05:46:00","7","74.3","EIRE"
"INV104512","C00292","2026-01-29 14:31:00","8","161.69","Italy"
"INV104513","C00388","2025-07-10 14:51:00","8","144.89","Italy"
"INV104514","C00117","2025-03-16 22:19:00","4","108.43","Germany"
"INV104515","C00170","2025-07-08 10:31:00","9","172.16","Germany"
"INV104516","C00167","2025-08-04 06:15:00","4","73.42","France"
"INV104517","C00050","2025-01-01 23:28:00","9","130.39","Portugal"
"INV104518","C00010","2025-05-30 18:15:00","2","159.94","Spain"
"INV104519","C00265","2025-04-21 10:05:00","3","83.07","Portugal"
"INV104520","C00329","2025-02-16 07:24:00","6","168.54","United Kingdom"
"INV104521","C00174","2025-04-18 18:47:00","6","62.62","France"
"INV104522","C00061","2025-02-07 12:59:00","1","66.35","Italy"
"INV104523","C00302","2025-11-20 14:49:00","5","168","Spain"
"INV104524","C00461","2025-04-10 18:42:00","3","126.99","Spain"
"INV104525","C00010","2025-12-06 18:41:00","7","44.03","EIRE"
"INV104526","C00402","2025-08-22 03:48:00","5","133.69","United Kingdom"
"INV104527","C00039","2026-02-25 12:20:00","1","39.28","Germany"
"INV104528","C00044","2025-11-21 21:42:00","6","94.38","Spain"
"INV104529","C00424","2025-06-17 18:07:00","8","157.53","France"
"INV104530","C00456","2025-10-30 03:05:00","7","62.64","Netherlands"
"INV104531","C00362","2026-03-02 01:22:00","7","143.97","Italy"
"INV104532","C00454","2026-01-06 00:17:00","2","25.48","Netherlands"
"INV104533","C00071","2026-03-21 04:48:00","4","76.98","France"
"INV104534","C00411","2025-12-12 07:00:00","4","147.09","United Kingdom"
"INV104535","C00150","2026-02-15 10:41:00","8","78.19","Germany"
"INV104536","C00179","2025-02-25 02:23:00","7","89.76","EIRE"
"INV104537","C00013","2025-07-22 06:33:00","5","103.59","Italy"
"INV104538","C00027","2025-11-14 08:09:00","3","182.57","Belgium"
"INV104539","C00319","2025-08-31 17:52:00","9","147.6","France"
"CINV104540","C00078","2025-05-19 18:13:00","3","109.9","Italy"
"INV104541","C00290","2025-02-21 19:17:00","4","142.15","Belgium"
"INV104542","C00051","2026-03-02 12:15:00","2","118.29","Belgium"
"INV104543","C00219","2025-03-27 03:32:00","9","47.12","Italy"
"INV104544","C00119","2025-03-15 05:28:00","6","17.49","France"
"INV104545","C00457","2025-06-03 06:11:00","5","110.35","Italy"
"INV104546","C00103","2025-07-08 19:44:00","6","43.14","EIRE"
"INV104547","C00071","2025-08-06 23:24:00","7","67.48","United Kingdom"
"INV104548","C00096","2025-08-07 17:26:00","6","171.34","EIRE"
"INV104549","C00316","2025-12-05 13:49:00","8","6.73","Portugal"
"INV104550","C00343","2025-09-01 09:11:00","6","166.44","Italy"
"INV104551","C00148","2025-09-16 06:49:00","4","38.79","Germany"
"INV104552","C00313","2026-03-11 13:08:00","8","20.37","Italy"
"INV104553","C00185","2025-08-27 12:45:00","7","179.23","Netherlands"
"INV104554","C00220","2025-12-17 12:53:00","7","32.35","Germany"
"INV104555","C00430","2025-08-13 14:06:00","1","53.87","Spain"
"INV104556","C00284","2025-11-25 14:41:00","6","4.17","Italy"
"INV104557","C00183","2025-07-21 22:37:00","1","42.18","Germany"
"INV104558","C00002","2025-01-24 07:09:00","2","150.63","Italy"
"INV104559","C00313","2025-09-09 18:38:00","7","23.9","United Kingdom"
"INV104560","C00354","2025-03-05 08:01:00","8","103.88","Netherlands"
"INV104561","C00208","2025-05-04 08:55:00","7","48.73","United Kingdom"
"INV104562","C00300","2025-03-01 13:47:00","3","64.75","Netherlands"
"INV104563","C00074","2026-02-27 22:54:00","1","15.12","Germany"
"INV104564","C00127","2025-08-16 09:08:00","2","99.78","EIRE"
"INV104565","C00362","2026-01-25 16:51:00","8","25.87","Portugal"
"INV104566","C00371","2025-11-02 18:24:00","2","112.63","United Kingdom"
"INV104567","C00090","2025-11-22 19:03:00","5","54.49","Germany"
"INV104568","C00411","2025-01-19 18:55:00","3","183.59","EIRE"
"INV104569","C00045","2026-02-03 13:11:00","7","126.08","United Kingdom"
"INV104570","C00159","2026-01-27 09:15:00","7","123.05","France"
"INV104571","C00499","2025-04-28 15:20:00","5","4.83","Italy"
"INV104572","C00219","2025-10-03 10:43:00","1","163.04","Belgium"
"INV104573","C00428","2025-07-02 12:39:00","7","88.35","Portugal"
"INV104574","C00155","2025-06-04 12:24:00","3","68.73","Belgium"
"INV104575","C00051","2025-12-24 09:14:00","3","138.94","United Kingdom"
"INV104576","C00453","2025-01-03 17:34:00","7","156.17","Netherlands"
"INV104577","C00106","2025-05-22 01:34:00","1","140.85","Spain"
"INV104578","C00051","2025-08-22 18:30:00","2","159.1","Spain"
"INV104579","C00316","2025-05-31 17:39:00","7","162.69","Portugal"
"INV104580","C00404","2025-11-07 19:45:00","3","168.59","France"
"INV104581","C00372","2025-08-07 10:18:00","1","3.84","United Kingdom"
"INV104582","C00354","2025-01-16 21:48:00","1","71.73","Portugal"
"INV104583","C00141","2025-09-17 18:34:00","2","160.99","United Kingdom"
"INV104584","C00441","2025-03-23 09:28:00","5","94.94","Netherlands"
"INV104585","C00442","2025-03-21 05:30:00","1","65.57","Spain"
"INV104586","C00112","2025-07-21 18:36:00","8","168.18","Portugal"
"INV104587","C00435","2026-03-21 03:49:00","6","45.39","EIRE"
"INV104588","C00236","2026-01-24 05:05:00","9","43.77","Netherlands"
"INV104589","C00267","2026-01-08 04:38:00","2","8.48","Netherlands"
"INV104590","C00285","2025-06-29 23:59:00","9","119.32","Belgium"
"INV104591","C00365","2026-02-19 11:19:00","8","94.9","EIRE"
"INV104592","C00072","2025-06-05 11:46:00","1","22.53","France"
"INV104593","C00066","2026-02-11 14:08:00","6","124.31","Netherlands"
"INV104594","C00276","2025-01-27 22:33:00","7","171.05","Italy"
"INV104595","C00130","2026-03-24 20:55:00","2","145.67","EIRE"
"INV104596","C00093","2025-12-26 12:53:00","9","127.3","Belgium"
"INV104597","C00343","2025-12-31 06:25:00","6","97.36","EIRE"
"INV104598","C00199","2025-02-07 08:49:00","7","39.71","Germany"
"INV104599","C00110","2025-04-07 07:06:00","3","31.05","United Kingdom"
"INV104600","C00423","2025-09-03 06:04:00","1","182.55","Germany"
"INV104601","C00149","2025-03-28 05:48:00","1","35.44","EIRE"
"INV104602","C00246","2025-02-08 17:27:00","6","165.93","Italy"
"INV104603","C00233","2026-01-12 15:01:00","3","159.63","EIRE"
"INV104604","C00014","2025-07-03 07:53:00","8","90.08","Portugal"
"INV104605","C00088","2025-09-05 16:11:00","9","103.46","Portugal"
"CINV104606","C00499","2025-12-24 22:35:00","9","107.58","EIRE"
"CINV104607","C00441","2025-12-19 18:28:00","3","68.71","EIRE"
"INV104608","C00214","2025-08-08 08:58:00","3","70.77","United Kingdom"
"INV104609","C00008","2025-04-13 04:41:00","2","114.01","Belgium"
"INV104610","C00132","2026-03-26 20:35:00","1","149.27","Spain"
"INV104611","C00323","2025-10-21 16:56:00","8","73.6","United Kingdom"
"INV104612","C00342","2025-09-24 16:45:00","1","156.11","EIRE"
"INV104613","C00016","2025-11-11 12:54:00","7","101.71","Netherlands"
"INV104614","C00364","2026-02-17 07:14:00","3","3.19","Italy"
"INV104615","C00283","2025-12-16 02:09:00","3","163.41","Italy"
"INV104616","C00333","2025-12-01 11:01:00","2","146.97","France"
"INV104617","C00401","2025-06-15 18:45:00","2","105.11","France"
"INV104618","C00086","2026-02-28 06:42:00","3","138.57","France"
"INV104619","C00140","2025-08-22 09:44:00","5","184.22","Portugal"
"INV104620","C00173","2025-04-25 10:22:00","9","105.53","United Kingdom"
"INV104621","C00333","2025-11-11 17:59:00","3","152.18","France"
"INV104622","C00194","2025-09-25 06:10:00","5","195.61","United Kingdom"
"INV104623","C00051","2025-09-16 09:56:00","4","80.44","United Kingdom"
"INV104624","C00253","2025-02-20 14:29:00","8","103.69","France"
"INV104625","C00025","2025-11-21 22:04:00","7","43.95","Portugal"
"INV104626","C00033","2025-03-12 01:34:00","2","52.01","United Kingdom"
"INV104627","C00244","2025-05-29 11:15:00","8","52.19","Germany"
"INV104628","C00460","2025-03-04 10:32:00","5","107.2","Germany"
"INV104629","C00487","2025-08-15 00:47:00","5","55.89","Spain"
"INV104630","C00270","2025-02-09 12:13:00","8","19.82","Italy"
"INV104631","C00187","2026-01-26 03:54:00","9","112.43","Netherlands"
"INV104632","C00217","2025-07-24 02:52:00","2","132.16","Portugal"
"INV104633","C00304","2025-03-31 22:41:00","8","188.54","Germany"
"INV104634","C00415","2025-05-26 20:34:00","8","77.02","Italy"
"INV104635","C00181","2025-10-08 11:55:00","2","129.19","Portugal"
"INV104636","C00309","2025-09-14 21:05:00","4","128.18","Netherlands"
"INV104637","C00056","2025-11-13 20:34:00","1","148.49","Portugal"
"INV104638","C00205","2026-02-28 23:25:00","9","68.83","Portugal"
"INV104639","C00323","2025-04-19 11:00:00","9","187.07","Spain"
"INV104640","C00409","2025-10-02 06:38:00","3","194.28","Netherlands"
"INV104641","C00185","2025-05-13 19:47:00","1","61.63","Netherlands"
"CINV104642","C00022","2025-10-14 19:22:00","9","66.77","EIRE"
"INV104643","C00252","2025-10-17 06:49:00","4","96.16","United Kingdom"
"INV104644","C00162","2025-09-03 07:48:00","9","33.56","Netherlands"
"INV104645","C00319","2025-09-26 10:52:00","1","97","Germany"
"INV104646","C00418","2025-05-05 17:06:00","4","188.3","Netherlands"
"INV104647","C00300","2025-10-23 19:27:00","4","51.5","Netherlands"
"INV104648","C00193","2025-06-25 17:19:00","9","149.84","Belgium"
"INV104649","C00181","2025-02-07 16:52:00","2","83.04","United Kingdom"
"INV104650","C00497","2025-11-13 20:20:00","1","89.62","EIRE"
"INV104651","C00080","2025-10-24 17:17:00","6","163.03","Belgium"
"INV104652","C00306","2025-10-09 22:41:00","9","14.58","Spain"
"INV104653","C00250","2026-03-17 11:16:00","8","45.05","Netherlands"
"INV104654","C00420","2025-07-03 21:18:00","1","148.16","Germany"
"INV104655","C00289","2025-01-10 06:46:00","2","44.29","Spain"
"INV104656","C00253","2026-02-13 22:10:00","5","60.14","France"
"INV104657","C00143","2025-03-04 16:08:00","4","110.47","Germany"
"INV104658","C00309","2025-10-27 16:39:00","7","5.15","Netherlands"
"INV104659","C00204","2025-01-14 19:50:00","5","21.71","Portugal"
"INV104660","C00116","2025-02-04 22:37:00","2","108.15","France"
"INV104661","C00391","2026-02-12 03:25:00","7","164.58","Germany"
"INV104662","C00013","2025-05-28 02:32:00","2","80.8","EIRE"
"INV104663","C00496","2026-03-02 09:48:00","7","97.35","France"
"INV104664","C00310","2025-08-25 23:01:00","1","65.3","Spain"
"INV104665","C00011","2025-10-24 19:04:00","7","118.11","Germany"
"INV104666","C00135","2025-06-19 10:43:00","3","8.94","Germany"
"INV104667","C00432","2025-08-07 00:37:00","4","156.68","Germany"
"INV104668","C00354","2025-01-27 08:27:00","7","60.43","Spain"
"INV104669","C00111","2025-08-21 18:16:00","7","12.15","Italy"
"INV104670","C00002","2026-03-31 20:15:00","3","18.47","Germany"
"INV104671","C00053","2025-12-12 20:35:00","2","26.22","Italy"
"INV104672","C00176","2025-11-05 10:01:00","2","52.44","EIRE"
"INV104673","C00247","2025-12-04 10:13:00","7","128.38","Portugal"
"INV104674","C00045","2025-02-03 21:18:00","9","180.13","United Kingdom"
"INV104675","C00374","2025-01-17 16:27:00","1","106.54","Belgium"
"INV104676","C00378","2025-01-20 09:38:00","5","127.42","EIRE"
"INV104677","C00418","2026-03-29 11:48:00","3","70.94","Netherlands"
"INV104678","C00365","2025-06-19 06:51:00","1","127.75","Germany"
"INV104679","C00274","2025-01-08 12:01:00","5","159.38","France"
"INV104680","C00161","2025-09-06 02:22:00","1","10.72","Italy"
"INV104681","C00111","2025-10-23 05:41:00","5","63.61","EIRE"
"INV104682","C00312","2025-08-16 23:23:00","2","105.29","Portugal"
"INV104683","C00258","2025-01-08 08:48:00","3","88.24","United Kingdom"
"INV104684","C00333","2025-05-20 11:27:00","9","145.21","Italy"
"INV104685","C00439","2025-05-25 09:49:00","9","4.77","Belgium"
"INV104686","C00489","2025-11-14 11:52:00","3","106.69","Belgium"
"INV104687","C00467","2025-04-30 16:40:00","7","159.49","Portugal"
"INV104688","C00002","2025-07-22 01:34:00","3","80.33","Portugal"
"INV104689","C00266","2025-06-08 04:17:00","4","7.41","Germany"
"INV104690","C00153","2025-01-01 20:37:00","8","142.87","Portugal"
"INV104691","C00049","2025-05-05 20:02:00","4","16.11","Belgium"
"INV104692","C00360","2026-03-09 10:22:00","3","88.1","Germany"
"INV104693","C00351","2025-04-03 04:44:00","6","25.19","Netherlands"
"INV104694","C00464","2026-02-21 18:33:00","1","57.15","France"
"INV104695","C00163","2025-01-26 17:24:00","5","81.6","EIRE"
"INV104696","C00074","2025-01-21 03:01:00","4","116.78","Italy"
"INV104697","C00363","2025-08-11 20:30:00","6","114.23","United Kingdom"
"INV104698","C00238","2026-02-10 08:03:00","9","102.15","EIRE"
"INV104699","C00343","2025-09-29 06:05:00","3","28.58","United Kingdom"
"INV104700","C00260","2025-09-26 07:43:00","4","37.39","Portugal"
"INV104701","C00369","2025-12-02 13:09:00","4","194.58","Germany"
"INV104702","C00118","2026-02-12 06:23:00","1","120.49","EIRE"
"INV104703","C00020","2026-01-12 21:13:00","5","116.19","United Kingdom"
"INV104704","C00181","2025-10-03 16:45:00","9","141.84","Italy"
"INV104705","C00470","2025-04-16 11:04:00","2","86.53","Spain"
"INV104706","C00424","2025-06-29 01:18:00","6","127.41","EIRE"
"INV104707","C00348","2025-11-13 07:08:00","2","100.01","Italy"
"INV104708","C00421","2025-09-10 00:51:00","6","114.52","Germany"
"INV104709","C00490","2025-02-17 00:57:00","6","193.72","Italy"
"INV104710","C00200","2025-06-04 06:11:00","3","7.22","Germany"
"INV104711","C00436","2026-01-20 05:28:00","1","121.73","Italy"
"INV104712","C00145","2025-02-18 01:58:00","5","101.37","United Kingdom"
"INV104713","C00024","2026-03-24 20:14:00","8","106.56","United Kingdom"
"INV104714","C00102","2026-02-12 00:18:00","6","37.21","Portugal"
"INV104715","C00464","2025-12-18 13:59:00","1","138.42","EIRE"
"INV104716","C00379","2025-04-12 15:23:00","5","20.48","Portugal"
"INV104717","C00330","2026-01-06 02:06:00","8","136.24","United Kingdom"
"INV104718","C00104","2025-01-09 03:21:00","1","172.88","Italy"
"INV104719","C00136","2025-02-03 20:39:00","1","45.15","Italy"
"INV104720","C00438","2025-08-20 15:45:00","9","34.53","Belgium"
"INV104721","C00241","2025-11-19 02:13:00","5","130.13","Germany"
"INV104722","C00248","2025-03-02 21:14:00","3","132.09","Italy"
"INV104723","C00311","2026-02-26 02:24:00","2","28.86","Germany"
"INV104724","C00041","2025-01-29 11:29:00","2","34.19","Belgium"
"INV104725","C00272","2025-01-19 13:35:00","4","70.39","Netherlands"
"INV104726","C00473","2025-08-29 00:43:00","3","115.62","Germany"
"INV104727","C00269","2025-04-09 14:30:00","4","177.85","EIRE"
"INV104728","C00260","2025-07-15 06:30:00","8","76.83","United Kingdom"
"INV104729","C00463","2026-03-17 20:02:00","1","90.95","Spain"
"INV104730","C00429","2025-09-29 06:03:00","4","103","Spain"
"INV104731","C00191","2026-02-22 13:39:00","1","57.25","Germany"
"INV104732","C00159","2025-03-03 07:41:00","3","25.43","Netherlands"
"INV104733","C00143","2025-12-23 20:19:00","6","148.66","Italy"
"INV104734","C00412","2025-10-20 18:12:00","3","129.5","EIRE"
"INV104735","C00227","2026-02-09 00:42:00","3","180.88","United Kingdom"
"CINV104736","C00333","2026-01-13 13:20:00","6","102.52","Portugal"
"INV104737","C00470","2025-03-16 12:15:00","1","130.3","Portugal"
"INV104738","C00423","2025-07-27 20:34:00","7","107.85","Spain"
"INV104739","C00386","2025-09-12 15:52:00","9","109.52","Belgium"
"INV104740","C00434","2025-06-05 23:41:00","3","56.36","Germany"
"INV104741","C00281","2025-05-14 03:49:00","4","165.61","EIRE"
"INV104742","C00330","2025-11-11 00:38:00","7","196.83","United Kingdom"
"INV104743","C00033","2025-11-10 11:12:00","7","55.44","Italy"
"INV104744","C00475","2025-03-07 05:49:00","1","119.18","Netherlands"
"INV104745","C00185","2025-10-13 23:37:00","1","31.63","Portugal"
"INV104746","C00274","2026-03-02 14:16:00","8","172.62","Belgium"
"INV104747","C00495","2026-02-06 05:45:00","6","23.35","United Kingdom"
"INV104748","C00117","2025-01-05 22:50:00","4","190.88","EIRE"
"INV104749","C00160","2025-01-25 04:19:00","4","140.32","Italy"
"INV104750","C00068","2025-12-16 05:30:00","9","151.91","EIRE"
"CINV104751","C00079","2025-03-07 19:01:00","9","68.35","Portugal"
"INV104752","C00263","2025-08-19 16:04:00","4","13.31","Germany"
"INV104753","C00426","2026-01-01 03:20:00","1","26.18","Netherlands"
"INV104754","C00013","2025-11-23 16:16:00","9","149.42","Italy"
"INV104755","C00286","2025-09-02 23:53:00","1","128.19","Netherlands"
"INV104756","C00012","2026-02-26 03:27:00","4","100.84","Germany"
"INV104757","C00484","2025-08-07 17:54:00","6","108.73","Belgium"
"INV104758","C00464","2025-12-31 08:34:00","9","15.3","Portugal"
"INV104759","C00160","2025-01-15 01:12:00","8","73.82","Spain"
"INV104760","C00218","2025-01-23 16:13:00","5","179.16","France"
"INV104761","C00117","2025-11-28 11:30:00","1","72.1","Spain"
"INV104762","C00101","2025-07-07 03:48:00","9","60.7","Netherlands"
"INV104763","C00082","2025-10-05 00:01:00","5","76.07","Spain"
"INV104764","C00453","2025-11-13 23:56:00","2","2.38","Belgium"
"INV104765","C00333","2025-06-26 19:12:00","3","91.86","Portugal"
"INV104766","C00220","2025-02-07 08:18:00","4","110.83","EIRE"
"INV104767","C00091","2025-10-06 06:13:00","5","116.98","United Kingdom"
"INV104768","C00370","2025-07-24 14:41:00","3","30.27","Italy"
"INV104769","C00368","2026-01-21 20:21:00","5","58.49","EIRE"
"INV104770","C00174","2025-06-11 20:34:00","6","71.4","Germany"
"INV104771","C00085","2025-01-04 18:37:00","3","176.97","France"
"INV104772","C00370","2025-09-17 16:13:00","7","197.99","EIRE"
"INV104773","C00283","2025-08-18 10:42:00","1","50.12","EIRE"
"INV104774","C00208","2025-12-21 11:10:00","5","152.36","Italy"
"INV104775","C00200","2025-12-22 02:26:00","4","14.18","Belgium"
"INV104776","C00061","2025-09-13 11:38:00","1","48.1","France"
"INV104777","C00122","2025-10-10 05:46:00","9","74.47","France"
"INV104778","C00430","2025-04-23 14:02:00","3","126.17","United Kingdom"
"INV104779","C00442","2025-10-20 20:28:00","8","106.12","France"
"INV104780","C00242","2025-08-12 05:25:00","6","182.58","United Kingdom"
"INV104781","C00280","2025-10-20 01:40:00","1","129.51","Spain"
"INV104782","C00352","2025-02-23 01:47:00","6","8.17","Netherlands"
"INV104783","C00353","2026-03-17 07:18:00","3","193.85","EIRE"
"INV104784","C00328","2025-12-29 06:10:00","4","105.45","Portugal"
"INV104785","C00023","2026-01-30 02:21:00","8","170.03","Spain"
"INV104786","C00447","2025-10-04 19:56:00","2","53.67","Spain"
"INV104787","C00006","2025-08-05 11:27:00","5","114.44","Portugal"
"INV104788","C00468","2025-12-15 07:15:00","7","171.92","Italy"
"CINV104789","C00169","2025-01-12 17:50:00","6","90.8","Portugal"
"INV104790","C00478","2025-10-09 06:57:00","3","160.47","Germany"
"INV104791","C00442","2025-05-24 23:50:00","6","172.8","France"
"INV104792","C00337","2025-01-31 13:59:00","7","76.22","Belgium"
"INV104793","C00320","2025-08-31 06:10:00","3","98.94","Belgium"
"INV104794","C00246","2025-05-07 17:07:00","3","46.99","United Kingdom"
"INV104795","C00416","2025-08-06 04:52:00","2","54.32","Portugal"
"INV104796","C00492","2025-02-01 15:57:00","7","4.69","Belgium"
"INV104797","C00491","2025-03-08 20:49:00","9","30.25","Portugal"
"INV104798","C00100","2025-04-17 04:09:00","2","38.91","Italy"
"INV104799","C00024","2025-02-03 08:32:00","7","40.1","France"
"INV104800","C00160","2025-07-18 04:06:00","6","95.41","Portugal"
"INV104801","C00242","2025-05-31 06:19:00","2","181.9","France"
"CINV104802","C00002","2026-01-08 18:30:00","5","162.54","Spain"
"INV104803","C00484","2025-05-12 01:36:00","5","82.52","Belgium"
"INV104804","C00176","2026-03-26 15:57:00","2","153.39","France"
"INV104805","C00433","2025-06-03 11:20:00","5","161.77","Belgium"
"INV104806","C00049","2025-10-11 01:16:00","7","133.54","Netherlands"
"INV104807","C00296","2025-08-16 07:13:00","2","185.75","Italy"
"INV104808","C00212","2025-01-27 20:22:00","1","199.39","Italy"
"INV104809","C00325","2025-07-03 13:39:00","3","159.66","Italy"
"INV104810","C00074","2026-02-08 16:49:00","3","18.38","France"
"INV104811","C00126","2025-02-08 03:55:00","1","69.1","Belgium"
"INV104812","C00044","2025-08-06 02:49:00","7","116.19","Portugal"
"INV104813","C00032","2025-03-21 12:53:00","2","40.05","Italy"
"INV104814","C00249","2026-02-15 09:37:00","4","39.68","Italy"
"INV104815","C00263","2025-04-29 16:43:00","4","19.57","Belgium"
"INV104816","C00469","2025-08-23 03:38:00","3","189.21","Netherlands"
"INV104817","C00497","2026-02-28 18:14:00","6","79.11","Germany"
"INV104818","C00462","2025-10-18 09:01:00","6","176.6","United Kingdom"
"INV104819","C00409","2026-02-10 20:05:00","5","172.72","Germany"
"INV104820","C00193","2025-11-15 08:37:00","3","84.13","United Kingdom"
"INV104821","C00304","2025-01-01 14:07:00","2","138.74","Italy"
"INV104822","C00318","2025-08-13 02:09:00","3","37.01","Italy"
"INV104823","C00047","2025-10-29 14:14:00","6","6.73","Belgium"
"INV104824","C00016","2026-01-29 02:56:00","4","12.82","Portugal"
"INV104825","C00351","2025-07-07 13:34:00","3","8.16","Germany"
"INV104826","C00419","2025-02-26 18:10:00","1","8.35","Italy"
"INV104827","C00056","2025-07-17 21:17:00","3","150.6","Belgium"
"INV104828","C00220","2025-03-12 20:48:00","7","173.9","Netherlands"
"INV104829","C00285","2025-02-16 02:57:00","9","124.2","Belgium"
"INV104830","C00262","2025-08-06 17:57:00","7","86.26","Spain"
"INV104831","C00424","2026-03-22 05:53:00","6","51.81","United Kingdom"
"INV104832","C00340","2025-10-06 04:49:00","3","21.78","France"
"INV104833","C00009","2026-01-29 21:53:00","5","171.15","Portugal"
"CINV104834","C00247","2025-09-15 15:19:00","3","175.33","Italy"
"INV104835","C00278","2025-11-05 12:47:00","8","64.22","Spain"
"INV104836","C00458","2025-01-09 12:29:00","5","169.55","EIRE"
"INV104837","C00456","2025-12-12 08:35:00","6","77.88","EIRE"
"INV104838","C00145","2026-02-22 18:24:00","5","185.68","EIRE"
"INV104839","C00337","2025-05-01 21:50:00","6","48.7","France"
"INV104840","C00423","2025-08-27 20:00:00","5","84.92","Belgium"
"INV104841","C00200","2026-01-12 12:37:00","8","75.68","Netherlands"
"INV104842","C00115","2025-05-20 13:15:00","7","109.93","Germany"
"INV104843","C00267","2025-03-21 21:47:00","3","110.64","Germany"
"INV104844","C00192","2026-03-20 03:19:00","6","22.81","United Kingdom"
"INV104845","C00257","2025-04-25 19:06:00","8","93.16","Portugal"
"INV104846","C00299","2025-06-02 18:19:00","2","2.32","Spain"
"INV104847","C00410","2026-02-26 08:42:00","3","199.86","Belgium"
"INV104848","C00186","2025-11-10 17:39:00","8","58.2","France"
"INV104849","C00493","2025-11-13 19:41:00","1","33.97","Netherlands"
"INV104850","C00079","2025-03-24 01:50:00","8","79.51","Spain"
"INV104851","C00208","2025-12-10 03:38:00","5","101.27","France"
"INV104852","C00140","2025-06-04 23:10:00","9","71.37","Netherlands"
"INV104853","C00402","2025-11-10 18:55:00","6","195.54","Netherlands"
"INV104854","C00392","2025-07-10 08:31:00","9","182.41","France"
"INV104855","C00485","2025-12-26 05:16:00","4","63.5","Netherlands"
"INV104856","C00029","2025-11-06 07:20:00","6","73.01","France"
"INV104857","C00445","2026-03-18 11:46:00","4","132.56","Portugal"
"INV104858","C00074","2025-03-13 00:50:00","1","85.59","Italy"
"INV104859","C00273","2025-09-21 21:08:00","4","43.92","Netherlands"
"INV104860","C00104","2025-06-12 08:17:00","7","119.6","United Kingdom"
"INV104861","C00434","2025-05-11 11:16:00","8","57.74","France"
"INV104862","C00175","2026-02-11 01:01:00","4","196.85","Netherlands"
"INV104863","C00237","2025-05-09 16:19:00","1","169.37","Portugal"
"INV104864","C00031","2025-01-17 05:16:00","3","41.49","France"
"INV104865","C00058","2025-06-03 17:07:00","9","126.44","France"
"INV104866","C00107","2025-11-11 05:48:00","3","194.75","Portugal"
"CINV104867","C00338","2025-01-05 21:43:00","6","158.88","Spain"
"INV104868","C00024","2025-08-27 05:03:00","6","91.34","Germany"
"INV104869","C00499","2025-06-13 03:48:00","3","119.03","Spain"
"INV104870","C00160","2025-07-11 17:21:00","5","71.29","France"
"INV104871","C00389","2025-08-01 01:54:00","1","48.26","Italy"
"INV104872","C00340","2026-02-13 13:42:00","6","152.62","Italy"
"INV104873","C00048","2025-08-14 12:43:00","1","187.94","Spain"
"INV104874","C00123","2025-03-06 06:44:00","4","149.05","Italy"
"INV104875","C00420","2026-02-04 13:06:00","3","53.97","Belgium"
"INV104876","C00084","2025-02-11 07:48:00","5","126.27","Portugal"
"INV104877","C00038","2025-07-01 06:08:00","4","112.29","Germany"
"INV104878","C00150","2025-02-20 15:49:00","6","162.46","United Kingdom"
"INV104879","C00445","2025-05-02 02:06:00","8","166.48","Portugal"
"INV104880","C00304","2026-02-21 20:13:00","5","94.91","Belgium"
"CINV104881","C00349","2025-02-27 06:17:00","1","177.04","Italy"
"INV104882","C00029","2025-08-09 16:52:00","6","190.8","Spain"
"INV104883","C00243","2025-05-26 15:40:00","4","161.64","Spain"
"INV104884","C00106","2025-11-20 12:24:00","8","59.01","Belgium"
"INV104885","C00330","2025-02-10 11:59:00","7","45.51","Belgium"
"INV104886","C00396","2026-01-09 17:21:00","4","100.63","Germany"
"INV104887","C00160","2025-03-10 14:56:00","6","52.95","Germany"
"INV104888","C00225","2025-05-01 21:32:00","4","63.88","Portugal"
"INV104889","C00335","2025-07-21 21:25:00","5","75.98","Portugal"
"INV104890","C00154","2025-02-01 02:39:00","9","123.59","Belgium"
"INV104891","C00283","2025-06-09 15:59:00","2","126.58","Netherlands"
"INV104892","C00446","2025-09-10 17:08:00","5","55.58","Italy"
"INV104893","C00168","2025-03-14 09:46:00","4","49.41","United Kingdom"
"INV104894","C00006","2025-12-11 19:38:00","8","196.52","Netherlands"
"INV104895","C00441","2025-11-15 15:53:00","6","91.38","United Kingdom"
"INV104896","C00255","2025-11-22 05:48:00","2","138.22","EIRE"
"INV104897","C00274","2025-09-05 23:19:00","4","113.98","Germany"
"INV104898","C00206","2025-02-05 15:36:00","3","143.97","Spain"
"INV104899","C00341","2025-07-03 16:21:00","2","184.87","EIRE"
"INV104900","C00040","2025-05-26 05:33:00","3","186.78","Spain"
"INV104901","C00042","2025-07-22 16:22:00","8","42.73","United Kingdom"
"INV104902","C00485","2025-07-26 03:56:00","7","127.62","Netherlands"
"INV104903","C00395","2026-03-07 03:07:00","4","45.49","Netherlands"
"CINV104904","C00281","2025-01-07 10:05:00","5","189.84","Belgium"
"INV104905","C00125","2025-06-10 15:34:00","3","150.8","EIRE"
"INV104906","C00129","2025-10-16 16:19:00","6","196.26","EIRE"
"INV104907","C00206","2025-07-31 08:02:00","8","31.41","Italy"
"INV104908","C00299","2025-12-13 01:20:00","5","173.62","Spain"
"CINV104909","C00342","2025-09-24 02:26:00","8","78.12","Belgium"
"INV104910","C00479","2025-03-26 04:33:00","8","72.05","Belgium"
"INV104911","C00164","2025-05-01 20:04:00","3","112.63","EIRE"
"INV104912","C00059","2025-10-21 11:20:00","1","112.14","Italy"
"INV104913","C00068","2025-09-23 19:33:00","4","112.04","Spain"
"INV104914","C00105","2025-03-12 14:09:00","9","8.99","Spain"
"INV104915","C00436","2026-02-08 11:09:00","7","62.98","Belgium"
"INV104916","C00073","2025-02-28 01:02:00","1","115.07","United Kingdom"
"INV104917","C00061","2025-02-03 03:06:00","6","78.66","France"
"INV104918","C00377","2025-01-10 20:11:00","5","182.73","Germany"
"INV104919","C00492","2025-01-29 18:32:00","4","138.18","Spain"
"INV104920","C00232","2026-03-14 19:52:00","5","198.39","Belgium"
"INV104921","C00115","2025-12-13 13:32:00","1","176.46","Spain"
"INV104922","C00362","2025-09-23 10:24:00","7","123.83","Italy"
"INV104923","C00363","2025-11-15 05:34:00","3","48.71","Belgium"
"INV104924","C00314","2025-09-21 15:04:00","2","160.62","Netherlands"
"INV104925","C00425","2025-12-29 19:42:00","2","132.6","United Kingdom"
"INV104926","C00002","2025-12-13 11:07:00","5","13.78","Netherlands"
"INV104927","C00090","2025-09-15 01:27:00","9","83.89","Netherlands"
"INV104928","C00472","2026-03-04 04:10:00","3","87.11","EIRE"
"INV104929","C00249","2025-07-28 06:43:00","4","29.6","United Kingdom"
"INV104930","C00076","2026-02-08 09:47:00","3","16.75","Germany"
"INV104931","C00020","2025-07-05 20:57:00","1","82.09","EIRE"
"INV104932","C00422","2025-12-21 13:10:00","1","44.13","Spain"
"INV104933","C00282","2025-05-19 17:47:00","8","135.28","Belgium"
"INV104934","C00262","2025-10-18 14:20:00","7","170.86","Netherlands"
"INV104935","C00013","2025-12-01 08:26:00","2","196.88","Germany"
"INV104936","C00133","2025-05-15 17:48:00","9","15.56","Germany"
"INV104937","C00155","2026-01-20 02:08:00","8","67.08","Spain"
"INV104938","C00483","2026-02-20 08:52:00","8","59.58","Netherlands"
"INV104939","C00079","2026-03-08 23:52:00","5","39.24","EIRE"
"INV104940","C00486","2025-08-07 03:08:00","5","195.12","Italy"
"INV104941","C00075","2025-11-15 17:33:00","3","133.84","Germany"
"INV104942","C00203","2025-09-07 19:49:00","8","63.7","Netherlands"
"INV104943","C00211","2025-12-23 15:18:00","9","188.33","United Kingdom"
"INV104944","C00188","2026-01-13 23:36:00","3","85.36","EIRE"
"INV104945","C00465","2025-09-12 08:32:00","2","122.29","Netherlands"
"INV104946","C00409","2026-01-22 16:04:00","1","116.4","France"
"INV104947","C00084","2025-04-16 15:58:00","6","84.6","Netherlands"
"INV104948","C00273","2025-07-15 10:03:00","6","107.74","France"
"INV104949","C00306","2026-03-20 17:44:00","1","170.5","Portugal"
"INV104950","C00125","2025-04-05 18:29:00","2","32.51","Belgium"
"INV104951","C00442","2025-11-06 01:26:00","4","176.66","United Kingdom"
"CINV104952","C00189","2025-11-20 05:05:00","8","53.57","Portugal"
"INV104953","C00126","2025-01-05 02:33:00","8","133.73","EIRE"
"INV104954","C00092","2026-03-17 13:29:00","7","72.34","Belgium"
"INV104955","C00109","2025-10-03 14:32:00","2","96.21","Spain"
"INV104956","C00307","2025-12-31 02:22:00","2","130.27","EIRE"
"INV104957","C00171","2025-10-23 06:06:00","3","188.77","EIRE"
"INV104958","C00046","2025-01-23 16:35:00","7","96.81","Belgium"
"INV104959","C00298","2025-04-12 15:38:00","5","67.28","France"
"INV104960","C00217","2025-03-11 12:44:00","6","76.59","Netherlands"
"INV104961","C00305","2025-11-05 14:13:00","3","184.04","United Kingdom"
"INV104962","C00372","2025-09-29 03:45:00","5","35.12","Portugal"
"INV104963","C00286","2025-02-14 03:06:00","7","154.77","Germany"
"INV104964","C00029","2026-01-10 19:08:00","8","182.48","EIRE"
"INV104965","C00019","2025-03-31 19:36:00","2","10.98","Spain"
"INV104966","C00117","2025-11-27 06:50:00","9","187.99","Germany"
"INV104967","C00104","2025-03-25 23:32:00","6","4.82","Belgium"
"INV104968","C00052","2026-01-16 11:58:00","3","181.01","Italy"
"INV104969","C00310","2025-10-06 03:01:00","2","166.28","Belgium"
"INV104970","C00470","2025-10-08 23:29:00","8","51.35","Spain"
"INV104971","C00264","2025-02-16 10:03:00","5","100.92","United Kingdom"
"INV104972","C00180","2026-01-29 03:54:00","1","150.1","Spain"
"INV104973","C00358","2026-03-15 01:15:00","6","136.1","Spain"
"INV104974","C00349","2025-08-26 15:26:00","6","58.68","Italy"
"INV104975","C00482","2025-07-18 01:42:00","7","101.9","France"
"INV104976","C00015","2025-12-18 11:20:00","4","183.75","France"
"INV104977","C00368","2025-10-08 14:35:00","9","99.87","EIRE"
"INV104978","C00237","2025-09-22 11:36:00","6","39.51","Germany"
"CINV104979","C00331","2025-06-17 15:10:00","2","143.7","Belgium"
"INV104980","C00132","2025-08-04 20:17:00","9","144.99","Netherlands"
"INV104981","C00271","2025-07-22 17:53:00","7","195.13","Germany"
"INV104982","C00215","2025-08-18 11:37:00","8","34.94","EIRE"
"INV104983","C00008","2025-10-12 10:03:00","7","38.94","Germany"
"INV104984","C00316","2025-11-24 04:18:00","7","146.16","Netherlands"
"INV104985","C00201","2025-10-05 12:59:00","7","129.12","Spain"
"INV104986","C00443","2025-08-23 15:20:00","6","181.54","Portugal"
"INV104987","C00120","2026-03-27 10:52:00","4","91.07","France"
"INV104988","C00094","2026-02-02 17:34:00","2","91.64","France"
"INV104989","C00116","2026-03-01 03:18:00","4","16.53","Spain"
"INV104990","C00287","2025-02-24 07:55:00","4","28.78","Portugal"
"INV104991","C00289","2025-01-28 06:30:00","1","76.41","Belgium"
"INV104992","C00169","2025-05-20 18:07:00","2","35.71","United Kingdom"
"INV104993","C00291","2025-11-05 12:41:00","4","29.61","EIRE"
"CINV104994","C00248","2025-01-01 22:26:00","7","147.73","EIRE"
"INV104995","C00419","2025-10-04 09:32:00","8","119.25","Netherlands"
"INV104996","C00444","2025-11-13 18:59:00","3","19.36","Portugal"
"INV104997","C00226","2025-02-06 16:19:00","5","135.63","EIRE"
"INV104998","C00268","2026-02-05 19:15:00","7","68.69","Portugal"
"INV104999","C00341","2025-04-15 16:09:00","8","108.61","Portugal"
"INV105000","C00278","2025-05-24 16:30:00","4","21.59","Belgium"
"INV105001","C00367","2025-06-09 20:01:00","6","19.82","United Kingdom"
"INV105002","C00477","2025-10-17 00:52:00","1","120.76","United Kingdom"
"INV105003","C00484","2025-07-05 02:27:00","3","190.17","United Kingdom"
"INV105004","C00024","2025-04-09 07:31:00","3","151.7","Belgium"
"INV105005","C00460","2025-03-26 11:39:00","1","165","Netherlands"
"INV105006","C00111","2025-11-20 11:18:00","5","107.91","Germany"
"INV105007","C00169","2026-03-31 21:55:00","7","73.51","Italy"
"INV105008","C00115","2025-12-14 17:17:00","3","144.11","Spain"
"INV105009","C00089","2025-12-20 23:33:00","2","70.87","Portugal"
"INV105010","C00177","2025-02-25 13:40:00","1","44.87","Spain"
"INV105011","C00279","2025-10-25 15:09:00","3","8.29","Netherlands"
"INV105012","C00280","2026-01-02 01:12:00","3","58.27","Germany"
"INV105013","C00138","2025-03-20 04:55:00","6","57.06","EIRE"
"CINV105014","C00252","2025-06-16 00:08:00","5","195.34","Belgium"
"INV105015","C00445","2025-02-08 02:07:00","2","107.37","Spain"
"INV105016","C00183","2025-09-09 06:56:00","4","9.87","Portugal"
"INV105017","C00028","2026-03-20 17:10:00","2","172.91","Spain"
"INV105018","C00241","2025-06-28 06:07:00","7","135.94","France"
"INV105019","C00426","2026-03-29 03:39:00","5","149.78","Germany"
"INV105020","C00307","2025-04-26 20:24:00","5","43.23","United Kingdom"
"INV105021","C00107","2026-02-15 23:53:00","6","23.34","Italy"
"INV105022","C00437","2026-03-28 19:06:00","2","142.96","Spain"
"INV105023","C00288","2025-03-16 06:37:00","4","5.9","France"
"INV105024","C00489","2025-12-22 14:51:00","1","13.35","Spain"
"INV105025","C00224","2025-03-08 18:54:00","9","87.98","EIRE"
"INV105026","C00281","2025-07-29 09:11:00","8","59.05","Netherlands"
"CINV105027","C00059","2025-04-19 10:37:00","3","91.52","Italy"
"INV105028","C00170","2025-09-19 12:48:00","3","177.34","Netherlands"
"INV105029","C00410","2025-06-12 19:44:00","8","104.89","EIRE"
"INV105030","C00119","2025-12-03 08:56:00","9","50.42","Belgium"
"INV105031","C00176","2025-03-29 09:52:00","3","41.07","Netherlands"
"INV105032","C00333","2025-02-03 12:49:00","2","20.76","Spain"
"INV105033","C00500","2026-03-18 00:14:00","5","19.35","Spain"
"INV105034","C00333","2025-09-29 09:34:00","7","179.38","United Kingdom"
"INV105035","C00080","2025-10-02 05:45:00","2","64.02","Germany"
"INV105036","C00024","2026-01-25 11:18:00","4","71.7","EIRE"
"INV105037","C00282","2025-09-17 05:01:00","6","167.16","France"
"INV105038","C00074","2025-03-15 12:11:00","6","169.38","Germany"
"INV105039","C00413","2025-11-22 01:10:00","3","31.26","United Kingdom"
"INV105040","C00208","2026-01-06 18:48:00","4","161.57","Belgium"
"INV105041","C00194","2025-05-31 13:16:00","9","187.69","Spain"
"INV105042","C00202","2026-03-30 20:23:00","8","135.23","Netherlands"
"INV105043","C00090","2025-08-31 22:07:00","7","78.22","Portugal"
"INV105044","C00093","2026-02-23 08:18:00","8","38.02","Italy"
"INV105045","C00091","2025-09-06 00:54:00","4","10.16","Italy"
"INV105046","C00289","2025-10-21 22:43:00","7","146.66","France"
"INV105047","C00272","2025-01-17 07:34:00","7","178.55","Germany"
"INV105048","C00019","2025-07-28 08:50:00","4","20.85","Portugal"
"INV105049","C00293","2025-08-04 04:59:00","4","77.68","Netherlands"
"INV105050","C00177","2026-03-20 01:56:00","5","92.24","France"
"INV105051","C00193","2025-09-05 02:43:00","8","75.17","Portugal"
"INV105052","C00418","2026-02-09 23:27:00","8","199.22","EIRE"
"INV105053","C00140","2026-03-22 19:54:00","8","135.45","Belgium"
"INV105054","C00346","2026-03-05 13:15:00","7","135.26","United Kingdom"
"INV105055","C00332","2025-12-09 16:38:00","2","107.74","United Kingdom"
"INV105056","C00306","2025-03-22 16:25:00","5","183.01","Italy"
"INV105057","C00110","2025-01-04 07:14:00","3","177.42","Italy"
"INV105058","C00196","2025-09-24 13:17:00","9","119.62","EIRE"
"INV105059","C00391","2025-02-15 22:47:00","1","130.49","Spain"
"INV105060","C00027","2025-11-07 21:37:00","4","102.91","Belgium"
"INV105061","C00045","2025-09-25 06:34:00","9","145.43","Netherlands"
"INV105062","C00248","2025-10-09 16:35:00","6","105.98","Portugal"
"INV105063","C00319","2025-03-29 20:04:00","8","13.42","Netherlands"
"INV105064","C00328","2025-04-27 10:46:00","4","176.04","Germany"
"INV105065","C00184","2025-10-21 13:40:00","7","72.13","France"
"INV105066","C00131","2025-01-08 14:18:00","9","88.53","EIRE"
"INV105067","C00463","2025-02-09 02:59:00","4","130.02","Italy"
"CINV105068","C00006","2025-08-11 02:54:00","5","17.31","Portugal"
"INV105069","C00064","2025-09-28 04:52:00","4","40.5","France"
"INV105070","C00329","2025-08-13 10:52:00","2","69.89","Netherlands"
"INV105071","C00471","2025-02-28 21:03:00","3","37.46","EIRE"
"INV105072","C00333","2025-05-13 09:14:00","9","73.69","Portugal"
"INV105073","C00156","2026-01-03 03:05:00","1","176.44","EIRE"
"INV105074","C00081","2026-03-04 11:51:00","8","57.37","Portugal"
"INV105075","C00456","2025-06-27 01:53:00","1","164.29","Germany"
"CINV105076","C00286","2025-08-11 17:52:00","9","11.17","Belgium"
"INV105077","C00327","2025-05-23 05:59:00","5","168.71","Portugal"
"INV105078","C00100","2025-05-25 15:05:00","7","162.71","Netherlands"
"INV105079","C00084","2025-04-10 12:57:00","5","181.88","Portugal"
"INV105080","C00102","2026-02-11 21:45:00","4","150.11","Spain"
"INV105081","C00079","2025-10-13 23:01:00","5","75.49","United Kingdom"
"INV105082","C00343","2025-02-01 05:00:00","8","82.44","EIRE"
"INV105083","C00006","2025-10-24 12:31:00","1","188.85","Netherlands"
"INV105084","C00285","2026-02-26 21:20:00","6","39.91","Germany"
"INV105085","C00425","2025-05-06 07:18:00","5","47.57","Belgium"
"INV105086","C00043","2025-03-07 13:11:00","7","99.86","France"
"INV105087","C00085","2025-03-22 03:45:00","3","182.86","Portugal"
"INV105088","C00141","2025-06-02 12:45:00","8","85.31","United Kingdom"
"INV105089","C00396","2025-05-16 01:18:00","7","106.34","Germany"
"INV105090","C00409","2026-02-13 22:04:00","2","22.32","Germany"
"INV105091","C00444","2026-02-25 14:13:00","4","135.94","Belgium"
"INV105092","C00326","2025-11-30 18:36:00","5","126.04","Portugal"
"INV105093","C00079","2025-10-05 03:40:00","5","117.44","Italy"
"INV105094","C00330","2026-02-12 16:54:00","2","65.04","EIRE"
"INV105095","C00120","2026-03-14 23:43:00","4","71.36","Belgium"
"INV105096","C00230","2025-03-15 13:25:00","8","128.48","Portugal"
"INV105097","C00399","2025-07-15 04:58:00","5","144.26","Germany"
"INV105098","C00433","2026-01-13 18:17:00","9","105.74","Netherlands"
"INV105099","C00340","2025-09-07 10:47:00","2","2.81","Portugal"
"INV105100","C00284","2025-08-31 20:17:00","1","96.96","United Kingdom"
"INV105101","C00352","2025-08-20 10:28:00","4","178.55","Portugal"
"INV105102","C00215","2025-07-05 06:35:00","9","180.34","Netherlands"
"INV105103","C00448","2025-06-07 07:45:00","4","190.31","Portugal"
"INV105104","C00094","2025-02-21 22:41:00","3","5.28","Netherlands"
"INV105105","C00133","2025-05-24 16:57:00","9","72.47","Italy"
"INV105106","C00017","2025-02-28 19:14:00","9","33.5","United Kingdom"
"INV105107","C00440","2025-10-28 02:54:00","8","71.73","Spain"
"INV105108","C00113","2025-10-23 05:15:00","9","164.03","EIRE"
"INV105109","C00039","2025-09-19 17:41:00","1","61.83","Portugal"
"INV105110","C00496","2025-06-10 17:39:00","3","71.83","France"
"INV105111","C00194","2025-10-21 02:04:00","1","23.24","Italy"
"INV105112","C00254","2025-04-04 22:05:00","4","82.81","France"
"INV105113","C00211","2026-02-15 10:37:00","7","106.84","EIRE"
"INV105114","C00415","2026-03-04 17:18:00","5","94.26","EIRE"
"INV105115","C00348","2025-04-28 09:47:00","4","87.61","EIRE"
"INV105116","C00483","2026-02-21 12:00:00","4","110.43","Portugal"
"CINV105117","C00292","2025-01-14 15:14:00","9","41.42","Spain"
"INV105118","C00362","2025-04-20 23:54:00","9","164.16","Germany"
"INV105119","C00351","2026-01-20 19:20:00","5","76.83","EIRE"
"INV105120","C00311","2025-08-13 21:45:00","2","122.59","Italy"
"INV105121","C00236","2025-10-21 15:40:00","5","4.27","Germany"
"INV105122","C00430","2026-02-25 09:51:00","5","171.91","Belgium"
"INV105123","C00376","2025-05-17 13:57:00","1","72.06","Spain"
"INV105124","C00165","2025-10-17 06:05:00","8","126.62","United Kingdom"
"INV105125","C00371","2025-11-26 00:54:00","1","106.75","Spain"
"INV105126","C00284","2025-12-02 17:41:00","7","147.27","EIRE"
"INV105127","C00381","2025-11-16 17:29:00","9","171.99","France"
"INV105128","C00072","2025-11-28 16:32:00","6","145.8","France"
"INV105129","C00103","2026-02-05 04:00:00","7","132.92","Italy"
"INV105130","C00252","2025-10-25 21:55:00","9","120.76","Netherlands"
"INV105131","C00477","2025-07-01 17:20:00","9","163.4","Spain"
"INV105132","C00456","2026-03-26 05:44:00","8","28.05","France"
"INV105133","C00281","2025-03-12 07:35:00","7","144.24","Spain"
"INV105134","C00394","2025-01-15 01:01:00","5","103.52","Netherlands"
"INV105135","C00362","2026-01-11 22:01:00","6","148.17","Germany"
"INV105136","C00117","2025-02-24 04:02:00","5","119.89","France"
"INV105137","C00238","2025-10-20 10:58:00","3","61.69","EIRE"
"INV105138","C00238","2025-01-19 09:18:00","5","2.29","Portugal"
"INV105139","C00175","2025-03-15 04:03:00","1","31.44","United Kingdom"
"INV105140","C00250","2026-01-06 00:47:00","1","20.72","Belgium"
"INV105141","C00140","2025-07-19 13:17:00","4","102.75","EIRE"
"INV105142","C00271","2026-01-16 09:56:00","3","137.17","Italy"
"INV105143","C00484","2025-08-03 08:56:00","5","141.02","Italy"
"INV105144","C00192","2025-01-12 11:58:00","9","188.03","United Kingdom"
"INV105145","C00129","2025-12-24 13:51:00","8","193.9","Netherlands"
"INV105146","C00474","2025-02-28 17:56:00","1","65.48","Netherlands"
"INV105147","C00203","2025-11-12 21:00:00","5","8.21","France"
"INV105148","C00420","2026-02-08 02:18:00","2","150.51","Spain"
"INV105149","C00444","2026-01-30 22:47:00","5","97.14","United Kingdom"
"INV105150","C00263","2025-06-17 03:02:00","6","133.45","Portugal"
"INV105151","C00465","2025-09-15 01:50:00","9","70.85","Belgium"
"INV105152","C00085","2025-06-20 15:28:00","4","150.37","EIRE"
"INV105153","C00035","2025-11-22 14:00:00","9","76.69","Germany"
"INV105154","C00426","2025-02-03 23:26:00","9","161.07","Belgium"
"INV105155","C00071","2025-01-06 21:43:00","9","25.22","Netherlands"
"INV105156","C00393","2025-10-11 20:04:00","7","99.78","United Kingdom"
"INV105157","C00026","2025-12-02 18:23:00","4","11.42","Italy"
"INV105158","C00427","2025-11-17 04:10:00","6","111.89","France"
"INV105159","C00149","2025-07-28 10:58:00","4","9.11","Italy"
"INV105160","C00099","2025-02-03 20:39:00","1","182.2","Spain"
"INV105161","C00043","2025-09-07 22:08:00","7","79.14","Belgium"
"INV105162","C00017","2026-02-02 22:36:00","1","171.36","EIRE"
"INV105163","C00128","2026-01-03 17:16:00","6","196.2","Spain"
"INV105164","C00064","2026-01-14 04:42:00","8","35.92","Netherlands"
"INV105165","C00453","2026-01-21 08:05:00","4","23.08","EIRE"
"INV105166","C00214","2026-02-18 01:07:00","8","134.61","Belgium"
"INV105167","C00436","2025-09-20 18:40:00","2","18.4","Portugal"
"INV105168","C00487","2025-09-25 05:09:00","1","110.06","Germany"
"INV105169","C00054","2025-11-04 14:40:00","3","68.36","Belgium"
"INV105170","C00429","2025-01-11 10:17:00","8","104.35","Portugal"
"INV105171","C00232","2025-06-06 15:01:00","5","12.84","Belgium"
"INV105172","C00460","2025-09-17 09:50:00","4","33.35","Italy"
"INV105173","C00310","2025-02-08 03:31:00","4","104.32","Spain"
"INV105174","C00163","2025-09-09 11:30:00","9","166","Germany"
"INV105175","C00305","2025-07-28 00:09:00","6","102.46","Germany"
"INV105176","C00095","2025-05-14 17:52:00","2","13.81","Germany"
"INV105177","C00271","2025-11-25 15:34:00","9","25.73","Italy"
"INV105178","C00391","2025-12-26 04:09:00","8","122.94","Germany"
"INV105179","C00343","2025-02-20 12:51:00","8","2.38","Spain"
"INV105180","C00295","2025-11-17 05:34:00","7","21.41","Spain"
"INV105181","C00415","2025-09-17 13:07:00","5","143.79","Netherlands"
"INV105182","C00304","2025-04-28 05:45:00","5","8.23","Portugal"
"INV105183","C00496","2025-11-13 13:11:00","5","90.62","Belgium"
"INV105184","C00335","2025-06-23 12:37:00","5","183.39","Portugal"
"INV105185","C00020","2025-11-30 06:24:00","2","28.25","United Kingdom"
"INV105186","C00165","2025-05-05 05:54:00","5","174.27","Spain"
"INV105187","C00125","2025-09-03 21:55:00","6","161.24","United Kingdom"
"INV105188","C00242","2025-08-07 08:23:00","6","121.97","Spain"
"INV105189","C00081","2025-01-05 23:08:00","6","108.29","United Kingdom"
"INV105190","C00377","2026-01-17 04:52:00","4","159.86","Italy"
"INV105191","C00048","2025-06-02 22:11:00","1","4.69","United Kingdom"
"INV105192","C00482","2025-10-09 08:45:00","3","163.77","EIRE"
"INV105193","C00486","2025-07-25 09:27:00","2","81.88","Italy"
"INV105194","C00468","2025-06-20 07:18:00","3","173.64","Belgium"
"INV105195","C00018","2025-05-06 20:52:00","9","73.83","United Kingdom"
"INV105196","C00476","2025-07-20 05:06:00","2","191.11","France"
"INV105197","C00112","2025-03-02 07:01:00","2","49.62","France"
"INV105198","C00315","2025-02-05 04:50:00","7","77.81","Netherlands"
"INV105199","C00286","2025-04-20 15:18:00","6","24.61","Italy"
"INV105200","C00239","2026-01-25 00:41:00","5","103.64","EIRE"
"INV105201","C00448","2025-01-29 03:03:00","3","196.64","Portugal"
"INV105202","C00317","2025-11-25 11:32:00","7","48.67","Spain"
"INV105203","C00087","2025-07-09 10:36:00","4","132.46","Belgium"
"INV105204","C00372","2025-02-12 23:25:00","7","52.59","EIRE"
"INV105205","C00359","2025-08-08 23:05:00","9","8.07","EIRE"
"INV105206","C00025","2026-02-05 07:24:00","8","126.36","United Kingdom"
"INV105207","C00459","2025-09-19 13:24:00","8","166.92","Belgium"
"INV105208","C00416","2025-04-20 14:16:00","6","190.26","Germany"
"INV105209","C00228","2025-06-14 03:57:00","6","160.49","France"
"INV105210","C00421","2025-06-05 07:43:00","6","17.55","Belgium"
"INV105211","C00350","2025-12-05 03:07:00","2","148.77","EIRE"
"INV105212","C00163","2026-03-23 21:09:00","8","56.4","Spain"
"INV105213","C00338","2025-06-18 01:45:00","8","173.26","Germany"
"INV105214","C00211","2025-09-26 01:28:00","8","10.32","Belgium"
"INV105215","C00209","2025-04-27 14:46:00","3","174.92","Netherlands"
"INV105216","C00220","2026-03-29 22:20:00","4","60.09","EIRE"
"INV105217","C00247","2026-03-03 21:52:00","5","105","Italy"
"INV105218","C00191","2025-01-06 11:15:00","4","183.67","France"
"INV105219","C00322","2025-01-02 00:39:00","4","160.13","Belgium"
"INV105220","C00412","2025-12-13 16:52:00","3","117.02","United Kingdom"
"INV105221","C00249","2025-04-01 03:16:00","8","167.14","Netherlands"
"INV105222","C00099","2025-07-04 12:09:00","5","161.25","Germany"
"INV105223","C00195","2025-12-31 23:32:00","8","170.4","Portugal"
"INV105224","C00408","2025-02-04 17:37:00","2","31.76","Netherlands"
"INV105225","C00405","2025-10-04 00:17:00","3","18.9","Belgium"
"INV105226","C00223","2025-04-19 13:34:00","3","17.53","Netherlands"
"INV105227","C00091","2025-07-23 03:15:00","9","22.76","United Kingdom"
"INV105228","C00487","2025-09-28 20:07:00","1","135.15","Germany"
"INV105229","C00482","2025-10-07 20:25:00","5","50.14","Belgium"
"INV105230","C00142","2025-04-25 13:39:00","8","97.17","Portugal"
"INV105231","C00259","2025-03-21 03:37:00","7","142.44","Belgium"
"INV105232","C00024","2025-03-19 20:10:00","1","186","Germany"
"INV105233","C00212","2025-03-18 04:51:00","8","61.03","Germany"
"INV105234","C00365","2025-03-11 22:14:00","4","124.1","Netherlands"
"INV105235","C00134","2026-02-02 08:52:00","6","133.93","Portugal"
"INV105236","C00165","2026-01-28 11:47:00","7","86.9","Italy"
"INV105237","C00253","2025-04-12 02:30:00","8","129.13","United Kingdom"
"INV105238","C00171","2026-02-11 20:54:00","2","6.56","Spain"
"INV105239","C00378","2025-03-21 13:18:00","4","90.49","Portugal"
"INV105240","C00462","2026-03-08 01:50:00","7","128.34","United Kingdom"
"INV105241","C00035","2025-09-30 19:36:00","5","58.9","Netherlands"
"INV105242","C00114","2025-12-30 04:57:00","9","14.75","Belgium"
"INV105243","C00408","2025-09-08 05:26:00","2","78.07","Germany"
"INV105244","C00429","2025-08-21 23:13:00","9","76","EIRE"
"INV105245","C00087","2026-02-26 14:14:00","1","113.35","Germany"
"INV105246","C00025","2025-01-31 14:16:00","2","103.68","Italy"
"INV105247","C00056","2025-09-08 19:57:00","6","34.09","Portugal"
"INV105248","C00462","2025-12-21 03:32:00","4","169.61","Spain"
"INV105249","C00384","2025-03-01 09:36:00","1","70.54","United Kingdom"
"INV105250","C00103","2025-06-29 13:32:00","8","57.62","Italy"
"INV105251","C00031","2025-11-15 03:39:00","6","51.77","Netherlands"
"INV105252","C00436","2025-04-02 10:38:00","7","185.45","EIRE"
"INV105253","C00332","2025-08-27 02:11:00","2","43.18","Portugal"
"INV105254","C00083","2025-05-16 11:20:00","8","87.07","France"
"INV105255","C00326","2025-06-28 05:32:00","9","9.42","Netherlands"
"INV105256","C00099","2025-09-23 23:17:00","8","113.13","Portugal"
"INV105257","C00305","2025-03-20 02:46:00","8","11.65","EIRE"
"INV105258","C00480","2025-06-27 23:21:00","7","36.1","Belgium"
"INV105259","C00170","2025-03-12 10:51:00","3","1.51","Germany"
"INV105260","C00214","2025-07-12 16:53:00","6","162.94","United Kingdom"
"INV105261","C00139","2026-02-03 04:58:00","9","2.26","Germany"
"INV105262","C00303","2025-10-18 20:49:00","6","131.96","Italy"
"INV105263","C00400","2025-05-31 10:20:00","5","155.12","Spain"
"INV105264","C00091","2025-10-11 10:50:00","2","50.66","Italy"
"INV105265","C00209","2025-09-28 19:42:00","5","196.79","Germany"
"INV105266","C00070","2025-05-03 15:39:00","8","175.15","Italy"
"INV105267","C00253","2025-01-23 07:01:00","4","4.24","EIRE"
"INV105268","C00358","2026-03-07 23:52:00","7","105.86","Germany"
"CINV105269","C00269","2025-01-26 18:00:00","1","92.53","Belgium"
"INV105270","C00025","2025-09-04 22:16:00","4","49.46","Netherlands"
"INV105271","C00292","2025-01-27 00:01:00","1","51.35","Belgium"
"INV105272","C00381","2025-08-09 02:44:00","7","82.73","United Kingdom"
"INV105273","C00066","2025-04-18 12:57:00","2","165.97","Spain"
"CINV105274","C00208","2025-10-12 19:50:00","2","185","Italy"
"INV105275","C00061","2025-07-14 11:39:00","1","198.64","EIRE"
"INV105276","C00424","2026-02-01 18:42:00","5","81.16","EIRE"
"INV105277","C00367","2025-11-09 21:34:00","1","99.49","Belgium"
"INV105278","C00305","2025-01-07 04:19:00","4","101.76","Germany"
"INV105279","C00020","2026-01-16 15:14:00","5","166.02","Spain"
"INV105280","C00432","2026-01-03 17:48:00","7","34.56","Germany"
"INV105281","C00390","2025-01-09 00:13:00","2","98.83","EIRE"
"INV105282","C00012","2026-02-26 21:17:00","1","6.77","United Kingdom"
"INV105283","C00341","2025-11-02 01:23:00","2","152.43","France"
"INV105284","C00316","2025-12-05 17:35:00","7","112.84","Italy"
"INV105285","C00476","2026-02-14 13:45:00","2","15.91","France"
"INV105286","C00152","2025-03-18 17:52:00","9","145.3","Italy"
"INV105287","C00031","2025-10-18 23:22:00","9","111.87","Belgium"
"INV105288","C00369","2026-01-17 02:06:00","2","93.69","EIRE"
"INV105289","C00189","2026-03-14 20:54:00","6","91.33","France"
"INV105290","C00388","2025-09-02 10:06:00","2","48.65","France"
"INV105291","C00278","2025-06-10 08:50:00","8","37.36","Spain"
"INV105292","C00221","2025-09-17 17:04:00","4","3.28","Germany"
"INV105293","C00232","2025-10-11 06:24:00","9","177.09","Belgium"
"INV105294","C00498","2025-06-16 04:59:00","6","6.19","United Kingdom"
"INV105295","C00382","2025-05-01 14:31:00","3","36.85","United Kingdom"
"INV105296","C00273","2025-06-29 12:15:00","4","20.93","France"
"INV105297","C00012","2026-02-08 10:45:00","6","103.53","France"
"INV105298","C00201","2025-05-26 16:30:00","8","146.14","Spain"
"INV105299","C00366","2026-02-28 16:25:00","3","102.1","Spain"
"INV105300","C00116","2025-12-22 08:47:00","4","19.47","Spain"
"INV105301","C00001","2025-03-01 10:36:00","5","93.18","Netherlands"
"INV105302","C00316","2025-09-23 14:57:00","5","1.59","Spain"
"INV105303","C00385","2026-03-12 22:19:00","6","110.36","Spain"
"INV105304","C00030","2025-02-11 03:49:00","7","198.2","Spain"
"INV105305","C00294","2026-03-17 09:45:00","1","74.37","Spain"
"INV105306","C00156","2025-01-24 04:49:00","6","128.08","Italy"
"INV105307","C00262","2025-11-04 04:31:00","5","9.63","EIRE"
"INV105308","C00211","2025-01-28 00:50:00","6","142.16","Netherlands"
"INV105309","C00322","2025-05-11 16:06:00","2","31.96","EIRE"
"INV105310","C00388","2025-11-17 18:18:00","4","47.23","Italy"
"INV105311","C00032","2025-07-08 23:47:00","7","31.71","Netherlands"
"INV105312","C00427","2025-01-16 02:12:00","3","83.38","Belgium"
"INV105313","C00005","2025-07-09 17:34:00","7","28.36","Belgium"
"INV105314","C00205","2025-01-28 04:08:00","2","65.21","France"
"INV105315","C00288","2025-08-18 19:23:00","7","122.48","United Kingdom"
"INV105316","C00463","2025-01-01 12:45:00","5","25.1","Spain"
"INV105317","C00094","2025-08-31 19:03:00","3","8.01","France"
"INV105318","C00380","2025-04-29 00:07:00","5","184.28","Netherlands"
"INV105319","C00036","2026-01-12 06:47:00","4","110.22","Spain"
"INV105320","C00426","2025-12-14 14:44:00","5","85.74","Italy"
"INV105321","C00232","2025-10-19 12:43:00","5","45.24","Italy"
"INV105322","C00118","2025-10-01 02:11:00","3","148.37","United Kingdom"
"INV105323","C00264","2025-01-07 01:21:00","7","40.35","France"
"INV105324","C00164","2025-08-10 20:49:00","5","155.54","EIRE"
"INV105325","C00132","2025-11-19 02:31:00","2","129.29","Germany"
"INV105326","C00419","2025-05-09 09:17:00","4","84.97","EIRE"
"INV105327","C00330","2025-02-26 10:55:00","5","140.58","Portugal"
"INV105328","C00301","2025-09-03 14:01:00","6","42.87","Netherlands"
"INV105329","C00357","2025-06-05 00:05:00","3","180.81","Germany"
"INV105330","C00470","2025-01-31 13:59:00","7","80.36","Portugal"
"INV105331","C00129","2025-07-29 13:39:00","9","70.83","Portugal"
"INV105332","C00102","2026-02-19 13:29:00","9","24","Italy"
"INV105333","C00010","2025-04-17 13:35:00","4","53.22","Spain"
"INV105334","C00213","2025-01-16 03:06:00","7","118.41","Italy"
"INV105335","C00454","2025-03-30 00:05:00","8","116.98","France"
"INV105336","C00001","2025-12-03 18:48:00","3","5.61","Belgium"
"INV105337","C00053","2025-12-12 17:04:00","4","86.46","Belgium"
"INV105338","C00142","2025-08-04 01:36:00","8","99.31","EIRE"
"INV105339","C00091","2025-08-08 20:43:00","9","43.84","Netherlands"
"INV105340","C00333","2025-09-10 00:26:00","1","37.39","Belgium"
"INV105341","C00436","2025-08-16 17:35:00","8","151.46","United Kingdom"
"INV105342","C00013","2025-01-23 01:57:00","7","97.02","Belgium"
"INV105343","C00156","2025-12-31 16:53:00","1","67.14","Portugal"
"INV105344","C00497","2025-04-05 01:02:00","3","188.9","United Kingdom"
"INV105345","C00010","2025-06-17 13:48:00","2","102.37","Portugal"
"INV105346","C00336","2025-07-22 13:22:00","4","138.38","Germany"
"INV105347","C00425","2025-12-18 04:45:00","6","177.24","Germany"
"INV105348","C00034","2025-08-31 07:06:00","9","90.98","Italy"
"INV105349","C00060","2025-04-21 20:15:00","1","23.95","Spain"
"INV105350","C00018","2026-01-15 08:25:00","1","76.33","Portugal"
"INV105351","C00335","2025-12-21 08:22:00","9","151.68","United Kingdom"
"INV105352","C00496","2025-08-11 16:17:00","7","135.3","Belgium"
"INV105353","C00283","2025-03-02 00:36:00","7","136.8","Portugal"
"INV105354","C00114","2025-06-10 07:15:00","6","12.08","Portugal"
"INV105355","C00085","2025-03-27 13:26:00","8","9.88","Italy"
"INV105356","C00288","2025-01-06 19:58:00","9","40.01","Netherlands"
"INV105357","C00179","2026-02-04 13:10:00","6","116.74","France"
"INV105358","C00376","2025-09-19 01:16:00","8","185.77","Italy"
"INV105359","C00358","2026-03-10 00:02:00","4","34.96","Netherlands"
"INV105360","C00498","2025-08-06 16:24:00","8","41","Italy"
"INV105361","C00416","2025-07-20 18:46:00","8","100.3","Italy"
"INV105362","C00092","2025-07-17 06:15:00","9","135.81","Netherlands"
"INV105363","C00042","2025-01-21 15:24:00","4","62.1","Italy"
"INV105364","C00071","2025-09-27 13:09:00","5","21.57","Germany"
"INV105365","C00105","2025-11-11 02:06:00","4","120.8","France"
"INV105366","C00454","2025-03-23 03:16:00","1","49.89","Germany"
"INV105367","C00062","2026-01-06 08:05:00","4","123.75","Italy"
"INV105368","C00045","2025-01-30 13:43:00","2","12.23","Belgium"
"INV105369","C00382","2025-07-04 11:45:00","2","182.92","Spain"
"INV105370","C00202","2025-02-01 17:32:00","1","107.74","Netherlands"
"INV105371","C00220","2025-08-22 06:56:00","3","125.86","Italy"
"INV105372","C00119","2026-03-09 16:23:00","8","60.62","United Kingdom"
"INV105373","C00149","2025-04-19 14:00:00","9","186.09","Belgium"
"INV105374","C00408","2025-08-28 08:38:00","4","125.28","Netherlands"
"INV105375","C00327","2025-05-12 22:27:00","4","191.82","United Kingdom"
"INV105376","C00028","2026-03-15 13:55:00","3","52.02","Netherlands"
"INV105377","C00330","2025-09-02 01:06:00","5","58.13","France"
"INV105378","C00452","2025-04-02 17:40:00","5","133.88","EIRE"
"INV105379","C00284","2025-03-20 02:56:00","8","169.8","France"
"INV105380","C00399","2025-05-05 20:28:00","1","117.25","Germany"
"INV105381","C00139","2025-11-09 10:51:00","5","168.54","EIRE"
"INV105382","C00495","2025-04-16 12:28:00","1","128.16","Italy"
"INV105383","C00071","2025-02-27 03:28:00","9","59.53","Italy"
"INV105384","C00283","2025-05-21 22:49:00","3","67","United Kingdom"
"INV105385","C00185","2025-07-12 02:25:00","1","75.51","Italy"
"INV105386","C00130","2025-05-12 16:32:00","9","98.64","EIRE"
"INV105387","C00024","2025-01-12 15:01:00","1","104.23","Germany"
"INV105388","C00484","2025-09-27 21:39:00","4","197.5","Netherlands"
"INV105389","C00308","2026-03-05 03:40:00","3","32.79","Germany"
"INV105390","C00054","2025-04-04 05:49:00","6","93.63","Italy"
"INV105391","C00400","2025-05-03 14:15:00","9","150.28","Italy"
"INV105392","C00104","2025-10-25 22:03:00","6","103.34","Portugal"
"INV105393","C00005","2025-05-08 16:21:00","1","91.02","Germany"
"INV105394","C00143","2025-08-26 02:17:00","5","34.69","Portugal"
"INV105395","C00287","2025-12-21 09:21:00","2","59.5","Belgium"
"INV105396","C00009","2025-01-15 08:26:00","4","112.89","Germany"
"INV105397","C00338","2025-12-30 22:06:00","2","101.84","Portugal"
"INV105398","C00186","2025-01-28 13:07:00","5","36.34","Belgium"
"CINV105399","C00293","2025-03-09 06:57:00","1","58.87","Germany"
"INV105400","C00252","2026-03-25 02:06:00","1","16.62","Germany"
"INV105401","C00197","2025-03-08 12:52:00","5","121","Italy"
"INV105402","C00031","2025-11-16 18:19:00","4","59.79","Portugal"
"INV105403","C00124","2025-07-04 06:43:00","4","166.82","Portugal"
"INV105404","C00282","2026-02-22 21:16:00","1","18.93","Spain"
"INV105405","C00370","2025-03-23 08:16:00","1","167.71","Italy"
"INV105406","C00065","2026-01-09 15:21:00","2","17.99","Portugal"
"INV105407","C00482","2025-07-19 16:01:00","1","45.09","United Kingdom"
"INV105408","C00476","2025-10-08 21:18:00","4","72.39","Portugal"
"INV105409","C00003","2025-01-19 20:15:00","4","149.71","United Kingdom"
"INV105410","C00295","2025-01-21 21:51:00","6","113.86","Germany"
"INV105411","C00333","2025-04-20 08:00:00","3","83.43","France"
"INV105412","C00114","2026-01-19 01:59:00","8","85.05","Belgium"
"INV105413","C00214","2025-02-13 22:35:00","4","100.01","Portugal"
"INV105414","C00196","2026-03-12 20:29:00","5","104.56","EIRE"
"INV105415","C00498","2025-03-22 07:44:00","8","35.15","EIRE"
"INV105416","C00491","2025-08-19 13:45:00","4","195.2","EIRE"
"INV105417","C00360","2025-07-11 03:29:00","9","54.85","France"
"INV105418","C00158","2025-01-24 08:18:00","6","78.5","Netherlands"
"INV105419","C00083","2025-05-08 02:30:00","1","114.21","France"
"INV105420","C00203","2025-10-11 13:28:00","4","133.99","Spain"
"INV105421","C00186","2025-08-17 01:19:00","9","164.25","Portugal"
"INV105422","C00027","2025-10-08 11:51:00","3","121.88","Germany"
"INV105423","C00433","2025-06-29 12:30:00","3","191.87","Portugal"
"INV105424","C00205","2025-07-11 04:57:00","7","64.76","Germany"
"INV105425","C00246","2025-02-06 14:35:00","9","176.01","Netherlands"
"INV105426","C00438","2026-03-05 23:58:00","3","16.41","United Kingdom"
"INV105427","C00042","2026-03-27 08:25:00","6","115.68","United Kingdom"
"INV105428","C00379","2025-02-04 11:19:00","8","181.81","United Kingdom"
"INV105429","C00060","2025-11-06 22:58:00","3","122.08","Italy"
"INV105430","C00354","2026-02-18 17:36:00","2","199.91","Germany"
"INV105431","C00312","2025-06-05 23:30:00","4","166.13","France"
"INV105432","C00277","2025-10-26 10:03:00","6","37","United Kingdom"
"INV105433","C00078","2026-02-26 03:19:00","4","15.5","Belgium"
"INV105434","C00450","2026-01-14 08:18:00","1","98.68","Netherlands"
"INV105435","C00182","2025-12-22 22:27:00","1","47.8","Netherlands"
"INV105436","C00071","2025-10-05 05:46:00","9","144.42","Belgium"
"INV105437","C00463","2025-02-07 16:15:00","2","135.81","Italy"
"INV105438","C00112","2025-06-09 21:11:00","5","121.36","Belgium"
"INV105439","C00388","2025-01-29 12:44:00","4","110.61","Belgium"
"INV105440","C00271","2025-07-18 16:56:00","6","94.45","United Kingdom"
"INV105441","C00250","2025-02-02 22:17:00","2","180.2","Belgium"
"INV105442","C00468","2026-03-14 06:41:00","1","66.94","Netherlands"
"INV105443","C00266","2025-11-13 12:15:00","6","49.94","Germany"
"CINV105444","C00187","2025-11-06 22:24:00","6","113.12","France"
"INV105445","C00046","2025-02-26 16:51:00","5","29.84","Italy"
"INV105446","C00447","2025-09-12 06:45:00","1","184.05","EIRE"
"INV105447","C00224","2025-06-21 21:10:00","1","35.37","Netherlands"
"INV105448","C00188","2025-03-28 06:07:00","7","132.59","Belgium"
"INV105449","C00128","2025-05-07 07:46:00","6","71.9","Portugal"
"INV105450","C00453","2025-10-06 19:17:00","7","189.94","Belgium"
"INV105451","C00052","2026-03-09 15:53:00","1","11.92","France"
"INV105452","C00500","2025-10-10 02:18:00","9","140.71","Spain"
"INV105453","C00387","2025-01-09 00:49:00","9","3.25","France"
"INV105454","C00072","2025-06-10 03:39:00","2","195.74","Italy"
"INV105455","C00386","2025-07-19 10:09:00","7","86.66","EIRE"
"INV105456","C00404","2025-12-27 16:35:00","3","68.34","France"
"INV105457","C00232","2026-03-22 15:47:00","1","107.28","Italy"
"INV105458","C00025","2025-04-13 16:50:00","8","16.35","United Kingdom"
"INV105459","C00497","2025-04-27 16:10:00","2","175.29","France"
"INV105460","C00474","2025-02-18 14:32:00","5","28.2","Spain"
"CINV105461","C00210","2026-01-25 15:28:00","4","44.84","Portugal"
"INV105462","C00406","2026-03-21 23:59:00","8","110.84","Portugal"
"INV105463","C00145","2026-01-17 22:15:00","5","59.08","Netherlands"
"INV105464","C00227","2025-08-14 02:18:00","8","93.78","Italy"
"INV105465","C00204","2025-07-06 22:44:00","7","37.55","Netherlands"
"INV105466","C00022","2025-12-20 14:02:00","6","10.07","Italy"
"INV105467","C00460","2025-08-03 05:40:00","7","191.24","Portugal"
"INV105468","C00491","2025-11-27 09:31:00","5","126","France"
"INV105469","C00146","2026-01-23 14:08:00","4","53.55","Belgium"
"INV105470","C00134","2026-02-25 00:54:00","1","91.58","Netherlands"
"INV105471","C00162","2025-10-08 11:06:00","6","142.88","Portugal"
"INV105472","C00454","2026-02-19 18:34:00","7","100.59","Italy"
"INV105473","C00052","2026-02-01 21:38:00","7","10.22","Germany"
"INV105474","C00227","2025-04-03 18:09:00","8","115.85","Germany"
"INV105475","C00155","2025-05-08 22:39:00","8","169.1","Portugal"
"INV105476","C00064","2026-03-04 08:54:00","6","183.55","Germany"
"INV105477","C00071","2025-09-16 22:31:00","6","96.59","Italy"
"INV105478","C00036","2025-01-17 07:58:00","9","116.84","France"
"INV105479","C00367","2025-08-21 01:55:00","7","35.56","United Kingdom"
"INV105480","C00030","2026-02-06 19:27:00","9","8.65","Belgium"
"INV105481","C00172","2025-03-29 03:59:00","7","87.19","United Kingdom"
"INV105482","C00225","2025-07-09 06:13:00","8","95.72","United Kingdom"
"INV105483","C00369","2025-03-14 23:35:00","3","85.59","France"
"INV105484","C00156","2025-08-21 06:46:00","8","44.02","Netherlands"
"INV105485","C00394","2025-06-16 15:15:00","7","170.24","Portugal"
"INV105486","C00270","2026-03-04 14:05:00","1","135.81","France"
"INV105487","C00133","2026-03-30 21:26:00","8","119.92","Netherlands"
"INV105488","C00094","2025-12-12 22:47:00","7","140.11","United Kingdom"
"INV105489","C00084","2025-12-07 17:14:00","9","179.39","Italy"
"INV105490","C00327","2025-04-26 09:14:00","4","187.65","Germany"
"INV105491","C00450","2025-07-06 22:16:00","4","197.88","Belgium"
"INV105492","C00343","2025-12-26 09:01:00","4","157.07","France"
"INV105493","C00317","2025-06-18 18:46:00","9","114.04","Belgium"
"INV105494","C00467","2025-05-01 14:42:00","8","54.85","France"
"INV105495","C00341","2025-04-06 02:47:00","3","41.47","Spain"
"CINV105496","C00064","2025-12-29 00:33:00","1","42.02","Italy"
"INV105497","C00075","2025-01-28 21:07:00","1","181.44","EIRE"
"INV105498","C00351","2025-12-10 00:07:00","1","3.21","Germany"
"INV105499","C00141","2025-09-08 05:52:00","7","105.63","EIRE"
"INV105500","C00353","2026-02-03 17:07:00","7","66.48","EIRE"
"INV105501","C00310","2025-03-16 23:23:00","4","173.27","Netherlands"
"INV105502","C00196","2025-12-31 15:19:00","4","10.68","Netherlands"
"CINV105503","C00146","2026-03-18 03:22:00","4","106.84","Italy"
"INV105504","C00358","2025-08-25 05:10:00","9","134.8","France"
"INV105505","C00137","2025-10-04 17:09:00","7","41.15","Netherlands"
"INV105506","C00007","2025-04-03 06:32:00","8","9.23","Spain"
"INV105507","C00102","2025-07-24 23:36:00","4","48.86","Netherlands"
"INV105508","C00347","2025-07-29 08:25:00","4","103.19","Belgium"
"INV105509","C00428","2025-03-29 22:54:00","2","100.68","Portugal"
"INV105510","C00270","2025-12-21 05:52:00","6","93.78","Portugal"
"INV105511","C00432","2026-02-13 07:15:00","7","130.08","United Kingdom"
"INV105512","C00152","2025-05-12 06:53:00","4","164.89","United Kingdom"
"INV105513","C00250","2025-08-08 19:29:00","6","113.78","EIRE"
"INV105514","C00305","2025-05-29 20:02:00","9","157.02","Italy"
"INV105515","C00154","2025-08-16 14:13:00","5","163.62","Spain"
"INV105516","C00397","2026-02-14 05:25:00","7","54.53","United Kingdom"
"INV105517","C00195","2026-02-12 06:21:00","9","76.24","Belgium"
"CINV105518","C00431","2025-04-17 19:49:00","3","24.13","Italy"
"INV105519","C00143","2025-01-30 12:16:00","9","51.39","Netherlands"
"INV105520","C00187","2025-02-24 00:25:00","6","175.18","Italy"
"INV105521","C00208","2025-10-23 09:49:00","3","100.39","Italy"
"INV105522","C00347","2025-03-30 16:59:00","4","85.09","United Kingdom"
"INV105523","C00001","2025-02-21 13:43:00","2","65","Portugal"
"INV105524","C00059","2025-12-03 09:24:00","9","56.07","Spain"
"INV105525","C00247","2025-12-18 04:57:00","4","10.24","France"
"INV105526","C00306","2025-10-12 06:17:00","3","133.31","Germany"
"INV105527","C00150","2025-03-18 22:07:00","7","99.26","EIRE"
"INV105528","C00440","2025-02-26 16:44:00","1","189.44","Germany"
"INV105529","C00121","2026-03-01 08:46:00","9","112.35","Germany"
"INV105530","C00334","2025-03-07 22:51:00","6","161.87","Italy"
"INV105531","C00052","2025-06-15 22:37:00","8","86.8","Portugal"
"INV105532","C00274","2025-03-08 12:05:00","3","117.91","France"
"INV105533","C00110","2025-05-20 15:00:00","7","107.76","EIRE"
"INV105534","C00422","2026-01-26 16:44:00","1","127.71","Netherlands"
"INV105535","C00493","2025-06-18 08:58:00","5","176.73","United Kingdom"
"INV105536","C00017","2025-03-13 22:08:00","3","113.78","Spain"
"INV105537","C00229","2025-02-13 18:53:00","7","195.02","Belgium"
"INV105538","C00317","2026-02-13 23:55:00","1","100.73","Spain"
"INV105539","C00033","2026-03-29 06:58:00","4","163.49","United Kingdom"
"INV105540","C00414","2025-01-28 03:34:00","9","100.52","EIRE"
"INV105541","C00268","2026-01-29 09:02:00","9","179.7","Netherlands"
"INV105542","C00355","2025-10-26 04:13:00","4","91.68","Belgium"
"INV105543","C00236","2025-06-02 03:13:00","6","114.29","Italy"
"INV105544","C00382","2025-02-13 18:29:00","3","32.13","Netherlands"
"INV105545","C00451","2025-11-11 06:29:00","5","23.35","Spain"
"INV105546","C00465","2025-02-02 07:38:00","4","31.51","Belgium"
"INV105547","C00379","2025-07-26 08:47:00","7","28.83","EIRE"
"INV105548","C00052","2025-03-08 18:55:00","3","97.93","Belgium"
"INV105549","C00344","2026-03-30 08:12:00","9","86.13","Netherlands"
"INV105550","C00113","2026-01-12 12:25:00","8","45.66","Belgium"
"INV105551","C00370","2025-12-12 15:00:00","7","38.81","Germany"
"INV105552","C00019","2025-10-21 12:47:00","5","197.51","Spain"
"INV105553","C00203","2025-07-30 13:49:00","7","158.97","Italy"
"INV105554","C00094","2025-06-28 23:16:00","6","15.97","EIRE"
"INV105555","C00494","2025-12-08 14:00:00","3","88.56","France"
"INV105556","C00418","2025-05-18 03:49:00","6","22.7","EIRE"
"CINV105557","C00360","2025-02-12 05:57:00","5","99.22","Belgium"
"INV105558","C00341","2025-06-01 14:59:00","9","128.32","Portugal"
"INV105559","C00237","2025-12-05 09:31:00","6","92.57","Germany"
"INV105560","C00450","2026-02-19 15:35:00","1","197.85","EIRE"
"INV105561","C00177","2025-08-31 23:13:00","2","53.76","France"
"INV105562","C00398","2025-07-29 23:08:00","3","126.98","Spain"
"INV105563","C00275","2025-12-02 21:19:00","9","73.16","United Kingdom"
"INV105564","C00113","2026-01-24 06:52:00","2","26.19","France"
"INV105565","C00386","2025-04-05 12:35:00","4","29.66","Spain"
"INV105566","C00454","2025-02-06 20:39:00","6","164.85","United Kingdom"
"INV105567","C00111","2025-06-08 05:25:00","1","171.63","EIRE"
"INV105568","C00083","2025-10-15 08:02:00","3","118.09","Belgium"
"INV105569","C00306","2025-05-01 13:57:00","5","78.34","Netherlands"
"INV105570","C00295","2026-03-20 11:46:00","7","126.82","Italy"
"INV105571","C00181","2026-03-08 18:38:00","3","171.71","France"
"INV105572","C00420","2025-01-06 20:33:00","4","97.81","Belgium"
"INV105573","C00254","2025-08-02 17:43:00","9","198.25","United Kingdom"
"INV105574","C00210","2025-02-27 13:28:00","2","46.96","Spain"
"INV105575","C00424","2025-06-14 07:35:00","8","157.25","Spain"
"INV105576","C00402","2025-05-13 00:15:00","7","127.54","EIRE"
"INV105577","C00221","2026-02-03 12:46:00","8","37.21","Spain"
"INV105578","C00197","2025-11-23 22:13:00","1","130.14","Germany"
"INV105579","C00020","2026-02-01 15:45:00","3","40.75","Germany"
"INV105580","C00173","2025-03-30 18:18:00","6","8.65","Germany"
"INV105581","C00187","2025-08-05 03:29:00","2","59.96","Germany"
"INV105582","C00382","2025-12-08 03:25:00","1","75.47","EIRE"
"INV105583","C00147","2025-11-28 09:43:00","7","46.89","Netherlands"
"INV105584","C00294","2025-01-08 19:57:00","3","190.89","France"
"INV105585","C00369","2025-06-28 17:33:00","9","155.93","France"
"INV105586","C00438","2025-07-26 17:23:00","3","190.74","France"
"INV105587","C00190","2025-05-25 08:42:00","1","115.34","Netherlands"
"INV105588","C00485","2025-03-27 20:20:00","5","159.87","United Kingdom"
"INV105589","C00224","2025-08-10 06:22:00","6","102.91","Italy"
"INV105590","C00385","2025-03-07 22:30:00","2","160.63","Portugal"
"INV105591","C00379","2025-04-17 20:18:00","1","119.08","Italy"
"INV105592","C00400","2025-01-25 22:40:00","2","195.68","Germany"
"INV105593","C00141","2026-02-19 11:44:00","7","80.16","United Kingdom"
"INV105594","C00346","2025-04-02 17:12:00","9","171.16","Portugal"
"INV105595","C00357","2026-02-03 07:13:00","6","58.64","France"
"INV105596","C00199","2025-02-24 14:56:00","6","55.55","Germany"
"INV105597","C00441","2026-03-08 02:20:00","9","70.4","United Kingdom"
"INV105598","C00094","2025-05-19 17:54:00","1","134.42","EIRE"
"INV105599","C00381","2025-09-16 04:15:00","8","198.37","United Kingdom"
"INV105600","C00320","2025-08-14 00:24:00","6","9.09","Portugal"
"INV105601","C00127","2025-08-18 08:57:00","7","39.75","Portugal"
"INV105602","C00312","2025-12-23 19:37:00","7","85.88","Italy"
"INV105603","C00179","2025-09-17 07:46:00","1","8.95","EIRE"
"INV105604","C00355","2026-02-03 01:28:00","4","46.14","Germany"
"INV105605","C00034","2025-06-09 22:45:00","5","163.58","EIRE"
"INV105606","C00458","2025-05-08 05:26:00","1","109.94","United Kingdom"
"INV105607","C00133","2026-03-30 12:59:00","9","46.46","Portugal"
"INV105608","C00430","2025-09-07 08:49:00","6","150.56","Belgium"
"INV105609","C00311","2025-04-06 21:28:00","1","144.04","Italy"
"INV105610","C00465","2025-02-24 09:13:00","9","30.86","Portugal"
"INV105611","C00080","2025-03-01 18:44:00","5","54.65","France"
"INV105612","C00333","2025-05-05 02:14:00","6","23.67","Belgium"
"INV105613","C00149","2025-09-23 03:35:00","2","7.9","Spain"
"INV105614","C00440","2025-12-30 20:45:00","4","65.05","Belgium"
"INV105615","C00402","2025-01-20 22:04:00","3","58.81","Belgium"
"CINV105616","C00059","2025-06-16 17:13:00","8","169.4","Spain"
"INV105617","C00253","2026-01-03 00:12:00","5","151.78","Belgium"
"INV105618","C00036","2026-01-05 14:14:00","4","84.9","United Kingdom"
"INV105619","C00094","2025-03-17 05:18:00","8","32.23","Italy"
"INV105620","C00474","2025-02-01 14:22:00","8","40.29","Netherlands"
"INV105621","C00170","2025-01-06 22:27:00","8","8.95","Italy"
"INV105622","C00386","2025-09-09 11:11:00","2","66.72","Portugal"
"INV105623","C00468","2025-07-13 09:01:00","6","142.44","France"
"INV105624","C00247","2025-04-08 10:52:00","1","44.74","United Kingdom"
"INV105625","C00346","2025-09-03 11:42:00","6","53.29","Belgium"
"INV105626","C00025","2025-07-29 01:19:00","1","84.47","Portugal"
"INV105627","C00462","2026-01-28 09:02:00","3","113.23","United Kingdom"
"INV105628","C00242","2026-02-07 08:34:00","8","19.66","Netherlands"
"INV105629","C00028","2025-12-05 02:11:00","8","46.64","Spain"
"INV105630","C00320","2025-04-05 04:51:00","3","35.33","United Kingdom"
"INV105631","C00335","2026-02-02 14:10:00","9","50.26","Germany"
"INV105632","C00484","2025-03-19 06:46:00","6","119.58","Germany"
"INV105633","C00446","2025-02-24 10:44:00","4","51.63","Spain"
"INV105634","C00110","2026-02-09 14:04:00","5","29.27","EIRE"
"INV105635","C00331","2025-03-07 09:36:00","9","199.88","France"
"INV105636","C00073","2025-01-06 00:58:00","9","154.42","France"
"INV105637","C00144","2025-02-23 08:33:00","7","125.09","United Kingdom"
"INV105638","C00020","2025-06-13 12:09:00","7","56.2","Italy"
"INV105639","C00017","2026-02-19 19:54:00","9","40.06","EIRE"
"INV105640","C00454","2025-11-22 15:59:00","3","3.28","Germany"
"CINV105641","C00239","2025-03-19 16:02:00","6","141.49","EIRE"
"INV105642","C00409","2025-05-12 21:08:00","2","32.78","Netherlands"
"INV105643","C00419","2025-09-22 02:09:00","2","106.22","EIRE"
"INV105644","C00263","2026-01-16 17:47:00","8","163.55","Spain"
"INV105645","C00301","2025-04-17 04:22:00","6","79.19","Portugal"
"INV105646","C00391","2025-12-17 17:17:00","1","147.38","EIRE"
"INV105647","C00076","2025-12-01 16:08:00","9","125.04","Italy"
"INV105648","C00361","2025-03-09 02:29:00","2","112.62","Spain"
"INV105649","C00290","2025-11-14 18:59:00","5","187.96","Spain"
"INV105650","C00064","2025-09-03 15:28:00","4","104.41","Netherlands"
"INV105651","C00150","2026-03-11 15:37:00","9","89.64","EIRE"
"INV105652","C00135","2026-01-07 07:20:00","4","55.55","EIRE"
"INV105653","C00351","2025-11-25 13:52:00","1","100.91","United Kingdom"
"INV105654","C00402","2025-04-22 12:43:00","9","164.83","Spain"
"INV105655","C00163","2025-07-09 21:12:00","6","14.25","Belgium"
"INV105656","C00208","2026-02-05 21:13:00","2","12.13","Germany"
"INV105657","C00351","2025-07-09 16:24:00","8","44.92","France"
"INV105658","C00086","2026-02-09 08:33:00","6","62.54","Germany"
"INV105659","C00095","2025-04-09 22:16:00","3","155.04","France"
"INV105660","C00172","2025-10-10 05:08:00","4","103.02","EIRE"
"INV105661","C00383","2025-03-21 11:58:00","7","72.84","France"
"INV105662","C00159","2026-02-06 06:10:00","3","9.39","Germany"
"INV105663","C00128","2025-05-01 07:19:00","2","199.05","Belgium"
"INV105664","C00264","2025-07-27 23:59:00","3","117.7","Belgium"
"INV105665","C00013","2025-06-03 18:19:00","3","42.02","Italy"
"INV105666","C00103","2026-02-06 10:55:00","4","51.44","Germany"
"INV105667","C00187","2025-04-01 23:59:00","8","79.24","EIRE"
"INV105668","C00355","2025-11-08 19:56:00","8","86.57","EIRE"
"INV105669","C00353","2025-07-05 15:35:00","1","168.44","United Kingdom"
"INV105670","C00358","2025-01-11 12:24:00","1","3.69","Portugal"
"INV105671","C00132","2025-08-01 02:19:00","4","46.11","France"
"INV105672","C00374","2025-05-23 02:20:00","8","22.57","Netherlands"
"INV105673","C00195","2025-11-15 14:05:00","5","80.95","Spain"
"INV105674","C00166","2025-05-10 10:45:00","3","19.35","EIRE"
"INV105675","C00130","2025-09-25 15:21:00","8","78.36","United Kingdom"
"INV105676","C00489","2026-02-14 23:23:00","4","7.55","Spain"
"INV105677","C00174","2025-01-31 03:36:00","8","185.74","Spain"
"INV105678","C00178","2025-09-26 17:06:00","6","128.4","EIRE"
"INV105679","C00431","2025-03-31 11:32:00","3","5.54","Germany"
"INV105680","C00330","2025-02-02 19:57:00","7","36.16","France"
"INV105681","C00161","2025-10-08 22:43:00","6","147.87","Spain"
"INV105682","C00491","2025-01-07 06:05:00","4","67.18","Netherlands"
"INV105683","C00086","2025-01-24 21:20:00","4","105.4","Belgium"
"INV105684","C00193","2025-03-02 23:56:00","5","184.86","EIRE"
"INV105685","C00365","2025-09-08 09:30:00","1","126.54","Italy"
"INV105686","C00055","2026-03-15 16:41:00","2","39.26","EIRE"
"INV105687","C00319","2025-06-23 17:12:00","4","15.2","EIRE"
"INV105688","C00264","2026-03-28 23:32:00","9","100.02","Spain"
"INV105689","C00413","2025-05-27 22:25:00","1","150.99","Spain"
"INV105690","C00151","2025-10-12 11:30:00","8","50.81","Germany"
"INV105691","C00269","2025-11-30 01:46:00","2","119.62","Spain"
"INV105692","C00402","2025-11-08 03:03:00","2","86.35","Netherlands"
"INV105693","C00438","2025-04-08 05:52:00","9","171.26","United Kingdom"
"INV105694","C00242","2026-01-02 21:25:00","9","44.18","EIRE"
"INV105695","C00487","2026-02-25 04:59:00","9","182.84","Spain"
"INV105696","C00324","2026-03-01 03:45:00","2","170.17","Netherlands"
"INV105697","C00180","2025-03-27 08:14:00","1","167.26","EIRE"
"INV105698","C00400","2025-06-25 00:07:00","9","113.39","Belgium"
"INV105699","C00295","2025-01-21 22:28:00","6","28.57","France"
"INV105700","C00437","2025-10-05 03:29:00","6","179.05","Portugal"
"INV105701","C00487","2025-03-05 03:39:00","7","187.39","Netherlands"
"INV105702","C00331","2025-04-01 17:40:00","3","22.94","United Kingdom"
"INV105703","C00293","2025-10-27 11:35:00","7","96.87","Spain"
"INV105704","C00311","2025-08-04 16:09:00","6","111.56","Netherlands"
"INV105705","C00348","2026-01-31 17:09:00","9","134.77","France"
"INV105706","C00173","2026-03-19 06:31:00","4","155.74","Italy"
"INV105707","C00125","2025-08-13 23:22:00","2","77.75","Italy"
"INV105708","C00229","2025-04-13 06:12:00","7","159.41","Netherlands"
"INV105709","C00267","2025-05-03 08:29:00","4","106.15","Italy"
"INV105710","C00279","2025-08-18 22:09:00","1","78.97","Belgium"
"INV105711","C00020","2025-01-03 15:34:00","1","104.67","Netherlands"
"INV105712","C00039","2025-04-16 17:47:00","5","52.15","Belgium"
"INV105713","C00007","2026-01-14 12:15:00","2","120.03","Belgium"
"INV105714","C00261","2025-05-26 05:28:00","5","72.52","Portugal"
"INV105715","C00284","2025-06-01 12:09:00","3","102.14","Italy"
"INV105716","C00441","2025-03-06 15:58:00","1","24.26","Netherlands"
"INV105717","C00165","2025-01-08 13:13:00","6","91.41","Germany"
"INV105718","C00008","2026-02-08 09:18:00","1","160.3","Germany"
"INV105719","C00156","2025-02-11 22:59:00","6","20.43","Germany"
"INV105720","C00008","2025-12-05 01:23:00","6","120.85","Netherlands"
"INV105721","C00464","2026-01-22 16:50:00","1","151.27","EIRE"
"INV105722","C00361","2025-07-13 13:25:00","1","187.62","Belgium"
"INV105723","C00386","2025-06-19 03:21:00","8","126.21","Belgium"
"INV105724","C00009","2025-06-23 12:17:00","1","104.57","Belgium"
"INV105725","C00385","2026-02-10 15:22:00","7","101.33","Spain"
"INV105726","C00178","2026-01-23 06:37:00","5","97.07","Italy"
"INV105727","C00369","2025-06-15 05:47:00","9","53.85","Italy"
"INV105728","C00328","2025-12-26 04:18:00","5","44.03","France"
"INV105729","C00201","2025-07-06 23:51:00","3","72.18","Spain"
"INV105730","C00372","2025-09-27 19:10:00","2","43.04","Spain"
"INV105731","C00458","2025-11-10 04:02:00","8","82.76","Italy"
"INV105732","C00330","2025-07-15 20:34:00","2","132.86","EIRE"
"INV105733","C00073","2025-08-13 13:55:00","4","13.19","EIRE"
"INV105734","C00255","2025-08-10 05:32:00","8","86.95","France"
"INV105735","C00364","2026-01-04 19:18:00","7","97.5","Spain"
"INV105736","C00089","2025-04-07 17:53:00","5","137.28","United Kingdom"
"INV105737","C00030","2025-09-11 05:53:00","8","198.71","Portugal"
"INV105738","C00242","2025-11-02 05:28:00","6","60.17","Germany"
"INV105739","C00132","2025-12-28 02:21:00","4","193.11","EIRE"
"INV105740","C00480","2025-05-11 20:52:00","5","150.13","Belgium"
"INV105741","C00326","2025-05-18 03:29:00","9","53.26","Germany"
"INV105742","C00256","2025-04-08 15:43:00","3","39.49","Germany"
"INV105743","C00001","2025-12-30 08:13:00","2","42.62","France"
"INV105744","C00280","2026-03-05 08:15:00","6","148.68","Germany"
"INV105745","C00282","2025-05-01 18:16:00","7","118.11","Portugal"
"INV105746","C00224","2025-02-12 07:03:00","7","116.35","Portugal"
"INV105747","C00139","2025-07-31 21:39:00","1","184.41","Portugal"
"INV105748","C00311","2025-01-06 20:43:00","2","63.49","Germany"
"CINV105749","C00378","2025-11-13 23:59:00","6","131.64","United Kingdom"
"INV105750","C00413","2025-05-09 17:53:00","2","87.67","United Kingdom"
"INV105751","C00223","2025-03-28 07:29:00","9","170.74","EIRE"
"INV105752","C00076","2025-11-25 08:47:00","1","80.53","Netherlands"
"INV105753","C00190","2025-06-01 22:29:00","6","164.99","Portugal"
"INV105754","C00500","2025-04-09 03:59:00","5","1.91","United Kingdom"
"CINV105755","C00208","2025-03-02 15:33:00","7","164.93","EIRE"
"INV105756","C00044","2025-12-12 21:39:00","7","64.01","France"
"INV105757","C00257","2025-01-30 05:26:00","6","175.63","Spain"
"INV105758","C00294","2026-01-03 05:28:00","5","106.81","France"
"INV105759","C00387","2026-01-25 06:32:00","3","36.12","Spain"
"INV105760","C00419","2026-02-15 13:18:00","4","43.44","Portugal"
"INV105761","C00224","2025-12-06 10:00:00","7","80.1","EIRE"
"INV105762","C00395","2025-09-07 23:27:00","8","98.02","Spain"
"INV105763","C00410","2025-02-20 07:12:00","8","198.64","Italy"
"INV105764","C00311","2025-01-10 15:51:00","5","20.38","Netherlands"
"INV105765","C00285","2025-09-23 23:27:00","9","97.85","Belgium"
"INV105766","C00482","2025-03-25 13:18:00","5","171.16","EIRE"
"INV105767","C00402","2025-08-14 00:11:00","1","127.93","Belgium"
"INV105768","C00196","2025-02-27 07:32:00","8","96.5","Italy"
"INV105769","C00237","2025-10-20 18:34:00","8","109.2","Netherlands"
"INV105770","C00209","2025-02-18 01:03:00","3","2.34","France"
"INV105771","C00249","2025-08-17 08:16:00","8","182.63","France"
"INV105772","C00226","2025-08-24 12:24:00","5","8.11","Italy"
"INV105773","C00159","2025-04-29 04:35:00","2","33.85","EIRE"
"INV105774","C00084","2025-11-30 18:03:00","4","99.38","Italy"
"INV105775","C00057","2025-06-17 04:07:00","2","12.86","Germany"
"INV105776","C00453","2026-01-04 10:13:00","7","47.62","EIRE"
"INV105777","C00163","2025-12-08 15:14:00","3","139.5","Italy"
"INV105778","C00349","2026-03-04 18:16:00","8","65.17","Italy"
"INV105779","C00088","2025-07-11 21:50:00","3","39.83","Italy"
"INV105780","C00118","2025-10-04 05:34:00","8","57.51","EIRE"
"INV105781","C00284","2025-02-13 13:42:00","7","114.55","Spain"
"CINV105782","C00356","2025-03-05 18:14:00","5","70.64","France"
"INV105783","C00375","2026-03-28 14:53:00","5","24.12","Netherlands"
"INV105784","C00107","2025-02-28 23:54:00","5","74.5","Portugal"
"INV105785","C00196","2025-06-23 07:37:00","4","59.07","Netherlands"
"INV105786","C00326","2026-01-27 10:01:00","7","132.18","Portugal"
"INV105787","C00181","2025-09-26 13:03:00","9","17.82","EIRE"
"INV105788","C00352","2026-02-04 09:46:00","6","69.88","Portugal"
"INV105789","C00241","2025-11-14 00:13:00","4","126.72","United Kingdom"
"INV105790","C00227","2025-06-11 08:21:00","6","68.02","Belgium"
"INV105791","C00248","2025-01-20 14:00:00","9","169.61","Belgium"
"CINV105792","C00066","2025-03-15 15:08:00","1","102.85","Portugal"
"INV105793","C00193","2026-01-01 06:43:00","4","123.05","Portugal"
"INV105794","C00114","2025-05-21 05:03:00","8","103.2","Germany"
"INV105795","C00116","2025-04-09 23:16:00","5","53.78","EIRE"
"INV105796","C00182","2026-01-07 14:21:00","9","66.04","Belgium"
"INV105797","C00132","2026-03-29 10:15:00","3","121.8","United Kingdom"
"INV105798","C00186","2025-09-02 12:25:00","6","59.58","Italy"
"INV105799","C00355","2026-02-28 07:37:00","6","188.48","Italy"
"INV105800","C00355","2025-06-06 18:08:00","5","158.51","Netherlands"
"INV105801","C00313","2025-10-05 23:28:00","1","110.03","Netherlands"
"INV105802","C00414","2025-05-08 18:05:00","6","36.39","United Kingdom"
"INV105803","C00161","2025-11-24 02:09:00","7","77.07","Netherlands"
"INV105804","C00436","2025-05-16 05:35:00","4","171.19","EIRE"
"INV105805","C00087","2025-12-21 20:39:00","5","162.46","Belgium"
"INV105806","C00035","2025-02-26 13:49:00","1","169.97","Germany"
"INV105807","C00453","2026-02-13 02:30:00","1","43.04","France"
"INV105808","C00354","2025-09-08 14:57:00","1","93.2","Portugal"
"INV105809","C00176","2025-09-18 10:32:00","1","119.04","Italy"
"INV105810","C00336","2025-10-10 03:14:00","8","166.53","United Kingdom"
"CINV105811","C00392","2025-11-29 12:26:00","6","129.12","EIRE"
"INV105812","C00294","2025-07-12 10:40:00","3","27.65","Italy"
"INV105813","C00141","2025-08-25 03:38:00","6","86.5","Italy"
"INV105814","C00442","2025-09-15 08:50:00","4","7.22","United Kingdom"
"INV105815","C00410","2025-12-22 22:16:00","2","13.34","Spain"
"INV105816","C00099","2025-11-13 07:10:00","8","163.46","Belgium"
"CINV105817","C00185","2026-03-07 22:59:00","5","137.13","EIRE"
"INV105818","C00376","2025-05-10 08:30:00","7","125.61","EIRE"
"INV105819","C00136","2026-01-16 03:50:00","8","36.59","Italy"
"INV105820","C00194","2025-07-20 18:39:00","6","164.16","Belgium"
"INV105821","C00342","2025-09-01 23:25:00","8","95.98","Germany"
"INV105822","C00110","2025-04-04 05:38:00","4","56.77","Italy"
"INV105823","C00175","2025-09-06 06:04:00","3","117.85","Netherlands"
"INV105824","C00359","2025-08-30 13:28:00","5","19.82","EIRE"
"INV105825","C00487","2026-03-18 00:05:00","6","46.99","United Kingdom"
"INV105826","C00209","2025-01-28 07:33:00","4","147.95","Spain"
"INV105827","C00095","2025-08-09 02:43:00","2","126.71","France"
"INV105828","C00451","2025-07-04 07:21:00","8","181.55","Portugal"
"INV105829","C00204","2026-02-18 18:02:00","7","14.83","France"
"INV105830","C00381","2025-05-10 04:02:00","2","98","United Kingdom"
"INV105831","C00143","2025-01-23 10:41:00","4","71.79","EIRE"
"INV105832","C00217","2025-12-14 11:26:00","4","50.17","Germany"
"INV105833","C00221","2025-06-05 07:58:00","9","195.21","Spain"
"INV105834","C00454","2025-05-28 10:45:00","3","26.8","Portugal"
"INV105835","C00390","2026-03-06 20:22:00","2","56.46","Spain"
"INV105836","C00240","2025-03-20 20:33:00","3","53.15","Germany"
"INV105837","C00163","2025-08-23 09:12:00","4","79.44","United Kingdom"
"INV105838","C00166","2026-03-21 16:35:00","6","44.96","Portugal"
"INV105839","C00331","2025-09-17 16:31:00","4","81.65","United Kingdom"
"INV105840","C00158","2025-03-15 15:29:00","4","16.61","Italy"
"INV105841","C00188","2025-06-26 17:12:00","9","101.71","Belgium"
"INV105842","C00452","2025-11-17 10:09:00","3","136.33","EIRE"
"INV105843","C00196","2025-12-15 06:53:00","9","109.37","Italy"
"INV105844","C00177","2025-11-20 02:39:00","7","45.26","Belgium"
"INV105845","C00333","2025-03-19 16:46:00","9","50.4","Spain"
"INV105846","C00078","2025-01-11 12:56:00","5","83.86","EIRE"
"INV105847","C00417","2025-10-13 11:12:00","6","167.87","Portugal"
"INV105848","C00241","2025-11-11 20:07:00","3","186.13","Spain"
"INV105849","C00023","2026-01-29 21:09:00","7","180.79","Portugal"
"INV105850","C00382","2025-12-11 09:04:00","9","59.79","Italy"
"INV105851","C00281","2026-02-16 18:25:00","3","99.59","Belgium"
"INV105852","C00425","2025-06-27 13:39:00","8","146.66","Spain"
"INV105853","C00246","2025-09-16 18:19:00","1","46.41","Belgium"
"INV105854","C00171","2025-10-26 14:42:00","7","106.21","United Kingdom"
"INV105855","C00291","2025-04-24 19:45:00","5","169.89","Portugal"
"INV105856","C00084","2025-05-13 02:27:00","3","119","EIRE"
"INV105857","C00385","2025-07-25 07:59:00","2","55.05","United Kingdom"
"INV105858","C00154","2025-07-26 07:42:00","9","147.87","EIRE"
"INV105859","C00275","2025-11-27 07:50:00","2","68.05","Spain"
"INV105860","C00061","2025-03-25 23:12:00","9","181.05","Germany"
"INV105861","C00417","2025-10-13 09:00:00","3","131.59","United Kingdom"
"INV105862","C00056","2026-02-08 20:13:00","5","182.04","United Kingdom"
"INV105863","C00295","2025-06-11 16:33:00","9","150.3","Italy"
"INV105864","C00304","2025-05-22 18:13:00","4","143.79","Spain"
"INV105865","C00095","2025-09-11 13:30:00","3","49.89","Italy"
"INV105866","C00437","2025-08-29 10:56:00","9","119.58","Germany"
"INV105867","C00029","2025-06-09 05:13:00","4","126.77","Italy"
"INV105868","C00065","2025-02-13 01:50:00","4","112.62","EIRE"
"INV105869","C00073","2025-11-18 22:24:00","1","170.82","Portugal"
"INV105870","C00070","2025-09-20 00:23:00","2","78.26","EIRE"
"CINV105871","C00010","2025-07-31 05:38:00","9","59.73","United Kingdom"
"INV105872","C00008","2025-07-06 02:14:00","6","189.79","Belgium"
"INV105873","C00167","2025-11-19 03:54:00","2","198.9","Belgium"
"INV105874","C00217","2025-07-24 11:38:00","2","50.74","Germany"
"INV105875","C00386","2026-02-20 04:44:00","5","50.95","Spain"
"INV105876","C00060","2026-02-20 03:43:00","1","162.57","Germany"
"INV105877","C00274","2025-01-16 03:37:00","9","21.28","Spain"
"INV105878","C00292","2025-08-03 02:02:00","2","28.35","Portugal"
"INV105879","C00416","2026-01-25 18:37:00","2","191.02","Spain"
"INV105880","C00421","2025-02-28 15:31:00","5","166.13","Belgium"
"INV105881","C00318","2025-04-20 20:18:00","4","198.09","France"
"INV105882","C00054","2025-08-25 03:36:00","4","22.99","Belgium"
"INV105883","C00419","2025-04-03 16:50:00","6","27.98","Spain"
"INV105884","C00087","2025-02-01 12:00:00","3","98.55","Netherlands"
"INV105885","C00217","2026-03-03 14:04:00","9","175.1","Italy"
"INV105886","C00240","2025-03-17 11:28:00","1","76.41","United Kingdom"
"INV105887","C00215","2025-08-30 13:29:00","3","104.48","Netherlands"
"INV105888","C00490","2025-12-30 15:52:00","3","198.77","Italy"
"INV105889","C00131","2025-12-11 00:58:00","4","70.7","United Kingdom"
"CINV105890","C00403","2026-02-26 03:45:00","6","16.11","Spain"
"INV105891","C00237","2025-02-22 12:42:00","6","129.64","Belgium"
"INV105892","C00035","2025-07-17 07:07:00","4","53.21","France"
"INV105893","C00204","2025-07-18 11:00:00","6","65.96","Italy"
"INV105894","C00223","2025-06-08 23:03:00","6","109.19","Germany"
"INV105895","C00293","2025-06-11 19:38:00","8","23.86","Spain"
"INV105896","C00060","2025-10-10 23:09:00","5","66.09","Germany"
"INV105897","C00455","2025-03-25 16:20:00","3","22.17","Spain"
"INV105898","C00315","2025-07-04 18:24:00","4","99.36","Belgium"
"INV105899","C00411","2025-06-02 15:45:00","8","59.6","Italy"
"INV105900","C00216","2025-11-21 07:03:00","7","96.45","Belgium"
"INV105901","C00368","2025-12-29 14:17:00","9","58.37","France"
"INV105902","C00203","2025-01-27 16:10:00","1","169.73","Germany"
"INV105903","C00458","2025-10-19 17:29:00","2","168.11","Italy"
"CINV105904","C00477","2025-04-03 03:19:00","8","98.61","Germany"
"INV105905","C00241","2025-08-18 10:01:00","4","176.42","Netherlands"
"INV105906","C00172","2025-02-16 21:25:00","8","187.98","Italy"
"INV105907","C00396","2025-02-20 21:20:00","2","58.86","Netherlands"
"INV105908","C00243","2025-10-14 21:05:00","2","69.39","France"
"INV105909","C00197","2026-02-10 15:15:00","7","140.51","Germany"
"INV105910","C00011","2025-12-18 16:19:00","1","183.64","Spain"
"INV105911","C00374","2025-02-14 06:35:00","2","70.45","United Kingdom"
"INV105912","C00018","2026-01-16 14:19:00","4","112.49","Germany"
"INV105913","C00324","2025-11-16 09:21:00","4","191.35","Italy"
"INV105914","C00379","2025-04-10 03:07:00","3","60.34","Portugal"
"INV105915","C00061","2025-01-18 01:23:00","6","8.46","Germany"
"INV105916","C00128","2026-01-20 13:48:00","3","125.32","Portugal"
"INV105917","C00034","2026-01-27 07:38:00","5","40.04","Belgium"
"INV105918","C00421","2026-01-17 19:04:00","5","162.29","EIRE"
"INV105919","C00213","2025-03-12 16:48:00","1","168.83","EIRE"
"INV105920","C00352","2025-05-23 14:18:00","2","34.98","Belgium"
"INV105921","C00410","2025-01-17 12:30:00","8","121.32","Spain"
"INV105922","C00229","2026-03-19 10:40:00","2","127.38","Spain"
"INV105923","C00027","2026-02-18 09:35:00","7","10.29","Italy"
"INV105924","C00174","2026-02-27 01:55:00","7","182.2","EIRE"
"INV105925","C00117","2026-02-17 17:48:00","8","157.08","United Kingdom"
"INV105926","C00208","2025-08-12 07:08:00","2","189.66","France"
"INV105927","C00162","2026-01-11 19:52:00","7","48.34","Italy"
"INV105928","C00377","2025-11-20 23:45:00","3","51.59","Germany"
"INV105929","C00399","2025-10-08 07:08:00","3","22.14","France"
"INV105930","C00001","2025-04-18 00:49:00","3","179.08","Netherlands"
"INV105931","C00423","2026-02-24 13:20:00","3","185.03","Italy"
"INV105932","C00134","2025-05-27 22:11:00","8","194.97","Germany"
"INV105933","C00143","2025-05-15 18:26:00","7","131.71","EIRE"
"INV105934","C00473","2026-03-13 03:24:00","3","142.36","France"
"INV105935","C00263","2026-02-15 21:21:00","2","173.1","Spain"
"INV105936","C00131","2025-04-28 02:49:00","9","91.2","France"
"INV105937","C00027","2026-02-19 01:38:00","6","66.83","Italy"
"INV105938","C00052","2025-07-15 10:08:00","6","193.97","United Kingdom"
"INV105939","C00015","2025-03-06 01:00:00","7","113.86","France"
"INV105940","C00092","2025-07-05 04:02:00","8","83.63","Netherlands"
"INV105941","C00053","2025-04-08 03:50:00","4","172.79","Belgium"
"INV105942","C00405","2025-02-13 03:43:00","5","95.46","Spain"
"INV105943","C00420","2026-02-28 19:43:00","1","112.89","United Kingdom"
"INV105944","C00007","2025-04-07 15:05:00","1","143.77","Netherlands"
"INV105945","C00256","2025-02-25 09:18:00","2","165.43","Spain"
"INV105946","C00358","2025-09-03 15:48:00","3","58.06","Germany"
"INV105947","C00420","2026-01-14 14:10:00","3","139.26","Spain"
"INV105948","C00426","2026-03-14 21:46:00","9","41.94","France"
"INV105949","C00466","2025-05-17 12:22:00","6","119.48","Germany"
"INV105950","C00162","2025-09-16 11:57:00","4","188.1","Netherlands"
"INV105951","C00323","2025-10-01 23:03:00","7","51.41","Italy"
"INV105952","C00305","2025-01-25 19:39:00","9","25.87","France"
"INV105953","C00270","2026-01-14 01:31:00","9","186.77","Belgium"
"INV105954","C00468","2025-04-20 11:21:00","6","150.45","United Kingdom"
"INV105955","C00263","2026-01-17 19:23:00","1","37.83","Belgium"
"INV105956","C00017","2025-03-29 02:17:00","9","144.85","France"
"INV105957","C00042","2025-01-30 01:23:00","5","15.99","Germany"
"INV105958","C00287","2026-02-18 11:09:00","5","184.13","EIRE"
"INV105959","C00182","2025-02-22 10:46:00","7","145.15","Netherlands"
"INV105960","C00105","2025-12-25 07:30:00","5","50.2","Italy"
"INV105961","C00399","2025-12-27 23:48:00","1","124.36","Netherlands"
"INV105962","C00205","2025-09-10 20:21:00","8","146.85","Italy"
"INV105963","C00184","2026-03-11 16:13:00","6","76.44","Belgium"
"INV105964","C00206","2025-01-30 20:06:00","1","81.6","Netherlands"
"INV105965","C00168","2026-03-17 09:31:00","2","35.43","Germany"
"INV105966","C00417","2025-07-18 16:42:00","2","10.54","France"
"INV105967","C00380","2025-03-16 05:12:00","7","60.77","Italy"
"INV105968","C00152","2025-11-06 20:08:00","9","63.93","EIRE"
"INV105969","C00420","2025-04-30 17:00:00","3","119","France"
"INV105970","C00466","2025-02-25 14:26:00","5","8.41","Spain"
"INV105971","C00041","2025-08-31 02:19:00","8","146.64","Belgium"
"INV105972","C00286","2025-05-01 13:19:00","8","90.75","Netherlands"
"INV105973","C00450","2025-12-21 07:02:00","5","16.04","EIRE"
"INV105974","C00047","2025-06-05 01:48:00","1","186.08","Netherlands"
"CINV105975","C00231","2025-09-10 18:14:00","3","63.14","Netherlands"
"INV105976","C00212","2025-08-28 11:38:00","7","80.07","Belgium"
"INV105977","C00120","2026-02-14 07:20:00","1","20.23","Belgium"
"INV105978","C00453","2025-03-02 23:25:00","6","132.74","France"
"INV105979","C00284","2025-07-19 04:45:00","7","127.44","EIRE"
"INV105980","C00140","2025-11-10 21:17:00","4","104.19","Italy"
"INV105981","C00051","2025-01-04 18:43:00","1","71.99","Spain"
"INV105982","C00461","2025-06-04 11:59:00","3","104.12","France"
"INV105983","C00162","2025-04-11 23:23:00","3","112.47","Germany"
"INV105984","C00480","2025-02-08 09:38:00","2","136.76","Italy"
"INV105985","C00233","2025-09-12 09:24:00","9","33.78","Spain"
"INV105986","C00328","2026-03-13 20:23:00","9","31.51","EIRE"
"INV105987","C00090","2026-03-15 02:55:00","3","195.92","United Kingdom"
"INV105988","C00214","2025-06-17 17:45:00","4","194.7","Netherlands"
"INV105989","C00037","2025-04-21 06:25:00","9","119.55","Portugal"
"INV105990","C00180","2025-11-23 10:53:00","8","130.02","United Kingdom"
"INV105991","C00291","2026-01-19 05:13:00","8","172.51","France"
"INV105992","C00036","2025-07-04 05:16:00","9","143.91","EIRE"
"INV105993","C00013","2025-10-26 14:06:00","5","194.73","Netherlands"
"INV105994","C00262","2026-03-03 08:53:00","9","76.78","Belgium"
"INV105995","C00451","2025-10-01 15:24:00","3","49.39","Italy"
"INV105996","C00240","2025-06-16 21:34:00","3","19.49","Spain"
"INV105997","C00175","2025-12-14 04:21:00","5","30.49","Portugal"
"INV105998","C00357","2025-08-06 11:59:00","1","88.69","Portugal"
"INV105999","C00459","2026-01-20 21:52:00","8","53.43","EIRE"
"INV106000","C00459","2025-07-04 01:48:00","8","188.22","United Kingdom"
"INV106001","C00308","2025-08-08 20:02:00","4","52.6","Germany"
"INV106002","C00264","2025-11-28 04:14:00","3","175.98","Spain"
"INV106003","C00315","2026-03-12 23:44:00","7","107.26","Portugal"
"INV106004","C00119","2025-01-03 09:27:00","2","139.63","EIRE"
"INV106005","C00473","2025-08-05 18:56:00","9","7.15","Netherlands"
"INV106006","C00377","2025-03-22 12:26:00","8","38.92","United Kingdom"
"INV106007","C00074","2025-10-07 11:24:00","9","110.18","Germany"
"INV106008","C00450","2025-02-18 03:38:00","3","6.25","Portugal"
"INV106009","C00144","2025-01-28 16:51:00","1","104.94","EIRE"
"INV106010","C00237","2025-01-17 04:28:00","3","119.72","France"
"INV106011","C00451","2025-08-11 04:09:00","6","185.01","France"
"INV106012","C00277","2025-04-03 11:59:00","7","112.36","EIRE"
"INV106013","C00203","2025-07-27 07:18:00","1","122.18","Italy"
"INV106014","C00287","2025-09-05 03:23:00","7","150.44","Italy"
"INV106015","C00443","2025-08-23 05:17:00","3","22.14","Belgium"
"INV106016","C00096","2025-10-24 20:04:00","1","117.5","United Kingdom"
"INV106017","C00331","2025-05-13 14:44:00","6","87.21","France"
"INV106018","C00480","2025-06-21 01:45:00","1","76.05","Portugal"
"INV106019","C00407","2025-09-11 09:08:00","6","67.02","Netherlands"
"INV106020","C00476","2025-10-29 05:44:00","6","101.9","Belgium"
"INV106021","C00360","2025-05-27 02:24:00","5","194.34","Netherlands"
"INV106022","C00423","2026-01-16 18:36:00","4","146.02","Belgium"
"INV106023","C00136","2025-06-15 10:02:00","5","51.49","United Kingdom"
"INV106024","C00281","2025-05-28 15:54:00","2","184.06","United Kingdom"
"INV106025","C00182","2025-03-16 17:23:00","8","72.47","United Kingdom"
"INV106026","C00454","2025-07-04 13:13:00","9","106.36","Belgium"
"INV106027","C00275","2025-07-03 03:32:00","5","156.67","EIRE"
"INV106028","C00127","2025-03-08 02:36:00","9","94.62","Netherlands"
"INV106029","C00071","2025-03-15 17:42:00","8","98.31","Portugal"
"INV106030","C00015","2026-01-07 18:42:00","7","42.52","United Kingdom"
"INV106031","C00167","2025-02-17 23:42:00","3","66.61","Belgium"
"INV106032","C00301","2025-11-29 10:48:00","5","100.15","United Kingdom"
"INV106033","C00337","2025-01-04 11:46:00","1","26.59","EIRE"
"INV106034","C00335","2025-11-11 08:59:00","9","28.45","Germany"
"INV106035","C00403","2025-08-11 20:36:00","9","151.9","Netherlands"
"INV106036","C00269","2025-10-27 17:09:00","2","58.55","Portugal"
"INV106037","C00178","2025-10-13 20:04:00","5","92.86","Italy"
"INV106038","C00214","2025-02-19 18:55:00","2","148.4","United Kingdom"
"INV106039","C00402","2025-11-23 02:18:00","3","199.07","Germany"
"INV106040","C00183","2025-04-26 07:40:00","2","129","EIRE"
"INV106041","C00349","2025-09-06 16:05:00","8","34.7","Belgium"
"INV106042","C00460","2025-06-13 21:17:00","1","195.46","United Kingdom"
"INV106043","C00117","2025-12-05 03:25:00","4","40.4","EIRE"
"INV106044","C00401","2026-02-07 05:55:00","6","57.38","Italy"
"INV106045","C00499","2025-08-12 18:59:00","4","178.66","France"
"INV106046","C00180","2025-05-21 02:37:00","1","100.96","Italy"
"INV106047","C00043","2025-01-31 14:22:00","3","70.25","Netherlands"
"INV106048","C00152","2025-02-15 11:19:00","2","113.07","Germany"
"INV106049","C00290","2025-12-08 16:08:00","9","154.44","France"
"INV106050","C00081","2025-06-29 22:51:00","4","194.93","Netherlands"
"INV106051","C00267","2025-05-03 21:22:00","2","151.83","Belgium"
"INV106052","C00275","2025-04-09 18:36:00","9","43.27","EIRE"
"INV106053","C00117","2025-07-30 15:16:00","6","197.15","EIRE"
"INV106054","C00333","2025-09-17 19:07:00","5","115.58","Belgium"
"INV106055","C00451","2025-03-26 18:27:00","8","117.65","EIRE"
"INV106056","C00489","2025-03-02 01:13:00","3","58.22","Germany"
"INV106057","C00005","2025-02-20 07:03:00","6","36.5","EIRE"
"INV106058","C00419","2026-01-20 17:02:00","8","135.37","Portugal"
"INV106059","C00417","2025-05-29 23:45:00","3","149.21","Germany"
"INV106060","C00457","2025-09-08 06:57:00","7","14.1","France"
"INV106061","C00279","2025-06-21 05:48:00","3","71.43","Portugal"
"INV106062","C00398","2025-06-24 03:33:00","3","186.68","EIRE"
"INV106063","C00136","2025-03-14 06:12:00","9","44.74","Portugal"
"INV106064","C00224","2025-04-30 12:02:00","7","40.33","Italy"
"INV106065","C00247","2025-10-27 04:17:00","6","13.21","Belgium"
"INV106066","C00451","2025-09-01 09:34:00","8","169.66","Portugal"
"INV106067","C00207","2025-04-25 21:13:00","3","16.81","Portugal"
"INV106068","C00225","2025-12-09 11:14:00","7","67.55","France"
"INV106069","C00162","2025-09-15 04:14:00","3","45.05","Italy"
"INV106070","C00291","2025-09-27 20:13:00","1","90.16","Spain"
"INV106071","C00200","2025-01-09 23:51:00","7","49.43","France"
"INV106072","C00379","2025-07-28 02:46:00","3","103.8","Spain"
"INV106073","C00366","2025-08-08 05:18:00","5","78.7","EIRE"
"INV106074","C00375","2025-09-01 12:09:00","3","143.74","Portugal"
"INV106075","C00133","2025-01-17 23:26:00","4","159.64","Spain"
"INV106076","C00230","2025-03-20 19:32:00","3","25.82","Portugal"
"INV106077","C00090","2025-04-28 15:34:00","8","34.9","United Kingdom"
"INV106078","C00335","2025-07-27 12:16:00","1","170.72","Spain"
"INV106079","C00346","2025-04-28 21:23:00","6","7.29","Belgium"
"INV106080","C00045","2025-06-09 18:31:00","3","120.01","Italy"
"INV106081","C00256","2026-03-06 13:53:00","8","96.72","EIRE"
"INV106082","C00220","2026-01-03 14:42:00","1","178.25","Netherlands"
"INV106083","C00413","2025-04-04 03:41:00","5","196.66","Netherlands"
"INV106084","C00401","2025-12-27 02:32:00","9","96.02","Portugal"
"INV106085","C00153","2026-02-24 12:46:00","2","2.89","Portugal"
"INV106086","C00151","2025-10-21 11:20:00","3","48.6","United Kingdom"
"INV106087","C00193","2025-06-25 01:16:00","8","42.66","Germany"
"INV106088","C00183","2025-03-17 13:21:00","4","133.57","Portugal"
"INV106089","C00493","2026-02-24 19:06:00","4","105.38","Netherlands"
"INV106090","C00177","2026-01-16 07:01:00","6","123.49","Portugal"
"INV106091","C00215","2025-07-23 09:54:00","4","164.08","Italy"
"INV106092","C00078","2025-12-29 17:28:00","4","146.99","France"
"INV106093","C00334","2025-07-10 18:04:00","3","21.97","United Kingdom"
"INV106094","C00232","2025-12-11 16:31:00","2","188.59","Netherlands"
"CINV106095","C00184","2025-04-14 20:32:00","6","128.28","Germany"
"INV106096","C00141","2025-07-30 07:50:00","6","43.73","Belgium"
"INV106097","C00386","2025-06-13 16:02:00","5","156.74","Spain"
"INV106098","C00449","2025-12-27 05:40:00","2","167.71","Italy"
"INV106099","C00492","2025-12-05 01:48:00","7","133.66","France"
"INV106100","C00108","2025-11-11 09:59:00","5","179.73","EIRE"
"INV106101","C00082","2025-10-19 11:32:00","8","22.59","EIRE"
"INV106102","C00078","2025-03-12 20:28:00","2","144.22","France"
"INV106103","C00369","2026-01-22 04:23:00","8","120.85","Portugal"
"INV106104","C00138","2025-03-18 12:21:00","7","161.8","United Kingdom"
"CINV106105","C00098","2025-04-05 21:20:00","3","127","Netherlands"
"INV106106","C00057","2025-01-31 06:53:00","9","181.4","Germany"
"INV106107","C00411","2025-08-24 02:48:00","8","98.93","United Kingdom"
"INV106108","C00480","2025-07-25 10:18:00","8","3.89","Italy"
"INV106109","C00289","2026-03-17 23:17:00","9","93.22","Spain"
"INV106110","C00189","2025-09-15 04:11:00","9","53.77","Germany"
"INV106111","C00287","2026-03-16 08:22:00","8","77.96","United Kingdom"
"INV106112","C00451","2025-02-18 02:24:00","6","195.92","France"
"INV106113","C00128","2026-02-25 10:30:00","8","198.52","Portugal"
"INV106114","C00178","2026-01-24 01:11:00","3","91.82","Spain"
"INV106115","C00256","2025-01-18 05:18:00","1","56.76","EIRE"
"INV106116","C00369","2025-08-07 10:06:00","3","15.58","Portugal"
"INV106117","C00320","2025-10-12 17:56:00","7","46.99","France"
"INV106118","C00224","2025-03-12 06:34:00","3","50.99","Portugal"
"INV106119","C00044","2025-01-16 09:22:00","3","148.38","Netherlands"
"INV106120","C00403","2025-12-17 13:29:00","9","129.51","United Kingdom"
"INV106121","C00227","2026-01-13 09:18:00","9","160.41","EIRE"
"INV106122","C00236","2025-06-14 03:42:00","8","114.74","Portugal"
"INV106123","C00365","2025-08-25 00:07:00","9","146.94","Portugal"
"INV106124","C00392","2025-02-02 19:04:00","9","38.87","Italy"
"INV106125","C00186","2025-08-07 20:32:00","8","33.59","Belgium"
"INV106126","C00073","2025-12-03 00:36:00","4","87.6","Belgium"
"INV106127","C00045","2025-05-09 07:24:00","5","186.76","EIRE"
"INV106128","C00219","2025-12-22 08:40:00","6","16.53","Belgium"
"INV106129","C00340","2026-03-18 09:16:00","8","38.44","United Kingdom"
"INV106130","C00263","2025-03-20 16:29:00","2","168.39","Spain"
"INV106131","C00167","2026-02-02 19:14:00","6","64.07","France"
"INV106132","C00162","2025-08-13 08:27:00","1","196.13","France"
"CINV106133","C00416","2025-10-14 02:50:00","7","67.75","Italy"
"INV106134","C00273","2025-06-27 02:05:00","3","79.01","Belgium"
"INV106135","C00206","2026-03-30 23:41:00","5","108.5","Spain"
"INV106136","C00150","2025-04-26 08:38:00","5","141.59","Germany"
"INV106137","C00073","2025-01-22 14:52:00","7","54.52","Spain"
"INV106138","C00271","2026-02-06 21:27:00","2","43.77","Spain"
"INV106139","C00385","2026-01-19 06:46:00","5","107.18","United Kingdom"
"INV106140","C00070","2025-11-05 02:32:00","6","157.89","France"
"INV106141","C00456","2025-02-09 01:42:00","5","28.53","Germany"
"INV106142","C00276","2026-03-18 08:33:00","8","165.18","Portugal"
"INV106143","C00248","2025-06-07 11:41:00","8","133.58","Spain"
"CINV106144","C00336","2025-11-22 00:45:00","4","33.98","Netherlands"
"INV106145","C00311","2025-05-01 21:31:00","5","99.28","Spain"
"INV106146","C00361","2025-09-16 08:29:00","9","92.48","Germany"
"INV106147","C00021","2025-06-11 08:17:00","4","58.02","Belgium"
"INV106148","C00010","2025-11-24 15:08:00","8","21.23","EIRE"
"INV106149","C00204","2025-04-16 00:33:00","5","133.29","Spain"
"INV106150","C00445","2025-02-15 15:36:00","9","51.48","Spain"
"CINV106151","C00498","2025-12-30 01:00:00","9","23.4","Belgium"
"INV106152","C00015","2025-02-20 07:04:00","4","126.82","Spain"
"INV106153","C00225","2025-04-19 15:17:00","4","170.61","Belgium"
"INV106154","C00046","2025-01-10 00:49:00","3","157.87","EIRE"
"INV106155","C00088","2025-02-06 20:31:00","1","104.66","Germany"
"INV106156","C00199","2025-04-26 20:12:00","9","112.3","United Kingdom"
"INV106157","C00363","2025-03-01 02:08:00","8","24.12","Belgium"
"INV106158","C00194","2025-07-24 02:36:00","5","99.52","Netherlands"
"INV106159","C00034","2025-05-06 20:24:00","6","62.02","Portugal"
"INV106160","C00346","2026-01-31 04:13:00","1","33.91","United Kingdom"
"INV106161","C00383","2025-02-01 06:07:00","2","188.1","Spain"
"INV106162","C00148","2026-02-21 20:55:00","8","24.27","United Kingdom"
"INV106163","C00433","2025-11-22 07:42:00","7","143.97","Spain"
"INV106164","C00358","2025-01-06 21:38:00","2","142.26","Portugal"
"INV106165","C00091","2025-05-06 23:37:00","3","165","Netherlands"
"INV106166","C00415","2025-12-08 02:12:00","2","102.08","Spain"
"INV106167","C00414","2025-05-27 04:03:00","1","127.42","EIRE"
"INV106168","C00471","2026-02-07 12:36:00","6","128.72","United Kingdom"
"INV106169","C00465","2025-06-09 05:04:00","7","39.08","Belgium"
"INV106170","C00336","2025-05-03 03:49:00","8","29.34","Spain"
"INV106171","C00411","2025-03-21 04:55:00","2","183.32","EIRE"
"INV106172","C00041","2025-06-07 11:08:00","3","81.92","Italy"
"INV106173","C00416","2025-07-13 06:06:00","6","185.31","Portugal"
"INV106174","C00214","2025-11-10 23:38:00","8","5.13","Netherlands"
"CINV106175","C00153","2025-10-29 00:47:00","2","85.1","Netherlands"
"INV106176","C00427","2025-10-15 03:02:00","4","88.41","United Kingdom"
"INV106177","C00292","2025-06-24 09:06:00","7","106.1","United Kingdom"
"INV106178","C00500","2025-12-28 17:58:00","2","159.92","EIRE"
"INV106179","C00495","2025-06-28 08:37:00","3","135.99","Belgium"
"INV106180","C00371","2025-02-15 11:20:00","8","80.98","Portugal"
"INV106181","C00210","2026-01-04 15:52:00","6","121.56","Germany"
"INV106182","C00452","2025-08-26 04:20:00","5","6.2","Germany"
"INV106183","C00099","2025-02-07 10:26:00","8","124.13","Germany"
"INV106184","C00320","2025-11-23 10:45:00","1","91.38","Netherlands"
"INV106185","C00459","2025-06-08 15:03:00","1","193.73","Portugal"
"CINV106186","C00185","2025-04-24 05:06:00","6","73.98","EIRE"
"INV106187","C00263","2025-08-10 03:42:00","5","38.46","Portugal"
"INV106188","C00022","2025-06-09 08:53:00","5","97.9","France"
"INV106189","C00062","2025-07-07 07:15:00","5","85.15","France"
"INV106190","C00213","2025-10-20 07:42:00","2","14.97","Spain"
"INV106191","C00405","2025-01-06 15:47:00","6","51.38","Spain"
"INV106192","C00329","2026-03-18 19:15:00","5","126.61","Belgium"
"INV106193","C00409","2025-09-29 06:40:00","7","111.69","EIRE"
"INV106194","C00359","2026-02-07 16:02:00","6","151.04","France"
"INV106195","C00396","2025-10-04 22:37:00","7","82.28","Belgium"
"INV106196","C00318","2025-11-24 09:41:00","6","20.39","United Kingdom"
"INV106197","C00344","2025-07-24 05:36:00","3","112.26","Spain"
"INV106198","C00401","2025-07-03 14:41:00","7","172.61","Germany"
"INV106199","C00115","2025-12-07 23:06:00","7","192.27","Belgium"
"INV106200","C00422","2025-04-29 23:28:00","3","89.04","Netherlands"
"INV106201","C00009","2025-07-17 14:48:00","3","184.35","United Kingdom"
"INV106202","C00002","2025-12-17 12:13:00","8","47.52","Spain"
"INV106203","C00009","2025-03-19 10:56:00","7","151.8","EIRE"
"INV106204","C00336","2025-10-11 07:01:00","6","102.52","Portugal"
"INV106205","C00218","2025-03-26 03:21:00","2","97.55","Italy"
"INV106206","C00390","2025-02-10 10:04:00","6","195.5","Germany"
"INV106207","C00041","2025-06-28 12:01:00","9","17.39","Spain"
"INV106208","C00160","2025-08-21 02:13:00","9","4.74","Belgium"
"INV106209","C00065","2025-05-13 07:25:00","4","39.54","Italy"
"INV106210","C00437","2025-12-26 18:34:00","3","48.72","France"
"INV106211","C00382","2025-01-18 00:51:00","4","24.03","United Kingdom"
"CINV106212","C00252","2025-03-19 18:32:00","4","108.44","Belgium"
"INV106213","C00117","2025-09-21 12:48:00","9","169.95","Germany"
"INV106214","C00467","2025-09-29 07:25:00","7","167.66","France"
"INV106215","C00224","2026-03-13 20:00:00","5","77.32","Belgium"
"INV106216","C00116","2025-01-25 20:18:00","6","9.51","Netherlands"
"INV106217","C00040","2025-01-01 00:08:00","7","140.53","Italy"
"INV106218","C00027","2025-05-12 05:53:00","2","180.5","United Kingdom"
"INV106219","C00311","2025-07-28 00:23:00","7","3.18","France"
"INV106220","C00033","2025-04-03 17:25:00","9","3.26","United Kingdom"
"INV106221","C00388","2025-03-24 17:38:00","6","38.53","Netherlands"
"INV106222","C00230","2025-02-01 15:21:00","9","26.08","Italy"
"INV106223","C00331","2026-01-02 09:09:00","1","81.68","Belgium"
"INV106224","C00403","2025-06-06 16:18:00","6","89.66","Portugal"
"INV106225","C00272","2026-02-22 12:13:00","9","56.27","Belgium"
"INV106226","C00248","2025-01-30 19:52:00","5","36.53","France"
"INV106227","C00436","2025-07-27 09:17:00","7","176.29","Netherlands"
"INV106228","C00101","2025-01-02 13:53:00","6","118.4","Germany"
"INV106229","C00179","2025-07-10 04:35:00","7","198.61","France"
"INV106230","C00128","2025-07-26 08:34:00","6","44.07","Italy"
"INV106231","C00145","2025-07-10 20:26:00","3","124.76","France"
"INV106232","C00477","2025-10-30 19:06:00","3","50.62","Germany"
"INV106233","C00194","2025-08-27 02:41:00","1","9.33","Portugal"
"INV106234","C00346","2026-02-12 22:28:00","2","54.09","Germany"
"INV106235","C00056","2025-11-08 02:54:00","7","79.4","Netherlands"
"INV106236","C00280","2025-08-31 10:36:00","3","128.8","Germany"
"INV106237","C00086","2025-05-13 03:10:00","4","12.6","Netherlands"
"INV106238","C00155","2025-07-20 05:52:00","8","62.82","Portugal"
"INV106239","C00017","2025-03-26 00:43:00","5","49.77","Belgium"
"INV106240","C00360","2025-10-21 21:44:00","5","95.77","EIRE"
"INV106241","C00081","2026-03-01 04:00:00","1","132.53","Portugal"
"INV106242","C00022","2025-03-01 08:51:00","4","171.66","Germany"
"INV106243","C00173","2025-08-17 01:40:00","5","40.85","United Kingdom"
"INV106244","C00088","2025-02-19 12:09:00","3","4.9","Portugal"
"INV106245","C00207","2025-05-10 23:05:00","4","96.59","EIRE"
"INV106246","C00039","2025-05-02 22:34:00","5","174.39","Spain"
"INV106247","C00126","2025-04-11 21:15:00","1","80.65","United Kingdom"
"INV106248","C00482","2025-12-13 02:00:00","5","94.43","United Kingdom"
"INV106249","C00313","2026-02-20 09:03:00","1","88.57","United Kingdom"
"INV106250","C00371","2026-01-08 23:45:00","2","173.85","EIRE"
"INV106251","C00128","2025-09-10 17:14:00","2","146.54","France"
"INV106252","C00378","2025-01-01 18:00:00","7","54.84","Belgium"
"INV106253","C00197","2025-04-18 04:28:00","6","142.87","France"
"INV106254","C00273","2026-03-06 16:27:00","4","155.43","Spain"
"INV106255","C00381","2025-01-15 06:19:00","6","167.97","Germany"
"INV106256","C00043","2026-01-12 00:43:00","1","24.22","Spain"
"INV106257","C00317","2025-07-30 10:16:00","9","113.78","Belgium"
"INV106258","C00050","2025-12-24 15:35:00","3","53.75","Portugal"
"INV106259","C00060","2025-09-27 17:37:00","8","177.17","Portugal"
"INV106260","C00431","2025-06-02 12:47:00","6","176.95","Portugal"
"INV106261","C00121","2025-04-12 23:14:00","1","131.5","Portugal"
"INV106262","C00421","2026-01-19 21:10:00","7","103.99","Belgium"
"INV106263","C00231","2026-02-23 10:41:00","2","92.27","Germany"
"INV106264","C00058","2025-02-03 01:39:00","5","118.78","United Kingdom"
"CINV106265","C00340","2025-10-13 08:10:00","8","19.47","Italy"
"INV106266","C00167","2025-07-12 02:04:00","5","38.29","Portugal"
"INV106267","C00110","2025-01-08 15:01:00","5","54.08","Italy"
"CINV106268","C00078","2025-11-23 12:09:00","2","188.91","France"
"INV106269","C00408","2025-03-17 19:42:00","5","164.09","Netherlands"
"INV106270","C00052","2026-02-27 18:28:00","5","80.16","Spain"
"CINV106271","C00012","2025-08-19 11:05:00","8","25.66","Italy"
"INV106272","C00434","2025-12-27 07:20:00","9","102.48","Belgium"
"INV106273","C00080","2025-11-09 02:30:00","1","26.52","Germany"
"INV106274","C00203","2025-12-09 05:48:00","5","142.81","France"
"INV106275","C00231","2026-03-10 02:35:00","9","126.36","Spain"
"INV106276","C00103","2026-02-19 05:49:00","3","103.69","France"
"INV106277","C00061","2025-04-30 11:45:00","2","176.96","Italy"
"INV106278","C00339","2025-09-22 02:13:00","2","36.81","Spain"
"INV106279","C00312","2025-07-17 11:51:00","7","129.03","Belgium"
"INV106280","C00453","2026-03-03 15:31:00","6","36.63","Italy"
"INV106281","C00295","2026-01-17 11:58:00","8","102.67","EIRE"
"INV106282","C00213","2025-06-18 22:50:00","7","82.33","Germany"
"INV106283","C00176","2025-04-01 20:26:00","4","1.87","Netherlands"
"INV106284","C00498","2025-11-02 14:36:00","3","21.09","Portugal"
"INV106285","C00317","2025-09-16 15:26:00","9","164.83","Belgium"
"INV106286","C00224","2025-10-23 13:42:00","6","98.4","Netherlands"
"INV106287","C00032","2026-01-16 11:15:00","1","7.18","United Kingdom"
"INV106288","C00243","2025-07-11 16:08:00","7","159.77","Portugal"
"INV106289","C00022","2025-12-09 01:59:00","1","119.73","France"
"INV106290","C00058","2026-02-17 14:36:00","9","109.53","Spain"
"INV106291","C00262","2025-02-18 03:25:00","3","154.08","Germany"
"INV106292","C00472","2025-10-20 15:03:00","1","72.47","Belgium"
"INV106293","C00102","2025-07-08 12:40:00","9","88.85","Portugal"
"INV106294","C00035","2025-07-05 11:37:00","7","95.77","Spain"
"INV106295","C00421","2025-05-26 09:58:00","2","190.16","United Kingdom"
"INV106296","C00400","2026-02-22 04:27:00","2","169.19","EIRE"
"INV106297","C00025","2025-12-15 02:11:00","7","62.29","Netherlands"
"INV106298","C00296","2025-07-20 21:52:00","8","104.31","Germany"
"INV106299","C00459","2026-03-14 08:19:00","1","71.35","Spain"
"INV106300","C00297","2025-12-19 02:53:00","2","18.21","Germany"
"INV106301","C00368","2025-06-11 16:49:00","9","78.17","Netherlands"
"INV106302","C00241","2025-06-17 07:18:00","3","8.18","Netherlands"
"INV106303","C00036","2026-01-27 15:41:00","2","190.37","Netherlands"
"INV106304","C00036","2025-08-13 07:29:00","8","62.3","United Kingdom"
"INV106305","C00037","2025-01-28 06:14:00","3","100.45","Spain"
"INV106306","C00274","2026-01-08 03:25:00","9","2.73","United Kingdom"
"INV106307","C00008","2025-05-30 03:30:00","8","94.8","Belgium"
"CINV106308","C00308","2025-04-30 20:46:00","6","71.32","Netherlands"
"INV106309","C00377","2025-08-30 20:28:00","5","43.27","EIRE"
"INV106310","C00436","2025-04-29 02:22:00","4","183.93","Netherlands"
"INV106311","C00462","2025-07-09 05:48:00","9","117.23","France"
"INV106312","C00366","2026-03-20 02:02:00","5","13.19","United Kingdom"
"INV106313","C00217","2025-09-05 13:50:00","1","157.7","Italy"
"INV106314","C00168","2025-02-22 10:37:00","3","8.28","United Kingdom"
"INV106315","C00246","2025-08-31 03:17:00","6","96.23","EIRE"
"INV106316","C00302","2025-02-28 01:03:00","2","57.37","France"
"INV106317","C00479","2025-03-07 15:51:00","8","38.29","Belgium"
"INV106318","C00180","2025-09-23 00:47:00","9","170.49","Netherlands"
"INV106319","C00005","2026-03-03 06:56:00","2","22.23","United Kingdom"
"INV106320","C00343","2025-04-12 00:09:00","8","1.74","Belgium"
"INV106321","C00015","2025-11-15 17:48:00","1","162.47","Italy"
"CINV106322","C00417","2025-11-02 00:35:00","3","104.42","Germany"
"INV106323","C00482","2025-12-13 10:27:00","4","106.61","Germany"
"INV106324","C00253","2025-11-29 21:16:00","7","129.36","Netherlands"
"INV106325","C00318","2025-05-20 07:07:00","1","13.21","Spain"
"INV106326","C00301","2026-02-27 12:31:00","8","74.71","France"
"INV106327","C00256","2025-03-18 16:48:00","8","79.69","Belgium"
"INV106328","C00199","2025-03-11 13:14:00","9","135.31","Netherlands"
"INV106329","C00324","2025-07-17 03:41:00","9","160.77","France"
"INV106330","C00248","2025-03-29 00:28:00","1","92.26","Italy"
"INV106331","C00072","2025-12-04 15:57:00","5","114.37","Germany"
"INV106332","C00419","2025-09-04 11:39:00","8","57.81","United Kingdom"
"INV106333","C00356","2025-08-23 11:09:00","2","96.65","Spain"
"INV106334","C00376","2025-11-16 14:32:00","9","76.82","Portugal"
"INV106335","C00141","2026-01-19 14:44:00","7","92.35","Netherlands"
"INV106336","C00178","2025-10-25 09:37:00","2","98.32","France"
"INV106337","C00393","2026-03-15 23:42:00","6","115.23","Spain"
"INV106338","C00032","2025-12-16 03:03:00","4","115.52","EIRE"
"INV106339","C00173","2025-10-04 11:53:00","1","68.85","United Kingdom"
"INV106340","C00024","2026-02-05 14:27:00","7","135.33","Belgium"
"INV106341","C00301","2026-02-28 01:30:00","6","164.93","France"
"INV106342","C00349","2025-09-15 02:39:00","2","26.86","Spain"
"INV106343","C00193","2026-02-01 08:45:00","7","196.64","Belgium"
"INV106344","C00050","2025-12-30 02:13:00","2","150.47","United Kingdom"
"INV106345","C00215","2025-10-19 04:47:00","1","104.53","Italy"
"INV106346","C00050","2025-09-03 08:04:00","3","177.11","United Kingdom"
"INV106347","C00315","2025-09-30 18:46:00","9","103.16","Belgium"
"INV106348","C00304","2026-03-19 01:02:00","4","126.28","Germany"
"INV106349","C00406","2025-05-12 02:31:00","3","138.34","Netherlands"
"INV106350","C00360","2025-03-19 04:26:00","5","119.33","EIRE"
"INV106351","C00453","2025-08-14 21:43:00","5","9.1","Germany"
"INV106352","C00297","2026-03-02 06:07:00","5","20.87","Portugal"
"INV106353","C00043","2025-01-18 18:26:00","1","28.56","Germany"
"INV106354","C00490","2026-01-14 19:12:00","6","91.27","United Kingdom"
"INV106355","C00204","2025-11-03 04:24:00","5","21.07","Netherlands"
"INV106356","C00256","2025-08-21 13:49:00","6","194.4","Italy"
"INV106357","C00134","2025-05-17 04:05:00","2","175.48","Portugal"
"CINV106358","C00492","2025-08-04 17:33:00","4","52.21","United Kingdom"
"INV106359","C00429","2025-10-04 20:57:00","1","70.53","Netherlands"
"INV106360","C00447","2025-02-23 03:13:00","4","53.74","Belgium"
"INV106361","C00276","2025-08-15 05:35:00","5","172.42","France"
"INV106362","C00410","2025-07-30 08:55:00","1","194.15","Italy"
"INV106363","C00411","2025-08-05 16:20:00","5","36.09","United Kingdom"
"INV106364","C00297","2025-01-23 06:23:00","9","148.41","United Kingdom"
"INV106365","C00430","2025-03-16 06:35:00","6","149.12","Italy"
"INV106366","C00136","2025-10-22 03:32:00","4","184.18","Italy"
"INV106367","C00202","2025-10-02 13:08:00","4","15.13","Portugal"
"INV106368","C00453","2025-11-17 00:24:00","6","195.46","Portugal"
"INV106369","C00222","2025-02-08 07:51:00","9","138.14","United Kingdom"
"INV106370","C00239","2025-06-24 17:09:00","6","110.84","Spain"
"INV106371","C00017","2026-01-07 20:33:00","6","134.05","Portugal"
"INV106372","C00213","2025-11-18 06:58:00","4","83.06","Spain"
"INV106373","C00153","2025-01-17 09:06:00","4","112.24","EIRE"
"INV106374","C00103","2025-05-30 19:04:00","6","79.06","EIRE"
"INV106375","C00033","2025-10-30 03:33:00","6","175.08","Portugal"
"INV106376","C00468","2025-01-08 21:16:00","7","99.42","Italy"
"INV106377","C00291","2026-03-06 08:22:00","3","4","Italy"
"CINV106378","C00326","2025-06-21 01:46:00","3","154.52","Netherlands"
"INV106379","C00209","2025-07-31 08:23:00","3","94.82","Belgium"
"INV106380","C00031","2025-09-01 11:13:00","3","101","EIRE"
"INV106381","C00272","2025-07-25 10:16:00","3","67.64","Italy"
"INV106382","C00436","2026-01-14 20:19:00","1","156.67","EIRE"
"INV106383","C00298","2025-12-05 00:51:00","8","168.4","United Kingdom"
"INV106384","C00470","2025-11-04 12:23:00","9","162.06","Belgium"
"INV106385","C00118","2025-12-19 12:00:00","4","16.66","Italy"
"INV106386","C00284","2025-01-29 07:35:00","9","93.22","EIRE"
"INV106387","C00149","2025-10-18 09:29:00","2","153.55","Italy"
"INV106388","C00003","2025-04-10 21:19:00","8","172.47","France"
"INV106389","C00135","2025-08-08 19:18:00","5","158.19","Italy"
"INV106390","C00025","2025-09-21 13:00:00","2","116.52","Portugal"
"INV106391","C00190","2025-07-11 12:03:00","4","81.35","France"
"INV106392","C00313","2025-07-08 02:39:00","1","85.18","Portugal"
"INV106393","C00184","2025-12-04 17:40:00","4","49.09","United Kingdom"
"INV106394","C00013","2026-02-16 12:09:00","9","88.05","Belgium"
"INV106395","C00030","2025-05-24 16:58:00","8","119.39","Netherlands"
"INV106396","C00084","2025-10-03 19:58:00","9","74.89","Spain"
"INV106397","C00491","2025-03-22 14:35:00","9","96.71","Belgium"
"INV106398","C00136","2025-10-01 03:44:00","3","82.09","Germany"
"INV106399","C00477","2025-05-10 15:08:00","2","139.15","Italy"
"INV106400","C00306","2025-06-21 16:01:00","8","159.2","France"
"INV106401","C00028","2025-07-20 10:35:00","4","142.28","Spain"
"INV106402","C00189","2026-03-05 23:22:00","6","72.67","Italy"
"INV106403","C00214","2025-03-14 06:54:00","9","185.41","Netherlands"
"INV106404","C00052","2026-02-01 09:49:00","4","17.95","United Kingdom"
"INV106405","C00336","2025-06-29 23:35:00","7","3.39","Germany"
"INV106406","C00201","2025-11-23 03:55:00","5","29.56","Germany"
"INV106407","C00013","2025-01-05 18:46:00","9","31.87","United Kingdom"
"INV106408","C00377","2025-07-23 17:58:00","6","181.61","Netherlands"
"INV106409","C00143","2026-03-20 20:43:00","3","175.12","Germany"
"INV106410","C00148","2025-09-27 02:26:00","6","155.89","Italy"
"INV106411","C00487","2025-10-28 13:36:00","2","59.42","Spain"
"INV106412","C00081","2025-08-19 02:19:00","9","180.6","Netherlands"
"INV106413","C00255","2025-05-21 01:25:00","4","17.79","Spain"
"INV106414","C00500","2025-03-10 07:53:00","2","170.55","United Kingdom"
"INV106415","C00204","2026-01-20 20:22:00","5","158.65","Portugal"
"INV106416","C00312","2026-01-30 14:19:00","3","22.19","Belgium"
"INV106417","C00214","2025-04-21 07:26:00","6","15.7","Italy"
"INV106418","C00090","2025-06-27 20:31:00","7","153.08","Spain"
"INV106419","C00285","2025-01-04 01:19:00","4","187.83","EIRE"
"INV106420","C00249","2025-04-29 15:25:00","2","24.95","Italy"
"INV106421","C00169","2025-06-15 04:26:00","3","173.07","Italy"
"INV106422","C00411","2025-03-29 23:23:00","7","4.29","EIRE"
"INV106423","C00261","2025-12-12 18:27:00","7","4.72","Belgium"
"INV106424","C00472","2025-11-26 16:29:00","8","134.37","Spain"
"INV106425","C00200","2025-10-25 12:52:00","5","155.55","United Kingdom"
"INV106426","C00243","2026-02-16 09:13:00","7","136.04","Spain"
"INV106427","C00461","2026-02-07 23:29:00","3","112.39","Germany"
"INV106428","C00348","2026-03-12 20:23:00","5","37.01","Italy"
"INV106429","C00151","2025-10-14 17:01:00","7","60.21","France"
"INV106430","C00410","2025-03-14 03:30:00","9","155.2","Netherlands"
"CINV106431","C00038","2025-09-08 13:04:00","8","120.84","France"
"INV106432","C00470","2025-04-06 21:49:00","2","93.45","Belgium"
"INV106433","C00100","2025-03-02 22:29:00","4","45.92","United Kingdom"
"INV106434","C00162","2025-08-25 02:57:00","3","125.96","United Kingdom"
"INV106435","C00493","2025-01-02 10:09:00","8","116.57","Belgium"
"INV106436","C00445","2025-02-11 21:16:00","2","21.74","Germany"
"INV106437","C00121","2025-05-03 08:37:00","5","139.7","Italy"
"INV106438","C00229","2025-05-13 16:19:00","2","109.32","Germany"
"INV106439","C00211","2025-02-05 22:08:00","6","100.54","Netherlands"
"INV106440","C00195","2025-12-14 20:32:00","8","189.8","Portugal"
"INV106441","C00488","2025-09-15 03:19:00","6","25.83","EIRE"
"INV106442","C00476","2025-05-12 07:43:00","5","102.01","Italy"
"INV106443","C00030","2025-08-17 14:52:00","1","176.35","Portugal"
"INV106444","C00128","2025-02-25 11:58:00","2","4.1","United Kingdom"
"INV106445","C00229","2025-03-17 09:41:00","2","14.26","Netherlands"
"INV106446","C00098","2025-03-17 03:07:00","5","126.33","France"
"INV106447","C00435","2025-01-20 16:05:00","8","60.65","Netherlands"
"INV106448","C00017","2025-07-30 03:41:00","2","46.44","Italy"
"INV106449","C00223","2025-06-07 11:08:00","9","126.7","Netherlands"
"INV106450","C00287","2025-01-24 08:22:00","3","160.64","Italy"
"INV106451","C00116","2025-02-22 10:55:00","2","66.2","Belgium"
"INV106452","C00125","2025-08-04 12:50:00","9","162.56","Belgium"
"INV106453","C00209","2025-09-22 04:05:00","7","62.46","Portugal"
"INV106454","C00484","2026-01-03 23:00:00","1","56.51","Belgium"
"INV106455","C00200","2025-07-11 13:22:00","6","77.9","United Kingdom"
"INV106456","C00123","2025-10-26 07:02:00","9","116.46","Italy"
"INV106457","C00163","2025-03-22 15:08:00","2","147.19","Portugal"
"INV106458","C00244","2025-04-01 22:06:00","7","177.51","Portugal"
"INV106459","C00087","2026-03-03 13:09:00","7","111.52","Spain"
"INV106460","C00159","2025-05-31 23:20:00","3","109.02","Belgium"
"INV106461","C00368","2025-06-09 16:27:00","4","73.06","France"
"INV106462","C00300","2026-01-30 14:28:00","9","50.88","Germany"
"INV106463","C00336","2026-02-03 07:15:00","9","45.12","United Kingdom"
"INV106464","C00298","2025-06-20 04:51:00","6","198.12","Portugal"
"INV106465","C00416","2026-03-19 07:13:00","4","93.31","France"
"INV106466","C00381","2025-07-13 02:55:00","4","58.39","Italy"
"INV106467","C00397","2025-03-17 02:15:00","9","145.51","France"
"INV106468","C00280","2025-01-27 09:08:00","2","93.86","EIRE"
"INV106469","C00098","2025-02-08 20:09:00","5","129.87","Italy"
"INV106470","C00248","2025-08-30 08:27:00","6","100.36","Portugal"
"INV106471","C00390","2026-03-17 17:53:00","3","74.85","France"
"INV106472","C00374","2025-09-13 14:27:00","2","185.56","France"
"INV106473","C00297","2025-02-06 13:43:00","4","135.54","Germany"
"INV106474","C00001","2025-12-13 12:28:00","4","4.99","Belgium"
"INV106475","C00459","2025-03-27 16:16:00","5","167.74","Germany"
"INV106476","C00174","2025-03-10 15:29:00","5","97.61","Belgium"
"INV106477","C00488","2025-04-18 16:06:00","1","101.32","Netherlands"
"INV106478","C00474","2025-06-03 22:21:00","8","156.98","France"
"INV106479","C00336","2025-12-09 04:36:00","5","141.2","Germany"
"INV106480","C00220","2025-01-30 12:40:00","2","65.56","Germany"
"INV106481","C00405","2025-12-01 17:45:00","9","138.73","Belgium"
"INV106482","C00059","2025-08-30 23:57:00","4","68.83","Netherlands"
"INV106483","C00462","2025-01-03 21:00:00","6","136.56","Netherlands"
"INV106484","C00401","2025-08-14 06:53:00","7","68.4","Spain"
"INV106485","C00248","2025-04-03 04:01:00","4","86.27","Italy"
"INV106486","C00130","2025-04-11 18:45:00","7","135.54","Spain"
"INV106487","C00056","2025-08-06 07:46:00","6","79.89","United Kingdom"
"INV106488","C00467","2025-08-03 20:36:00","8","190.93","EIRE"
"INV106489","C00418","2025-03-11 18:56:00","7","53.54","Spain"
"INV106490","C00326","2025-04-27 14:53:00","4","97.68","Belgium"
"INV106491","C00048","2025-01-25 12:29:00","1","2.23","Netherlands"
"INV106492","C00148","2026-02-20 17:52:00","3","169.1","Spain"
"INV106493","C00174","2025-07-10 21:04:00","7","168.85","EIRE"
"INV106494","C00491","2025-08-24 19:38:00","7","32.75","Germany"
"INV106495","C00148","2025-06-04 13:48:00","9","158.91","Spain"
"INV106496","C00326","2025-05-19 17:18:00","2","103.43","France"
"INV106497","C00378","2026-01-25 15:30:00","5","117.59","France"
"INV106498","C00111","2026-01-10 18:02:00","9","32.88","Portugal"
"INV106499","C00283","2025-09-09 04:26:00","7","41.75","Germany"
"INV106500","C00116","2026-03-18 22:29:00","9","189.97","United Kingdom"
"INV106501","C00354","2025-01-24 07:12:00","7","138.25","Portugal"
"CINV106502","C00454","2025-02-24 19:54:00","8","66.85","United Kingdom"
"CINV106503","C00130","2025-07-02 09:21:00","6","143.73","Belgium"
"INV106504","C00212","2025-01-11 22:02:00","4","46.21","Portugal"
"INV106505","C00239","2025-03-15 17:23:00","7","18.86","Belgium"
"INV106506","C00274","2025-03-23 04:00:00","3","36.06","Netherlands"
"INV106507","C00144","2025-03-07 12:12:00","5","170.13","Netherlands"
"INV106508","C00443","2025-04-24 10:26:00","9","84.36","EIRE"
"INV106509","C00402","2026-01-19 01:09:00","4","39.48","Belgium"
"INV106510","C00004","2025-07-10 04:48:00","5","47.93","United Kingdom"
"INV106511","C00395","2025-01-11 15:04:00","7","114.61","EIRE"
"INV106512","C00367","2026-01-18 05:21:00","3","182.32","Belgium"
"INV106513","C00080","2025-09-04 20:20:00","8","79.88","Netherlands"
"INV106514","C00331","2025-11-28 12:28:00","1","195.79","Germany"
"INV106515","C00098","2026-02-16 20:40:00","1","191.77","Portugal"
"INV106516","C00480","2025-10-11 17:31:00","8","120.55","United Kingdom"
"INV106517","C00132","2026-02-18 21:40:00","1","56.75","Netherlands"
"INV106518","C00140","2025-03-24 05:25:00","2","179.79","France"
"INV106519","C00385","2025-08-17 06:39:00","1","17.68","Portugal"
"INV106520","C00014","2026-01-10 20:13:00","5","10.03","Belgium"
"INV106521","C00338","2026-01-16 19:15:00","7","128.85","Belgium"
"INV106522","C00104","2025-08-26 15:31:00","4","179.58","EIRE"
"INV106523","C00132","2025-04-07 23:10:00","6","146.25","Germany"
"INV106524","C00331","2025-08-22 15:05:00","2","70.17","Portugal"
"INV106525","C00472","2025-12-11 04:34:00","8","77.28","Portugal"
"CINV106526","C00117","2025-12-01 06:08:00","4","110.38","France"
"INV106527","C00364","2026-03-10 07:22:00","6","68.68","Spain"
"INV106528","C00350","2025-05-09 05:58:00","4","139.66","EIRE"
"INV106529","C00493","2025-04-05 13:12:00","8","104.14","EIRE"
"INV106530","C00363","2025-08-17 12:42:00","6","98.12","EIRE"
"INV106531","C00325","2025-08-14 17:27:00","5","146.39","United Kingdom"
"INV106532","C00144","2025-05-07 01:54:00","1","111.28","Italy"
"INV106533","C00088","2025-03-08 12:45:00","8","176.46","United Kingdom"
"INV106534","C00297","2025-11-26 00:14:00","7","164.84","Italy"
"INV106535","C00428","2025-05-07 21:55:00","4","98.73","Netherlands"
"INV106536","C00116","2025-08-16 03:26:00","7","130.39","United Kingdom"
"INV106537","C00442","2025-07-23 11:45:00","9","101.99","Germany"
"INV106538","C00398","2025-01-15 14:56:00","8","109.86","France"
"INV106539","C00476","2025-06-26 19:39:00","9","45.2","Spain"
"INV106540","C00100","2025-04-28 23:32:00","3","160.34","France"
"INV106541","C00435","2025-07-30 12:22:00","8","55.43","EIRE"
"INV106542","C00024","2025-10-28 01:58:00","7","182.2","Spain"
"INV106543","C00334","2025-03-05 21:12:00","2","72.57","United Kingdom"
"INV106544","C00291","2025-06-20 08:30:00","3","44.17","Portugal"
"INV106545","C00167","2025-12-12 10:33:00","7","173.87","Portugal"
"INV106546","C00012","2025-07-28 18:19:00","1","99.99","Italy"
"INV106547","C00441","2025-06-26 19:41:00","6","71.66","Portugal"
"INV106548","C00350","2026-02-27 09:17:00","7","128.58","Netherlands"
"INV106549","C00217","2025-09-25 18:14:00","2","91.08","Germany"
"INV106550","C00137","2025-12-07 07:03:00","1","114.35","Netherlands"
"INV106551","C00496","2025-03-05 19:15:00","9","196.41","United Kingdom"
"INV106552","C00258","2025-08-10 01:40:00","7","151.52","Germany"
"INV106553","C00182","2025-06-26 20:41:00","9","130.62","Spain"
"INV106554","C00304","2025-06-08 00:24:00","2","119.39","Belgium"
"INV106555","C00189","2026-02-13 14:36:00","4","198.1","France"
"INV106556","C00256","2025-06-17 22:10:00","5","74.73","Spain"
"INV106557","C00359","2025-02-10 23:25:00","5","54.22","Spain"
"INV106558","C00235","2026-01-13 17:55:00","1","179.45","United Kingdom"
"CINV106559","C00024","2025-12-26 07:59:00","6","98.3","Belgium"
"INV106560","C00355","2025-01-02 17:12:00","6","3.5","Italy"
"INV106561","C00176","2025-03-07 02:07:00","1","165.62","Spain"
"INV106562","C00116","2025-03-25 15:54:00","2","118.49","United Kingdom"
"INV106563","C00006","2025-08-05 15:52:00","6","82.65","France"
"INV106564","C00185","2025-08-29 13:13:00","2","183.95","Germany"
"INV106565","C00058","2025-02-03 11:11:00","2","141.09","Portugal"
"INV106566","C00286","2025-11-29 02:45:00","3","191.42","Spain"
"INV106567","C00398","2025-08-07 07:54:00","3","112.84","Germany"
"INV106568","C00004","2025-10-22 02:07:00","4","191.8","Belgium"
"INV106569","C00132","2025-09-14 22:21:00","4","175.38","Netherlands"
"INV106570","C00039","2025-03-13 16:19:00","5","182.97","United Kingdom"
"INV106571","C00199","2025-05-15 08:27:00","5","87.53","France"
"INV106572","C00197","2025-01-22 15:06:00","1","92.4","EIRE"
"INV106573","C00109","2026-03-19 19:26:00","8","154.02","EIRE"
"INV106574","C00462","2025-07-03 06:09:00","5","173.18","Netherlands"
"INV106575","C00190","2025-05-05 19:44:00","2","197.68","Germany"
"INV106576","C00240","2025-02-17 09:54:00","9","189.25","Netherlands"
"INV106577","C00306","2025-07-20 20:53:00","9","199.82","Spain"
"INV106578","C00073","2026-03-06 05:06:00","5","44.64","Spain"
"INV106579","C00381","2025-04-25 12:05:00","4","84.82","Netherlands"
"INV106580","C00371","2025-04-29 22:38:00","1","90.49","Germany"
"INV106581","C00070","2025-12-11 01:17:00","2","193.7","Belgium"
"INV106582","C00336","2025-08-30 14:17:00","4","15.11","France"
"INV106583","C00113","2026-03-18 17:10:00","5","143.32","Germany"
"INV106584","C00303","2025-10-14 18:58:00","8","180.6","Italy"
"INV106585","C00330","2025-08-12 01:51:00","8","175.53","Portugal"
"INV106586","C00396","2025-06-14 19:55:00","6","34.33","Belgium"
"INV106587","C00209","2025-01-11 21:14:00","6","23.96","Belgium"
"INV106588","C00012","2025-03-19 14:26:00","2","28.49","EIRE"
"INV106589","C00412","2025-03-23 00:36:00","7","56.55","Italy"
"INV106590","C00227","2025-07-29 09:54:00","6","35.2","United Kingdom"
"INV106591","C00173","2026-03-18 10:04:00","2","63.18","Netherlands"
"INV106592","C00120","2025-01-22 05:46:00","5","117.34","Spain"
"INV106593","C00380","2025-06-28 14:08:00","4","40.51","Germany"
"INV106594","C00047","2025-04-16 00:36:00","2","72.8","Belgium"
"INV106595","C00470","2025-02-25 22:43:00","3","109.24","United Kingdom"
"INV106596","C00105","2025-02-09 22:05:00","7","153.38","France"
"INV106597","C00476","2025-07-10 02:18:00","7","180.71","Germany"
"INV106598","C00234","2025-02-20 03:20:00","3","103.81","Belgium"
"INV106599","C00449","2026-02-28 00:32:00","1","11.97","Netherlands"
"INV106600","C00367","2025-07-03 15:52:00","9","9.67","Spain"
"INV106601","C00001","2025-02-24 00:11:00","9","113.82","France"
"INV106602","C00212","2025-05-25 10:46:00","4","60.61","United Kingdom"
"INV106603","C00383","2026-01-17 22:19:00","7","107.42","Italy"
"INV106604","C00030","2026-02-04 19:47:00","9","63.96","Italy"
"INV106605","C00397","2025-10-19 13:38:00","9","133.21","Portugal"
"INV106606","C00366","2025-12-02 18:48:00","7","144.96","France"
"INV106607","C00217","2025-05-23 11:10:00","5","52.03","France"
"INV106608","C00001","2025-03-06 19:53:00","2","17.39","Portugal"
"INV106609","C00374","2025-03-06 11:12:00","7","123.16","Italy"
"INV106610","C00116","2025-12-19 14:16:00","1","126.09","Italy"
"INV106611","C00169","2025-02-01 13:17:00","9","33.76","EIRE"
"INV106612","C00440","2026-03-25 23:04:00","4","107.93","Portugal"
"INV106613","C00043","2025-05-24 22:54:00","4","95.72","Italy"
"INV106614","C00059","2025-05-07 18:39:00","7","88.29","Portugal"
"INV106615","C00368","2025-06-23 23:03:00","8","120.36","United Kingdom"
"INV106616","C00150","2025-01-16 04:30:00","2","122.66","Italy"
"INV106617","C00417","2025-12-23 17:42:00","3","158.26","Portugal"
"INV106618","C00286","2025-05-10 14:34:00","2","8.28","Portugal"
"INV106619","C00045","2025-10-11 03:22:00","9","67.79","Germany"
"INV106620","C00302","2025-11-20 10:09:00","7","155.55","EIRE"
"INV106621","C00408","2025-11-16 09:11:00","5","130.29","France"
"INV106622","C00469","2025-09-15 17:12:00","7","198.31","Italy"
"INV106623","C00018","2025-04-26 02:27:00","9","71.06","France"
"INV106624","C00490","2025-07-28 05:53:00","5","74.47","Portugal"
"INV106625","C00005","2025-01-18 19:34:00","9","45.91","Spain"
"INV106626","C00444","2025-11-25 07:39:00","9","48.64","France"
"INV106627","C00444","2025-01-10 22:03:00","4","171.79","Spain"
"INV106628","C00153","2025-06-05 12:22:00","6","14.61","Italy"
"INV106629","C00245","2025-09-14 22:22:00","4","128.39","Germany"
"INV106630","C00090","2025-06-23 23:54:00","7","73.31","France"
"INV106631","C00077","2025-03-13 08:27:00","2","187.07","United Kingdom"
"INV106632","C00341","2025-06-07 15:19:00","3","113.06","Spain"
"INV106633","C00108","2025-03-27 05:26:00","4","124.26","Belgium"
"INV106634","C00393","2026-03-11 17:57:00","8","170.01","EIRE"
"INV106635","C00168","2025-09-07 17:28:00","2","174.17","Germany"
"INV106636","C00455","2025-04-21 04:39:00","7","30.07","Netherlands"
"INV106637","C00463","2025-09-18 02:40:00","4","34.9","Germany"
"INV106638","C00338","2025-07-09 04:04:00","4","68.48","United Kingdom"
"INV106639","C00310","2025-10-24 20:28:00","2","7.81","Germany"
"INV106640","C00067","2026-03-06 21:14:00","3","29.44","Germany"
"INV106641","C00030","2025-04-05 02:00:00","2","4.24","Portugal"
"INV106642","C00209","2025-12-23 22:46:00","7","5.44","France"
"INV106643","C00424","2025-04-04 07:41:00","9","78.32","Portugal"
"INV106644","C00202","2026-02-02 12:19:00","1","138.34","France"
"INV106645","C00015","2026-02-15 23:41:00","7","113.2","Spain"
"CINV106646","C00181","2025-08-19 08:17:00","4","65.02","Spain"
"INV106647","C00423","2025-11-14 03:26:00","2","127.22","EIRE"
"INV106648","C00467","2025-08-31 12:49:00","7","128.98","Netherlands"
"INV106649","C00499","2026-03-23 16:09:00","2","195.15","Germany"
"INV106650","C00415","2025-08-25 19:01:00","6","101.77","Netherlands"
"INV106651","C00098","2026-01-23 13:18:00","4","187.42","United Kingdom"
"INV106652","C00296","2025-04-16 11:44:00","1","94.11","Portugal"
"INV106653","C00327","2025-06-10 17:57:00","4","178.35","Spain"
"INV106654","C00107","2025-10-23 23:16:00","8","151.35","Netherlands"
"INV106655","C00194","2025-03-09 06:47:00","2","176.97","Portugal"
"INV106656","C00004","2025-10-17 20:21:00","1","90.27","United Kingdom"
"INV106657","C00202","2025-11-09 15:43:00","8","113.19","Belgium"
"INV106658","C00388","2026-01-02 10:56:00","7","193.13","Germany"
"INV106659","C00361","2025-07-02 13:25:00","4","32.95","Portugal"
"CINV106660","C00458","2025-04-12 14:34:00","9","151.77","Belgium"
"INV106661","C00470","2025-11-13 00:41:00","3","92.64","EIRE"
"INV106662","C00159","2026-02-04 11:45:00","4","143.83","Netherlands"
"INV106663","C00451","2025-06-20 02:09:00","7","8.49","EIRE"
"INV106664","C00191","2025-01-04 09:21:00","3","169.94","Belgium"
"INV106665","C00033","2026-02-19 16:29:00","3","169.25","Germany"
"INV106666","C00059","2025-11-25 10:54:00","6","6.06","United Kingdom"
"INV106667","C00002","2026-01-09 16:20:00","8","1.93","Germany"
"INV106668","C00370","2025-05-19 23:08:00","1","112.37","Italy"
"INV106669","C00221","2025-09-22 08:10:00","6","172.6","United Kingdom"
"INV106670","C00087","2025-01-08 09:57:00","6","148.33","United Kingdom"
"INV106671","C00114","2025-04-09 21:06:00","9","21.16","Portugal"
"INV106672","C00135","2026-01-28 07:56:00","2","111.35","Portugal"
"INV106673","C00273","2026-03-25 07:15:00","3","199.47","Italy"
"INV106674","C00353","2025-02-01 21:20:00","3","159.26","Germany"
"INV106675","C00391","2025-08-24 16:55:00","1","195.96","France"
"INV106676","C00065","2025-01-12 07:19:00","7","129.12","Netherlands"
"INV106677","C00299","2025-02-09 16:56:00","3","132.78","Belgium"
"INV106678","C00288","2025-03-04 17:52:00","8","75.83","Italy"
"INV106679","C00194","2025-07-30 01:45:00","7","21.62","France"
"CINV106680","C00396","2025-08-15 03:38:00","1","135.26","Portugal"
"INV106681","C00003","2026-02-06 18:39:00","5","67.08","EIRE"
"INV106682","C00493","2026-02-17 01:55:00","9","165.14","Spain"
"INV106683","C00087","2025-11-22 07:20:00","1","51.27","Portugal"
"INV106684","C00147","2026-02-15 05:28:00","2","131.15","Belgium"
"CINV106685","C00041","2025-01-06 04:33:00","9","11.69","Netherlands"
"INV106686","C00177","2025-05-24 13:27:00","3","121.92","Belgium"
"INV106687","C00479","2025-08-30 08:51:00","5","106.92","France"
"INV106688","C00042","2025-09-10 01:11:00","8","8.68","Italy"
"INV106689","C00062","2025-06-22 12:46:00","2","125.16","Italy"
"INV106690","C00402","2026-01-16 03:23:00","6","114.4","France"
"INV106691","C00001","2026-03-06 15:31:00","3","57.72","Portugal"
"INV106692","C00365","2025-03-11 19:11:00","1","106.26","Portugal"
"INV106693","C00081","2025-09-17 22:47:00","9","199.6","Portugal"
"INV106694","C00016","2025-10-10 19:23:00","5","168.33","Belgium"
"INV106695","C00116","2025-09-15 23:35:00","5","21.69","Belgium"
"INV106696","C00156","2025-03-21 21:16:00","5","46.41","EIRE"
"INV106697","C00351","2025-12-31 02:52:00","3","169.59","Belgium"
"INV106698","C00338","2026-01-24 19:44:00","9","148.34","Netherlands"
"INV106699","C00043","2025-03-01 18:58:00","1","60.46","EIRE"
"INV106700","C00460","2025-05-12 20:08:00","9","31.93","EIRE"
"INV106701","C00121","2025-02-10 08:32:00","3","148.49","Spain"
"INV106702","C00049","2026-01-19 17:30:00","4","94.25","United Kingdom"
"INV106703","C00414","2025-09-09 07:22:00","1","120.14","United Kingdom"
"INV106704","C00375","2025-05-04 02:36:00","9","112.9","EIRE"
"INV106705","C00255","2025-07-15 20:29:00","6","103.58","France"
"INV106706","C00145","2025-04-18 16:25:00","3","146.9","United Kingdom"
"INV106707","C00030","2025-01-03 10:50:00","6","97.2","Germany"
"INV106708","C00344","2025-10-21 03:30:00","2","98.46","Portugal"
"INV106709","C00011","2025-09-01 09:47:00","7","59.04","United Kingdom"
"INV106710","C00100","2025-11-05 15:48:00","7","185.95","Germany"
"INV106711","C00288","2025-10-10 04:50:00","9","178.43","Italy"
"INV106712","C00387","2026-01-31 23:32:00","5","122.78","Germany"
"INV106713","C00410","2025-06-28 04:51:00","1","13.64","Germany"
"INV106714","C00116","2025-03-22 02:59:00","7","88.88","United Kingdom"
"INV106715","C00055","2025-07-05 16:42:00","1","34.75","France"
"INV106716","C00373","2025-01-06 10:03:00","9","41.32","Italy"
"INV106717","C00435","2025-12-10 15:30:00","9","27.88","Spain"
"INV106718","C00109","2026-01-08 15:03:00","1","131.91","EIRE"
"INV106719","C00153","2025-01-29 04:14:00","4","88.15","Netherlands"
"INV106720","C00200","2026-01-14 01:34:00","3","70.93","France"
"INV106721","C00094","2025-07-26 01:59:00","1","119.11","Netherlands"
"INV106722","C00086","2025-05-23 11:43:00","2","98.33","EIRE"
"INV106723","C00330","2025-03-28 09:31:00","4","102.46","France"
"INV106724","C00471","2025-02-11 06:39:00","4","133.48","Portugal"
"INV106725","C00050","2025-01-04 12:08:00","2","155.47","Italy"
"INV106726","C00056","2025-08-03 04:33:00","4","56.05","United Kingdom"
"INV106727","C00097","2025-04-26 20:20:00","8","91.33","France"
"INV106728","C00231","2025-03-13 21:10:00","3","104.48","United Kingdom"
"INV106729","C00466","2025-08-18 14:15:00","5","97.28","Netherlands"
"INV106730","C00130","2025-11-04 09:11:00","7","20.32","Italy"
"INV106731","C00227","2025-09-20 23:06:00","4","65.25","EIRE"
"INV106732","C00357","2025-02-10 20:38:00","2","183.01","France"
"INV106733","C00220","2025-04-24 23:59:00","5","164.34","Belgium"
"INV106734","C00392","2025-09-25 06:32:00","5","194.72","EIRE"
"INV106735","C00007","2025-06-20 14:32:00","7","140.44","Belgium"
"INV106736","C00383","2025-06-14 01:47:00","5","193.14","Spain"
"INV106737","C00375","2025-02-28 01:16:00","8","143.67","Germany"
"INV106738","C00115","2025-04-22 11:37:00","6","18.79","Portugal"
"INV106739","C00420","2025-01-04 21:50:00","6","184.46","United Kingdom"
"INV106740","C00165","2025-11-11 00:49:00","5","46.21","EIRE"
"INV106741","C00491","2025-01-05 13:04:00","6","55.27","Portugal"
"INV106742","C00298","2025-12-02 00:54:00","6","133.75","Germany"
"INV106743","C00003","2026-02-15 22:01:00","5","106.85","Germany"
"INV106744","C00471","2025-03-28 08:23:00","6","192.11","Italy"
"INV106745","C00317","2025-07-08 06:26:00","1","147.79","Italy"
"INV106746","C00092","2025-03-08 04:26:00","3","21.95","France"
"INV106747","C00154","2025-08-26 07:03:00","3","184.14","Netherlands"
"INV106748","C00344","2025-04-01 09:54:00","4","57.46","EIRE"
"INV106749","C00197","2025-03-08 12:53:00","1","192.8","Belgium"
"INV106750","C00357","2025-07-17 03:48:00","1","125.51","Italy"
"INV106751","C00350","2025-05-03 23:07:00","6","124.88","Italy"
"INV106752","C00212","2025-02-17 19:38:00","2","91.32","Italy"
"INV106753","C00238","2025-01-11 05:44:00","5","81.83","Germany"
"INV106754","C00297","2025-08-01 01:54:00","7","85.49","Germany"
"INV106755","C00153","2025-01-10 04:13:00","4","27.69","Germany"
"INV106756","C00029","2026-03-22 03:19:00","3","13.72","Germany"
"INV106757","C00121","2025-01-17 00:28:00","3","55.56","EIRE"
"INV106758","C00034","2025-03-12 06:30:00","3","193.01","Germany"
"INV106759","C00357","2025-07-21 06:30:00","6","102.7","Belgium"
"INV106760","C00270","2025-01-22 19:41:00","3","130.64","France"
"INV106761","C00074","2025-03-15 09:25:00","9","132.2","Portugal"
"INV106762","C00230","2025-08-28 12:58:00","4","132.29","Netherlands"
"INV106763","C00255","2025-04-29 04:45:00","2","42.14","Spain"
"INV106764","C00434","2025-11-14 22:59:00","1","51.61","Portugal"
"INV106765","C00252","2025-02-02 22:40:00","8","179.26","Portugal"
"INV106766","C00266","2026-03-17 07:50:00","9","9.11","Netherlands"
"INV106767","C00388","2026-03-10 21:27:00","1","75.61","Portugal"
"INV106768","C00375","2025-09-19 07:49:00","1","161.82","Netherlands"
"INV106769","C00392","2026-01-16 05:00:00","5","143.56","France"
"INV106770","C00169","2026-03-22 18:03:00","9","53.23","United Kingdom"
"INV106771","C00161","2025-12-31 01:36:00","4","8.89","EIRE"
"INV106772","C00052","2025-09-15 06:59:00","8","138.14","Spain"
"INV106773","C00485","2025-10-03 14:31:00","4","140.73","Italy"
"INV106774","C00026","2025-07-26 03:48:00","8","51.53","Spain"
"INV106775","C00414","2025-11-03 16:06:00","8","8.08","Belgium"
"INV106776","C00117","2025-05-30 22:41:00","3","27.71","Germany"
"INV106777","C00086","2025-10-22 22:53:00","2","18.77","Portugal"
"INV106778","C00441","2025-03-05 03:54:00","9","16.18","Germany"
"INV106779","C00215","2025-06-03 04:18:00","7","70.74","Netherlands"
"INV106780","C00185","2025-12-16 07:40:00","9","19.12","EIRE"
"INV106781","C00189","2026-03-25 02:53:00","1","126.5","Portugal"
"INV106782","C00151","2025-05-25 06:38:00","1","185.28","France"
"INV106783","C00308","2025-02-22 17:19:00","3","100.37","Portugal"
"INV106784","C00194","2025-09-26 12:23:00","5","8.98","EIRE"
"INV106785","C00268","2025-12-07 06:03:00","3","15.92","Germany"
"INV106786","C00343","2026-03-02 04:27:00","8","10.33","Netherlands"
"INV106787","C00220","2025-06-21 13:41:00","3","129.32","Spain"
"INV106788","C00281","2025-04-19 16:08:00","6","148.62","United Kingdom"
"INV106789","C00357","2025-07-05 17:42:00","7","18.82","Spain"
"INV106790","C00281","2025-09-03 06:52:00","7","92.87","Germany"
"INV106791","C00469","2026-03-08 04:45:00","9","83.69","EIRE"
"INV106792","C00163","2025-10-13 23:19:00","2","71.85","United Kingdom"
"CINV106793","C00217","2025-07-18 10:45:00","5","81.22","Spain"
"INV106794","C00012","2025-10-09 09:56:00","3","89.04","Spain"
"INV106795","C00338","2025-07-21 02:54:00","2","143.41","France"
"INV106796","C00469","2025-04-07 19:04:00","8","26.48","Belgium"
"INV106797","C00042","2026-02-05 17:22:00","4","89.06","Netherlands"
"INV106798","C00325","2025-09-28 14:01:00","2","64.47","Germany"
"INV106799","C00174","2025-04-22 17:51:00","4","71.99","Netherlands"
"INV106800","C00456","2025-08-10 22:36:00","3","122.7","France"
"INV106801","C00180","2025-07-17 01:49:00","8","119.7","United Kingdom"
"INV106802","C00067","2025-06-20 04:35:00","1","67.44","Portugal"
"INV106803","C00285","2025-04-26 03:33:00","4","167.26","Italy"
"INV106804","C00357","2025-04-18 19:05:00","9","193.78","Belgium"
"CINV106805","C00327","2026-03-07 07:46:00","6","78.44","Italy"
"INV106806","C00481","2026-01-12 20:53:00","9","109.5","Netherlands"
"INV106807","C00397","2025-12-14 15:55:00","3","184.39","Spain"
"INV106808","C00020","2025-06-24 18:42:00","4","120.36","Italy"
"INV106809","C00166","2026-02-03 05:44:00","9","55.15","Germany"
"INV106810","C00154","2025-12-20 11:06:00","4","28.68","Italy"
"INV106811","C00391","2025-03-31 02:36:00","8","40.71","Germany"
"INV106812","C00440","2025-06-23 08:06:00","9","156.92","Germany"
"INV106813","C00271","2025-07-26 13:41:00","1","158.41","Belgium"
"INV106814","C00211","2026-02-03 07:34:00","1","128.84","Spain"
"INV106815","C00233","2025-06-14 14:29:00","6","70.49","EIRE"
"CINV106816","C00131","2025-12-17 18:59:00","8","51.04","Spain"
"INV106817","C00425","2025-05-29 19:29:00","2","88.15","Netherlands"
"INV106818","C00499","2026-01-24 21:00:00","2","132.72","France"
"INV106819","C00119","2025-08-17 13:46:00","8","41.47","United Kingdom"
"INV106820","C00350","2026-02-24 09:16:00","4","112.81","Spain"
"INV106821","C00110","2025-06-26 12:22:00","5","123.1","Netherlands"
"INV106822","C00312","2025-01-23 05:57:00","1","101.36","EIRE"
"INV106823","C00314","2025-11-11 19:15:00","2","146.28","Spain"
"INV106824","C00460","2025-11-30 16:27:00","6","149.95","United Kingdom"
"INV106825","C00255","2025-04-15 15:04:00","6","130.56","Germany"
"INV106826","C00374","2026-03-11 10:33:00","8","31.57","France"
"INV106827","C00120","2025-05-04 09:42:00","8","111.83","Germany"
"INV106828","C00466","2025-07-13 05:10:00","3","63.52","United Kingdom"
"INV106829","C00437","2025-12-25 03:04:00","6","189.36","Italy"
"INV106830","C00362","2025-07-16 10:43:00","2","95.09","Italy"
"INV106831","C00144","2025-05-07 16:07:00","9","108.98","Belgium"
"INV106832","C00333","2025-09-29 03:39:00","6","85.39","Portugal"
"INV106833","C00216","2026-02-17 15:07:00","2","56.81","United Kingdom"
"INV106834","C00240","2025-04-20 14:44:00","7","29.12","Netherlands"
"INV106835","C00219","2025-08-11 23:20:00","7","8.47","Germany"
"INV106836","C00458","2025-12-29 11:28:00","5","161.1","Italy"
"INV106837","C00285","2025-08-23 19:49:00","4","162.47","Portugal"
"INV106838","C00222","2025-08-02 05:11:00","4","8.71","France"
"INV106839","C00229","2025-12-23 11:44:00","8","65.02","Italy"
"INV106840","C00159","2025-07-01 08:01:00","3","198.41","Belgium"
"INV106841","C00184","2025-11-28 12:11:00","6","186.29","Portugal"
"INV106842","C00092","2025-02-14 01:16:00","8","146.2","France"
"INV106843","C00048","2025-04-29 17:57:00","8","93.53","France"
"INV106844","C00271","2025-03-23 21:38:00","4","127.57","Spain"
"INV106845","C00081","2025-06-16 11:30:00","9","106.79","France"
"INV106846","C00096","2025-04-03 15:28:00","5","184.26","Portugal"
"INV106847","C00042","2025-03-10 13:51:00","7","61.66","Spain"
"INV106848","C00052","2026-01-18 22:35:00","6","122.39","United Kingdom"
"INV106849","C00053","2026-01-13 12:55:00","3","143.42","Italy"
"INV106850","C00450","2025-04-01 07:00:00","9","147.46","Germany"
"INV106851","C00178","2025-07-23 06:16:00","3","53.95","France"
"INV106852","C00037","2025-10-22 13:49:00","8","139.47","United Kingdom"
"INV106853","C00301","2026-03-21 20:43:00","3","177.69","Belgium"
"INV106854","C00461","2025-10-22 13:58:00","1","181.16","Belgium"
"INV106855","C00002","2025-04-01 19:23:00","5","108.33","Netherlands"
"INV106856","C00196","2025-01-24 06:29:00","8","11.76","United Kingdom"
"INV106857","C00067","2026-01-22 04:28:00","5","148.53","Netherlands"
"INV106858","C00315","2025-12-22 16:28:00","5","60.3","Netherlands"
"INV106859","C00257","2025-06-19 22:23:00","7","170.09","Portugal"
"INV106860","C00403","2025-10-06 01:14:00","9","75.67","Italy"
"INV106861","C00431","2025-05-25 15:25:00","2","124.31","Italy"
"INV106862","C00007","2025-06-08 01:17:00","3","76.54","Germany"
"INV106863","C00135","2025-02-09 13:24:00","7","122.62","France"
"INV106864","C00469","2025-02-10 05:33:00","4","178.85","EIRE"
"INV106865","C00189","2025-12-11 13:51:00","4","74.97","Portugal"
"INV106866","C00483","2026-02-16 10:10:00","1","121.56","Belgium"
"INV106867","C00030","2026-03-11 20:37:00","7","61.05","France"
"INV106868","C00034","2025-04-18 05:12:00","3","195.42","EIRE"
"INV106869","C00219","2025-12-09 22:56:00","9","4.78","United Kingdom"
"INV106870","C00299","2025-05-17 06:48:00","1","105.39","Portugal"
"INV106871","C00228","2025-03-27 01:20:00","3","72.44","Portugal"
"INV106872","C00456","2025-06-22 04:57:00","1","84.2","United Kingdom"
"INV106873","C00361","2025-01-26 07:41:00","3","145.05","Portugal"
"INV106874","C00398","2025-09-17 21:15:00","6","40.39","Germany"
"INV106875","C00084","2026-02-15 12:10:00","2","29.25","Netherlands"
"INV106876","C00257","2025-11-12 12:39:00","4","175.14","Spain"
"INV106877","C00487","2025-04-13 22:11:00","8","7.84","Italy"
"INV106878","C00005","2026-01-07 13:33:00","3","50.12","Netherlands"
"INV106879","C00217","2025-08-09 23:15:00","3","186.59","Netherlands"
"INV106880","C00179","2025-06-14 12:15:00","2","139.21","United Kingdom"
"INV106881","C00268","2025-03-16 23:34:00","9","130.46","Netherlands"
"INV106882","C00356","2025-05-28 18:33:00","1","86.51","Netherlands"
"INV106883","C00424","2025-04-10 00:01:00","9","43.17","EIRE"
"INV106884","C00434","2025-04-29 20:27:00","9","176.82","EIRE"
"INV106885","C00159","2025-05-02 04:31:00","6","67.06","EIRE"
"INV106886","C00180","2025-01-28 16:50:00","9","12.35","Spain"
"INV106887","C00079","2025-02-20 12:42:00","1","37.67","Germany"
"INV106888","C00074","2025-04-07 14:53:00","8","41.82","France"
"INV106889","C00036","2025-06-29 16:38:00","1","62.64","Germany"
"INV106890","C00497","2025-11-20 06:28:00","3","115.05","Netherlands"
"INV106891","C00446","2025-04-17 04:53:00","9","175.81","Belgium"
"INV106892","C00195","2026-03-04 04:55:00","6","160.55","Spain"
"INV106893","C00355","2025-06-04 10:53:00","2","173.95","Spain"
"INV106894","C00253","2025-04-28 06:07:00","8","197.54","Spain"
"INV106895","C00227","2025-09-04 19:07:00","3","185.99","Italy"
"CINV106896","C00439","2025-10-06 13:15:00","6","51.74","Belgium"
"INV106897","C00189","2025-07-12 11:52:00","2","109.19","Germany"
"INV106898","C00403","2025-11-07 15:18:00","7","134.62","EIRE"
"INV106899","C00159","2025-03-27 04:23:00","9","38.63","France"
"INV106900","C00070","2025-04-15 23:31:00","6","155.73","France"
"CINV106901","C00070","2026-02-12 09:07:00","5","142.7","Spain"
"INV106902","C00389","2026-01-05 16:14:00","7","73.74","Spain"
"INV106903","C00056","2026-01-21 08:29:00","4","134.33","Germany"
"INV106904","C00023","2025-08-21 23:12:00","3","140.53","Netherlands"
"INV106905","C00466","2025-07-10 10:26:00","7","179.53","Spain"
"INV106906","C00497","2025-09-21 10:38:00","6","80.5","Germany"
"INV106907","C00158","2025-02-27 18:31:00","1","174.32","Portugal"
"INV106908","C00232","2026-01-11 15:39:00","9","107.63","France"
"INV106909","C00130","2025-01-31 08:52:00","9","167.89","Netherlands"
"INV106910","C00485","2025-12-10 19:11:00","4","125.5","EIRE"
"INV106911","C00189","2025-01-02 22:11:00","3","140.96","Portugal"
"INV106912","C00006","2025-12-19 19:24:00","1","39.63","United Kingdom"
"INV106913","C00261","2025-02-03 03:55:00","1","171.62","Portugal"
"INV106914","C00417","2025-10-27 19:31:00","7","104.32","Netherlands"
"INV106915","C00116","2026-03-04 19:01:00","8","92.7","Spain"
"INV106916","C00184","2025-10-25 22:50:00","6","33.39","Italy"
"INV106917","C00071","2026-01-18 20:39:00","1","58.53","Germany"
"INV106918","C00085","2025-04-30 16:30:00","3","152.69","Netherlands"
"INV106919","C00448","2025-01-08 19:51:00","8","38.88","Netherlands"
"INV106920","C00305","2025-10-16 21:25:00","7","58.89","France"
"INV106921","C00122","2025-01-29 09:06:00","7","2.19","Spain"
"INV106922","C00306","2025-11-04 14:14:00","2","93.15","Netherlands"
"INV106923","C00096","2026-01-11 07:22:00","4","177.18","EIRE"
"INV106924","C00198","2025-03-25 06:54:00","2","191.74","France"
"INV106925","C00091","2025-03-15 11:46:00","2","106.78","Belgium"
"INV106926","C00278","2025-01-21 12:05:00","1","64.17","France"
"INV106927","C00284","2025-06-27 02:58:00","7","92.76","Netherlands"
"INV106928","C00374","2026-03-10 20:42:00","9","15.36","Portugal"
"INV106929","C00386","2025-03-18 10:22:00","9","88.89","Italy"
"INV106930","C00231","2025-06-12 23:13:00","1","186.11","United Kingdom"
"INV106931","C00131","2025-08-06 16:20:00","4","62.97","Italy"
"INV106932","C00373","2025-03-18 21:37:00","8","141.67","Italy"
"INV106933","C00114","2025-05-06 16:47:00","4","176.66","EIRE"
"INV106934","C00206","2025-05-18 23:01:00","8","64.34","Portugal"
"INV106935","C00090","2025-12-02 11:54:00","3","156.76","Spain"
"INV106936","C00172","2025-07-19 15:28:00","7","100.06","Italy"
"INV106937","C00359","2026-03-31 05:55:00","8","169.25","Netherlands"
"INV106938","C00425","2025-05-31 03:24:00","7","73.29","Spain"
"INV106939","C00350","2025-04-28 14:17:00","8","100.32","EIRE"
"INV106940","C00170","2026-02-18 09:28:00","9","179.79","France"
"INV106941","C00217","2025-07-17 19:31:00","3","134.74","France"
"INV106942","C00223","2026-03-06 01:50:00","5","189.57","Netherlands"
"INV106943","C00002","2026-02-16 08:10:00","1","49.72","EIRE"
"INV106944","C00387","2025-01-31 04:39:00","9","28.64","Spain"
"INV106945","C00197","2025-11-18 05:28:00","7","162.05","Belgium"
"INV106946","C00026","2025-10-25 17:05:00","5","116.44","Italy"
"INV106947","C00183","2025-10-15 22:49:00","2","29.69","Italy"
"INV106948","C00424","2025-07-28 12:54:00","5","24.02","EIRE"
"INV106949","C00125","2025-10-27 05:25:00","6","54.4","Portugal"
"INV106950","C00010","2026-01-29 08:40:00","9","144.13","Portugal"
"INV106951","C00474","2025-10-27 19:34:00","2","2.41","Germany"
"INV106952","C00157","2025-05-29 11:32:00","6","18.04","France"
"INV106953","C00274","2025-03-06 12:12:00","5","172.92","Germany"
"INV106954","C00450","2025-09-30 22:07:00","6","33.63","Germany"
"INV106955","C00378","2025-02-03 02:41:00","5","100.58","Belgium"
"INV106956","C00318","2025-05-01 16:55:00","1","49.3","Netherlands"
"INV106957","C00361","2026-01-03 23:51:00","5","54.04","Netherlands"
"INV106958","C00066","2025-12-06 08:02:00","2","77.54","EIRE"
"INV106959","C00490","2025-01-29 13:19:00","9","5.27","Belgium"
"INV106960","C00399","2025-09-18 08:03:00","4","177.34","Germany"
"INV106961","C00155","2025-08-09 15:23:00","7","174.73","Italy"
"INV106962","C00253","2026-02-08 19:52:00","3","8.02","Netherlands"
"INV106963","C00274","2025-05-26 18:28:00","7","186.78","Italy"
"INV106964","C00449","2025-03-18 22:06:00","8","34.16","EIRE"
"INV106965","C00474","2025-03-05 15:12:00","8","69.67","Spain"
"INV106966","C00291","2025-10-13 02:23:00","7","58.79","Belgium"
"INV106967","C00334","2025-01-29 10:49:00","5","94.14","Italy"
"CINV106968","C00043","2025-11-19 16:54:00","2","70.98","Netherlands"
"INV106969","C00301","2025-01-28 20:28:00","4","156.03","Belgium"
"INV106970","C00368","2025-10-26 21:41:00","5","178.87","United Kingdom"
"INV106971","C00483","2025-04-02 00:15:00","8","58.52","Belgium"
"INV106972","C00299","2025-04-12 21:47:00","9","197.61","Germany"
"INV106973","C00315","2026-03-14 14:55:00","9","30.24","Belgium"
"INV106974","C00033","2025-04-29 08:49:00","6","7.13","United Kingdom"
"INV106975","C00255","2026-03-03 00:47:00","2","130.85","Netherlands"
"INV106976","C00400","2025-04-22 18:54:00","1","48.39","Netherlands"
"INV106977","C00244","2025-12-25 13:09:00","5","197.75","Netherlands"
"INV106978","C00147","2025-10-24 00:00:00","1","157.15","Belgium"
"INV106979","C00143","2026-03-06 03:27:00","4","165.85","EIRE"
"INV106980","C00455","2026-01-21 18:39:00","9","67.03","France"
"INV106981","C00162","2025-11-12 20:31:00","2","101.01","Portugal"
"INV106982","C00156","2026-03-10 18:55:00","6","19.59","Italy"
"INV106983","C00246","2026-03-24 03:34:00","1","149.96","Germany"
"INV106984","C00046","2025-12-15 19:44:00","4","80.06","France"
"INV106985","C00296","2025-03-11 13:52:00","5","121.56","Spain"
"INV106986","C00127","2025-05-22 12:25:00","4","87.32","United Kingdom"
"INV106987","C00323","2026-03-04 21:53:00","5","8.31","Portugal"
"INV106988","C00075","2025-04-15 19:52:00","1","130.54","United Kingdom"
"INV106989","C00061","2026-02-16 02:41:00","7","179.64","Netherlands"
"INV106990","C00375","2025-02-19 10:48:00","5","96.84","France"
"INV106991","C00477","2025-07-17 22:30:00","8","129.39","Portugal"
"INV106992","C00033","2025-01-11 23:00:00","2","56.97","Spain"
"INV106993","C00453","2025-11-14 06:05:00","9","111.36","Italy"
"INV106994","C00416","2025-03-03 07:54:00","9","141.2","Belgium"
"INV106995","C00089","2026-02-01 06:46:00","2","67.77","Italy"
"INV106996","C00170","2025-07-03 02:50:00","5","14.85","Germany"
"INV106997","C00186","2026-03-16 05:17:00","3","11.71","Spain"
"INV106998","C00315","2026-01-02 05:47:00","7","154.79","EIRE"
"INV106999","C00003","2025-07-24 04:15:00","9","72.51","Netherlands"
"INV107000","C00021","2025-04-07 21:43:00","2","55.89","Germany"
"INV107001","C00060","2025-03-08 00:13:00","9","141.77","Belgium"
"INV107002","C00188","2025-01-29 20:37:00","5","25.52","Portugal"
"INV107003","C00131","2026-03-29 20:35:00","6","61.11","Germany"
"INV107004","C00356","2026-01-27 03:15:00","9","73.41","France"
"INV107005","C00203","2025-11-04 20:13:00","4","117.9","Belgium"
"INV107006","C00008","2026-01-16 02:50:00","6","168.84","EIRE"
"INV107007","C00091","2025-11-28 03:43:00","3","164.46","Belgium"
"INV107008","C00477","2025-04-21 09:15:00","9","28.39","United Kingdom"
"INV107009","C00232","2025-03-31 18:37:00","1","172.02","Germany"
"INV107010","C00217","2025-10-09 19:37:00","6","100.17","Netherlands"
"INV107011","C00333","2025-05-17 23:37:00","4","122.72","Germany"
"CINV107012","C00157","2025-03-21 11:56:00","4","79.85","Netherlands"
"INV107013","C00286","2025-06-19 13:35:00","2","54.73","Belgium"
"INV107014","C00240","2025-04-08 16:11:00","3","29.31","United Kingdom"
"INV107015","C00134","2025-02-28 18:15:00","1","147.29","Germany"
"INV107016","C00486","2025-01-07 23:14:00","8","199.84","United Kingdom"
"INV107017","C00469","2026-02-21 13:46:00","8","192.07","Portugal"
"INV107018","C00352","2025-10-20 15:56:00","2","124.76","EIRE"
"INV107019","C00318","2025-05-22 23:07:00","7","178.04","Germany"
"INV107020","C00482","2026-02-11 09:08:00","1","144.2","Belgium"
"INV107021","C00105","2025-05-28 20:35:00","2","61.92","Belgium"
"INV107022","C00076","2025-01-09 04:27:00","9","6.42","Spain"
"INV107023","C00460","2026-03-16 00:56:00","1","165.41","France"
"INV107024","C00326","2025-02-15 10:24:00","2","8","Italy"
"INV107025","C00087","2025-01-21 14:35:00","4","65.59","Italy"
"INV107026","C00259","2025-06-25 14:35:00","5","53.64","United Kingdom"
"INV107027","C00168","2025-06-23 13:51:00","8","171.44","Spain"
"INV107028","C00084","2025-09-10 05:39:00","1","142.22","France"
"INV107029","C00308","2026-02-05 06:34:00","1","39.98","Netherlands"
"INV107030","C00194","2025-03-22 14:03:00","2","41.11","Netherlands"
"CINV107031","C00205","2025-01-25 16:21:00","1","99.02","Italy"
"INV107032","C00308","2025-01-31 19:39:00","6","162.21","Portugal"
"INV107033","C00038","2025-08-02 05:07:00","9","142.14","Portugal"
"INV107034","C00427","2026-02-23 17:09:00","8","173.78","Italy"
"INV107035","C00061","2025-12-24 10:05:00","6","138.55","Netherlands"
"INV107036","C00217","2026-01-17 09:29:00","8","69.53","Netherlands"
"INV107037","C00343","2025-04-19 04:09:00","5","186.78","Germany"
"INV107038","C00336","2025-11-30 19:46:00","4","123.93","Germany"
"INV107039","C00106","2025-10-18 06:45:00","5","4.87","United Kingdom"
"INV107040","C00463","2025-06-13 13:21:00","2","195.23","Germany"
"INV107041","C00122","2025-06-24 18:37:00","4","153.85","Spain"
"INV107042","C00206","2025-01-17 08:02:00","1","55.03","EIRE"
"INV107043","C00296","2025-04-15 23:25:00","5","133.38","Italy"
"INV107044","C00254","2025-12-08 02:36:00","3","197.92","France"
"INV107045","C00173","2025-09-04 22:52:00","4","128.09","EIRE"
"INV107046","C00109","2025-03-31 06:02:00","1","121.98","Italy"
"INV107047","C00496","2026-03-03 04:05:00","1","112.86","Netherlands"
"INV107048","C00348","2025-12-01 10:40:00","7","91.51","United Kingdom"
"INV107049","C00159","2025-05-04 23:32:00","7","193.06","United Kingdom"
"INV107050","C00130","2025-02-26 10:00:00","9","123.86","Portugal"
"INV107051","C00225","2025-02-21 01:01:00","8","137.53","Netherlands"
"INV107052","C00104","2025-11-19 04:47:00","3","77.13","EIRE"
"INV107053","C00222","2025-08-28 17:22:00","5","24.62","Germany"
"INV107054","C00347","2025-10-04 21:53:00","9","19.37","France"
"INV107055","C00491","2025-03-12 10:01:00","8","130.11","Italy"
"INV107056","C00030","2025-07-04 00:43:00","7","170.45","Portugal"
"INV107057","C00362","2025-08-24 12:06:00","1","71.22","Belgium"
"INV107058","C00059","2025-03-10 12:29:00","6","181.13","Germany"
"INV107059","C00480","2025-04-21 13:08:00","4","104.09","Belgium"
"INV107060","C00424","2025-01-30 02:03:00","7","184.97","Spain"
"INV107061","C00192","2025-09-04 06:08:00","1","29.85","Belgium"
"INV107062","C00340","2025-03-29 21:33:00","4","121.16","United Kingdom"
"INV107063","C00277","2025-08-29 22:07:00","7","60.55","France"
"INV107064","C00043","2025-10-24 11:09:00","3","81.89","Spain"
"INV107065","C00466","2026-03-23 13:44:00","6","51.77","France"
"INV107066","C00396","2025-10-14 22:51:00","2","180.01","Netherlands"
"INV107067","C00162","2025-11-04 23:18:00","5","36.37","Germany"
"INV107068","C00202","2025-04-30 05:05:00","1","116.73","Belgium"
"INV107069","C00467","2026-01-08 15:14:00","4","23.27","France"
"INV107070","C00153","2025-05-06 10:37:00","2","85.6","Spain"
"INV107071","C00228","2026-03-08 15:12:00","4","66.66","United Kingdom"
"CINV107072","C00205","2025-10-20 13:56:00","1","158.25","Netherlands"
"INV107073","C00283","2025-02-24 15:08:00","7","125.01","Spain"
"INV107074","C00327","2025-09-26 13:15:00","5","146.08","Spain"
"INV107075","C00308","2025-11-02 10:37:00","3","82.17","France"
"INV107076","C00133","2025-02-12 11:24:00","9","166.12","Netherlands"
"INV107077","C00049","2026-03-15 04:45:00","9","82.01","Germany"
"INV107078","C00444","2025-12-24 03:17:00","8","70.74","Portugal"
"INV107079","C00073","2025-09-09 23:36:00","9","76.14","EIRE"
"INV107080","C00175","2025-05-27 06:28:00","9","195.74","Netherlands"
"INV107081","C00444","2025-05-22 10:10:00","8","85.95","EIRE"
"INV107082","C00189","2025-10-06 16:15:00","7","25.6","Netherlands"
"INV107083","C00215","2026-02-19 13:39:00","5","170.82","Portugal"
"INV107084","C00283","2025-03-02 01:43:00","2","79.43","EIRE"
"INV107085","C00375","2025-03-30 14:45:00","7","13.9","United Kingdom"
"INV107086","C00176","2026-01-16 14:28:00","8","43.75","Germany"
"INV107087","C00449","2025-07-15 18:03:00","6","178.35","France"
"INV107088","C00203","2025-08-17 07:39:00","2","193.74","Germany"
"INV107089","C00056","2025-08-13 12:09:00","8","129.13","France"
"INV107090","C00019","2025-11-20 20:33:00","2","191.82","United Kingdom"
"INV107091","C00414","2025-09-18 10:43:00","8","55.69","EIRE"
"INV107092","C00240","2025-02-01 19:07:00","8","21.12","France"
"INV107093","C00064","2025-01-28 20:46:00","3","37.64","Netherlands"
"INV107094","C00288","2025-08-30 18:36:00","2","14.78","United Kingdom"
"INV107095","C00255","2025-11-02 03:34:00","4","174.66","Germany"
"INV107096","C00404","2026-01-03 00:51:00","7","44.07","Spain"
"INV107097","C00183","2026-02-15 16:34:00","6","150.3","Netherlands"
"INV107098","C00479","2025-08-04 17:20:00","6","60.24","Belgium"
"INV107099","C00178","2025-11-13 08:31:00","3","98.79","Portugal"
"INV107100","C00046","2025-10-31 00:24:00","1","159.36","France"
"INV107101","C00277","2026-01-11 06:43:00","2","197.29","Netherlands"
"INV107102","C00192","2026-03-05 16:59:00","1","172.89","France"
"INV107103","C00284","2025-07-27 02:02:00","1","58.31","Spain"
"INV107104","C00137","2025-10-25 20:11:00","5","197.37","United Kingdom"
"INV107105","C00211","2026-03-20 22:59:00","6","199.61","Portugal"
"INV107106","C00337","2025-02-12 00:29:00","7","95.38","Netherlands"
"INV107107","C00010","2025-09-03 15:29:00","2","2.19","EIRE"
"INV107108","C00154","2026-02-01 15:56:00","8","150.07","Italy"
"INV107109","C00364","2026-01-19 03:41:00","5","139.57","EIRE"
"INV107110","C00177","2025-10-06 10:01:00","9","151.03","EIRE"
"INV107111","C00350","2025-04-06 17:15:00","6","82.42","Portugal"
"INV107112","C00349","2025-04-10 18:17:00","8","11.48","Netherlands"
"INV107113","C00055","2025-05-05 01:40:00","1","41.12","France"
"INV107114","C00488","2025-05-10 03:28:00","6","34.04","Spain"
"INV107115","C00360","2025-10-29 23:19:00","1","31.22","Italy"
"INV107116","C00299","2025-12-30 13:28:00","3","77.74","Spain"
"INV107117","C00083","2025-03-28 23:07:00","6","121.12","Portugal"
"INV107118","C00187","2025-07-05 00:42:00","5","178.28","United Kingdom"
"INV107119","C00337","2025-07-31 21:34:00","1","9.27","Germany"
"INV107120","C00222","2025-09-24 21:31:00","9","146.44","Spain"
"INV107121","C00256","2025-04-07 06:22:00","6","185.74","EIRE"
"INV107122","C00007","2025-03-23 00:13:00","9","186.77","Spain"
"INV107123","C00258","2025-03-08 23:21:00","2","137.21","United Kingdom"
"INV107124","C00465","2026-03-20 21:10:00","7","2.46","Italy"
"INV107125","C00340","2025-08-13 20:49:00","6","19.63","Germany"
"INV107126","C00114","2026-03-07 15:46:00","5","48.84","Belgium"
"INV107127","C00024","2025-01-02 22:44:00","6","134.53","Netherlands"
"INV107128","C00315","2025-09-02 05:58:00","9","72.98","EIRE"
"INV107129","C00202","2026-03-17 09:28:00","7","161.81","France"
"INV107130","C00117","2026-01-18 08:39:00","7","154.56","United Kingdom"
"INV107131","C00461","2025-08-23 12:34:00","6","47.71","EIRE"
"INV107132","C00311","2025-11-17 17:39:00","2","53.15","Portugal"
"INV107133","C00343","2025-07-17 17:56:00","3","38.43","Italy"
"INV107134","C00265","2026-01-03 02:46:00","9","78.6","Germany"
"INV107135","C00201","2025-08-12 14:45:00","4","81.31","Italy"
"INV107136","C00414","2025-01-09 04:11:00","3","147.44","EIRE"
"INV107137","C00135","2025-12-27 15:14:00","8","177.47","Spain"
"INV107138","C00412","2025-05-06 20:12:00","4","45.83","Spain"
"INV107139","C00404","2025-11-10 23:05:00","4","127.3","Italy"
"INV107140","C00294","2025-04-12 07:22:00","4","51.99","Portugal"
"INV107141","C00326","2025-07-04 07:24:00","1","42.75","Netherlands"
"INV107142","C00268","2025-10-19 18:44:00","8","60.47","Netherlands"
"INV107143","C00392","2025-06-06 09:45:00","5","149.77","Netherlands"
"INV107144","C00197","2025-07-29 15:21:00","4","113.59","Netherlands"
"INV107145","C00255","2025-02-12 20:47:00","4","4.07","Italy"
"INV107146","C00419","2025-10-14 13:48:00","5","137.14","France"
"INV107147","C00162","2025-05-24 00:58:00","4","90.67","Italy"
"INV107148","C00469","2026-01-08 17:31:00","1","172.6","Netherlands"
"INV107149","C00061","2026-01-27 22:00:00","7","147.05","Portugal"
"INV107150","C00500","2026-02-17 10:08:00","7","74.41","United Kingdom"
"INV107151","C00005","2025-07-01 09:52:00","4","35.11","Spain"
"INV107152","C00216","2025-04-04 13:41:00","8","99.61","Belgium"
"INV107153","C00072","2025-04-28 03:15:00","5","125.34","Portugal"
"INV107154","C00437","2025-02-02 02:31:00","8","2.53","United Kingdom"
"INV107155","C00060","2025-09-08 05:00:00","2","1.94","EIRE"
"INV107156","C00381","2025-03-25 15:55:00","6","42.76","France"
"INV107157","C00344","2025-03-01 02:40:00","8","120.83","United Kingdom"
"INV107158","C00044","2025-09-04 16:49:00","1","32.72","Netherlands"
"INV107159","C00127","2025-08-13 12:16:00","3","23.34","France"
"INV107160","C00492","2025-11-02 09:14:00","1","137.77","Spain"
"INV107161","C00176","2025-03-29 22:31:00","5","158.98","EIRE"
"INV107162","C00413","2025-02-05 06:57:00","7","194.46","Italy"
"INV107163","C00092","2025-03-06 20:52:00","8","164.63","Italy"
"INV107164","C00332","2025-10-11 13:20:00","7","24.59","Portugal"
"CINV107165","C00076","2025-11-17 00:28:00","2","100.73","EIRE"
"INV107166","C00084","2025-05-11 10:33:00","4","96.57","France"
"INV107167","C00179","2025-08-09 05:10:00","8","84.78","Belgium"
"INV107168","C00461","2025-07-09 10:32:00","5","90.82","Italy"
"INV107169","C00385","2025-07-18 19:19:00","7","161.93","Belgium"
"INV107170","C00164","2025-04-20 13:03:00","3","108.74","Portugal"
"INV107171","C00483","2025-06-14 05:50:00","1","62.33","Netherlands"
"INV107172","C00320","2025-10-15 21:43:00","4","42.82","United Kingdom"
"INV107173","C00328","2025-05-29 06:12:00","2","75.18","Belgium"
"INV107174","C00152","2026-01-23 20:20:00","4","135.41","Belgium"
"INV107175","C00019","2025-10-05 04:58:00","2","101.12","Portugal"
"INV107176","C00456","2025-06-19 22:33:00","5","167.05","Germany"
"INV107177","C00114","2025-02-02 13:46:00","8","42.4","United Kingdom"
"INV107178","C00443","2025-11-29 21:06:00","4","159.69","EIRE"
"INV107179","C00156","2025-08-02 12:12:00","2","176.62","Belgium"
"INV107180","C00057","2025-04-05 19:30:00","4","60.6","Belgium"
"INV107181","C00397","2025-02-28 11:03:00","9","165.24","Netherlands"
"INV107182","C00209","2025-07-05 21:56:00","2","93.37","Spain"
"INV107183","C00386","2026-03-12 02:02:00","2","162.13","Portugal"
"INV107184","C00249","2026-03-15 16:46:00","5","142.58","Portugal"
"INV107185","C00155","2025-09-13 23:29:00","1","109.34","EIRE"
"INV107186","C00322","2025-10-28 15:48:00","1","59.97","Portugal"
"INV107187","C00269","2025-10-14 11:00:00","5","4.88","Portugal"
"INV107188","C00392","2025-12-29 06:17:00","4","35.72","France"
"INV107189","C00331","2025-08-13 05:22:00","7","193.68","United Kingdom"
"INV107190","C00049","2025-09-16 01:43:00","7","88.83","Portugal"
"INV107191","C00145","2025-05-13 15:26:00","7","23.09","Germany"
"CINV107192","C00316","2025-01-07 00:12:00","1","22.71","United Kingdom"
"INV107193","C00024","2025-10-26 05:38:00","8","5.43","Portugal"
"INV107194","C00145","2025-06-22 22:00:00","4","137.95","United Kingdom"
"CINV107195","C00032","2025-06-01 10:43:00","9","155.13","EIRE"
"INV107196","C00359","2025-05-04 17:41:00","9","167.72","Spain"
"INV107197","C00328","2025-02-28 21:53:00","4","37.86","EIRE"
"INV107198","C00275","2026-01-31 22:31:00","3","108.33","EIRE"
"INV107199","C00154","2025-12-15 19:04:00","1","82.54","Spain"
"INV107200","C00434","2026-03-25 13:54:00","8","134.49","Spain"
"INV107201","C00421","2025-10-12 18:47:00","5","177.69","Netherlands"
"INV107202","C00139","2025-05-25 17:35:00","2","104.34","EIRE"
"INV107203","C00321","2025-10-26 07:18:00","1","74.04","EIRE"
"INV107204","C00020","2025-12-03 08:19:00","1","198.46","Netherlands"
"INV107205","C00380","2025-05-30 03:20:00","7","190.69","Italy"
"INV107206","C00471","2026-02-28 21:30:00","4","100.72","Belgium"
"INV107207","C00215","2025-11-30 04:57:00","8","110.55","Spain"
"INV107208","C00284","2025-11-16 02:06:00","8","187.12","Germany"
"INV107209","C00210","2026-02-23 18:15:00","8","186.7","France"
"INV107210","C00035","2025-07-22 16:09:00","7","5.55","Netherlands"
"INV107211","C00086","2025-08-30 04:05:00","2","132.88","EIRE"
"INV107212","C00121","2025-05-20 23:00:00","9","154.51","Portugal"
"INV107213","C00158","2025-09-02 12:43:00","8","12.86","Portugal"
"INV107214","C00314","2025-07-20 16:39:00","6","51.81","Italy"
"INV107215","C00497","2025-12-16 16:27:00","8","89.06","United Kingdom"
"INV107216","C00152","2025-05-29 11:29:00","4","43.31","Germany"
"INV107217","C00270","2025-12-16 11:13:00","4","58.68","Spain"
"INV107218","C00051","2025-03-18 05:57:00","7","98.33","United Kingdom"
"INV107219","C00171","2025-03-16 08:23:00","9","22.53","Spain"
"INV107220","C00065","2025-01-29 10:50:00","3","184.9","Italy"
"INV107221","C00408","2025-04-28 17:34:00","7","104.83","Italy"
"INV107222","C00005","2026-01-04 08:53:00","7","100.01","EIRE"
"INV107223","C00247","2025-08-01 08:23:00","6","133.34","France"
"INV107224","C00446","2025-06-27 14:05:00","7","139.06","Belgium"
"INV107225","C00268","2026-01-20 21:47:00","4","157.83","Netherlands"
"INV107226","C00015","2025-11-30 14:49:00","6","128.52","Belgium"
"INV107227","C00064","2025-07-17 12:58:00","2","164.4","France"
"INV107228","C00056","2026-03-01 10:27:00","5","98.76","Spain"
"INV107229","C00067","2025-04-30 22:51:00","7","187.31","Belgium"
"INV107230","C00013","2025-09-08 01:00:00","8","189.39","Belgium"
"INV107231","C00305","2025-02-17 17:42:00","3","152.96","United Kingdom"
"INV107232","C00054","2025-10-07 08:56:00","9","140.17","France"
"INV107233","C00440","2025-12-24 22:47:00","3","102.46","United Kingdom"
"INV107234","C00294","2025-10-22 16:01:00","5","50.89","France"
"INV107235","C00363","2025-06-12 02:56:00","8","65.52","Italy"
"INV107236","C00022","2025-02-19 08:53:00","5","161.83","Spain"
"INV107237","C00031","2025-06-08 01:47:00","9","67.81","Germany"
"INV107238","C00425","2025-08-05 17:40:00","9","75.37","Portugal"
"INV107239","C00431","2025-09-02 17:40:00","3","180.4","EIRE"
"INV107240","C00276","2025-11-25 23:56:00","3","117.73","Germany"
"INV107241","C00185","2025-04-28 21:34:00","8","134.98","Belgium"
"INV107242","C00285","2025-12-15 07:43:00","1","197.16","Portugal"
"INV107243","C00322","2025-04-19 21:12:00","5","164.71","Germany"
"INV107244","C00275","2025-05-11 23:03:00","8","21.96","Germany"
"INV107245","C00003","2025-03-26 03:52:00","8","14.91","Portugal"
"INV107246","C00432","2026-01-31 05:02:00","9","148.51","France"
"INV107247","C00387","2026-02-07 04:49:00","8","186.44","Germany"
"INV107248","C00011","2026-02-13 11:37:00","1","178.95","United Kingdom"
"INV107249","C00212","2025-04-04 23:32:00","6","178.11","France"
"INV107250","C00374","2025-02-16 17:19:00","6","154","Portugal"
"INV107251","C00058","2025-05-29 08:33:00","3","186.23","Portugal"
"INV107252","C00046","2026-03-05 07:44:00","8","71.75","Portugal"
"INV107253","C00305","2026-03-08 03:24:00","3","133.57","Italy"
"INV107254","C00025","2025-01-25 23:32:00","8","72.33","Belgium"
"CINV107255","C00128","2025-04-15 06:57:00","7","21.44","Portugal"
"INV107256","C00401","2025-05-03 02:33:00","6","170.47","Portugal"
"INV107257","C00172","2026-03-11 17:54:00","7","18.39","Netherlands"
"INV107258","C00469","2025-01-29 16:28:00","7","20.61","Netherlands"
"INV107259","C00112","2026-01-23 02:40:00","3","146.93","EIRE"
"INV107260","C00166","2025-02-22 09:01:00","2","142.97","Netherlands"
"INV107261","C00087","2025-08-17 09:31:00","3","142.91","Netherlands"
"INV107262","C00117","2025-10-31 07:55:00","4","161.35","Spain"
"INV107263","C00337","2025-12-01 03:20:00","3","193.29","Portugal"
"INV107264","C00144","2025-04-16 07:25:00","6","128.24","Germany"
"CINV107265","C00298","2025-03-29 22:30:00","9","126.74","United Kingdom"
"INV107266","C00078","2025-03-29 10:15:00","5","174.23","France"
"INV107267","C00396","2025-11-25 15:58:00","3","149.62","Spain"
"INV107268","C00288","2025-05-09 02:15:00","2","189.1","United Kingdom"
"INV107269","C00326","2025-02-01 19:33:00","6","86.98","France"
"INV107270","C00252","2025-10-21 02:54:00","1","29.26","Portugal"
"INV107271","C00230","2025-12-11 22:03:00","4","162.26","Portugal"
"INV107272","C00053","2025-09-29 03:54:00","4","76.7","Spain"
"INV107273","C00372","2025-01-06 02:11:00","3","119.79","Italy"
"INV107274","C00139","2026-01-10 22:08:00","8","144.62","Spain"
"INV107275","C00261","2025-12-21 03:02:00","5","106.12","Netherlands"
"INV107276","C00329","2026-03-22 10:53:00","7","136.09","United Kingdom"
"INV107277","C00472","2026-01-23 02:42:00","1","126.88","Germany"
"INV107278","C00107","2025-11-20 14:12:00","8","47.14","Belgium"
"INV107279","C00275","2026-03-04 06:10:00","8","113.82","Germany"
"INV107280","C00289","2025-12-13 05:08:00","4","168.7","Belgium"
"INV107281","C00403","2025-11-02 09:11:00","4","14.25","Belgium"
"INV107282","C00278","2025-06-14 11:03:00","3","177.55","Germany"
"INV107283","C00057","2025-06-11 06:45:00","7","6.71","Germany"
"INV107284","C00078","2026-03-28 23:16:00","6","191.61","France"
"INV107285","C00187","2025-05-04 10:02:00","6","145.53","Italy"
"INV107286","C00242","2025-05-09 09:03:00","6","27.59","Germany"
"INV107287","C00469","2025-09-10 15:23:00","7","17.7","Portugal"
"INV107288","C00091","2025-08-12 05:33:00","8","23.2","Italy"
"INV107289","C00294","2025-09-22 20:30:00","9","82.15","United Kingdom"
"INV107290","C00455","2026-03-31 03:03:00","5","75.4","Germany"
"INV107291","C00411","2025-03-08 20:25:00","1","58.33","United Kingdom"
"INV107292","C00040","2025-07-26 16:53:00","1","164.84","France"
"INV107293","C00321","2025-10-14 16:56:00","6","77.6","Portugal"
"INV107294","C00193","2026-03-20 00:13:00","1","9.91","EIRE"
"INV107295","C00480","2025-02-14 17:05:00","2","40.99","Germany"
"INV107296","C00092","2025-02-01 10:56:00","1","147.8","Belgium"
"INV107297","C00396","2025-06-21 00:01:00","5","17.76","United Kingdom"
"INV107298","C00192","2025-10-17 14:14:00","4","44.4","Portugal"
"INV107299","C00224","2026-02-16 00:11:00","2","89.43","Italy"
"INV107300","C00199","2025-12-30 09:18:00","7","113.39","France"
"INV107301","C00275","2026-01-25 19:15:00","8","182.68","Spain"
"INV107302","C00446","2026-01-24 00:08:00","1","197.92","Belgium"
"INV107303","C00083","2026-03-07 19:59:00","3","193.32","Belgium"
"INV107304","C00193","2025-02-15 12:20:00","7","136.74","United Kingdom"
"INV107305","C00229","2025-08-28 19:46:00","8","82.02","Belgium"
"INV107306","C00018","2025-01-29 23:33:00","8","145.74","Spain"
"INV107307","C00002","2025-09-20 15:31:00","3","119.68","Portugal"
"INV107308","C00072","2025-12-02 19:24:00","3","55.54","Italy"
"INV107309","C00300","2025-05-04 22:33:00","6","61.86","Germany"
"INV107310","C00353","2025-02-12 09:58:00","4","45.8","Spain"
"INV107311","C00448","2025-07-14 20:34:00","6","5.37","Portugal"
"INV107312","C00282","2026-03-01 18:53:00","8","57.73","EIRE"
"INV107313","C00152","2025-12-09 02:06:00","1","112.41","Germany"
"INV107314","C00309","2025-10-25 04:46:00","2","138.78","Spain"
"INV107315","C00015","2025-02-25 19:07:00","3","108.28","United Kingdom"
"INV107316","C00216","2026-01-19 17:36:00","6","188.03","Portugal"
"INV107317","C00098","2026-01-27 15:52:00","7","3.71","Netherlands"
"INV107318","C00010","2025-10-30 11:10:00","9","196.2","Netherlands"
"INV107319","C00235","2025-12-14 01:47:00","6","75.61","Italy"
"INV107320","C00412","2025-08-28 05:56:00","3","68.33","Spain"
"INV107321","C00084","2026-02-04 23:50:00","6","124.96","Germany"
"INV107322","C00490","2025-02-03 21:00:00","8","147.37","Spain"
"INV107323","C00046","2026-02-08 04:21:00","3","175.18","Netherlands"
"INV107324","C00423","2025-06-07 11:15:00","2","120.21","EIRE"
"INV107325","C00403","2025-11-30 18:28:00","1","126.33","Portugal"
"INV107326","C00417","2025-06-10 09:39:00","8","10.96","Portugal"
"INV107327","C00263","2025-08-25 20:13:00","6","71.66","EIRE"
"INV107328","C00349","2025-01-27 13:41:00","6","108.09","Germany"
"INV107329","C00091","2025-01-29 09:09:00","5","174.7","United Kingdom"
"INV107330","C00161","2025-07-16 02:04:00","2","188.15","Italy"
"INV107331","C00038","2026-01-24 01:17:00","6","75.59","United Kingdom"
"INV107332","C00433","2025-06-15 20:09:00","3","91.49","Portugal"
"INV107333","C00475","2025-10-01 15:35:00","7","170.57","United Kingdom"
"INV107334","C00155","2025-08-17 01:36:00","9","37.01","Belgium"
"INV107335","C00320","2025-01-04 08:26:00","9","66.18","EIRE"
"INV107336","C00416","2025-01-15 14:17:00","2","99.26","Belgium"
"INV107337","C00259","2025-06-27 01:20:00","3","38.49","Portugal"
"INV107338","C00428","2025-04-19 06:21:00","7","86.02","Netherlands"
"INV107339","C00372","2025-03-03 04:55:00","4","62.13","EIRE"
"INV107340","C00061","2025-06-12 22:34:00","2","28.46","France"
"INV107341","C00208","2025-06-30 01:09:00","6","113.91","France"
"CINV107342","C00037","2025-06-27 21:03:00","6","46.28","United Kingdom"
"INV107343","C00066","2025-04-28 06:50:00","6","74","Germany"
"INV107344","C00171","2026-03-09 10:44:00","5","81.83","United Kingdom"
"INV107345","C00248","2025-11-18 19:36:00","1","160.23","Italy"
"INV107346","C00338","2025-09-11 23:57:00","7","80.53","Portugal"
"INV107347","C00408","2025-05-20 05:27:00","5","154.07","France"
"INV107348","C00102","2025-03-06 03:43:00","9","2.86","Belgium"
"INV107349","C00280","2025-01-11 05:38:00","9","175.55","Spain"
"INV107350","C00374","2025-04-02 00:22:00","1","184.94","EIRE"
"INV107351","C00056","2025-08-24 02:50:00","1","25.95","EIRE"
"INV107352","C00316","2025-11-12 21:13:00","7","184.23","Portugal"
"INV107353","C00379","2025-06-24 19:32:00","4","195.71","EIRE"
"INV107354","C00422","2025-08-08 11:54:00","5","110.97","France"
"INV107355","C00476","2025-12-21 07:42:00","8","104.57","Netherlands"
"INV107356","C00001","2025-12-17 20:12:00","6","114.8","Belgium"
"INV107357","C00179","2025-04-14 12:53:00","7","23.28","France"
"INV107358","C00275","2026-02-16 07:03:00","4","167.29","EIRE"
"INV107359","C00255","2025-01-19 15:14:00","4","5.19","Belgium"
"INV107360","C00135","2025-09-14 21:30:00","6","164.35","Portugal"
"INV107361","C00041","2025-08-24 05:51:00","2","44.19","Netherlands"
"INV107362","C00278","2025-12-01 07:20:00","9","191.65","Portugal"
"INV107363","C00353","2025-06-17 06:02:00","9","26.8","France"
"INV107364","C00344","2025-05-16 07:31:00","3","32.47","France"
"INV107365","C00196","2025-09-21 21:49:00","5","87.91","EIRE"
"CINV107366","C00052","2025-02-08 06:57:00","2","46.68","Germany"
"INV107367","C00324","2025-06-20 07:21:00","5","27.39","Germany"
"INV107368","C00295","2025-07-27 21:18:00","8","15.03","Italy"
"INV107369","C00131","2025-08-28 14:26:00","8","12.17","Italy"
"INV107370","C00283","2025-03-03 19:37:00","4","139.43","Spain"
"INV107371","C00388","2025-05-09 02:23:00","6","89.32","Italy"
"INV107372","C00494","2026-02-13 02:23:00","2","142.98","Netherlands"
"INV107373","C00166","2025-08-31 04:09:00","3","193.66","Belgium"
"INV107374","C00038","2025-04-22 07:49:00","1","22.36","United Kingdom"
"INV107375","C00162","2025-09-28 21:39:00","3","171.98","United Kingdom"
"INV107376","C00293","2026-03-26 02:00:00","2","131.29","Netherlands"
"INV107377","C00179","2025-05-25 18:27:00","8","151.64","Spain"
"INV107378","C00145","2026-03-12 12:55:00","7","67.16","United Kingdom"
"INV107379","C00316","2026-02-22 15:37:00","3","84.74","Portugal"
"INV107380","C00361","2025-07-08 17:44:00","7","151.19","EIRE"
"INV107381","C00451","2025-08-01 09:44:00","8","53.35","Netherlands"
"INV107382","C00421","2025-10-28 18:10:00","4","48.76","Portugal"
"INV107383","C00442","2026-03-10 01:25:00","1","144.45","Italy"
"INV107384","C00140","2025-09-04 09:47:00","8","3.04","Germany"
"INV107385","C00133","2025-10-15 13:02:00","1","188.17","EIRE"
"INV107386","C00313","2025-06-10 15:17:00","7","165.3","Belgium"
"INV107387","C00488","2025-05-23 20:10:00","6","82.08","Italy"
"INV107388","C00228","2025-12-27 09:52:00","5","173.22","Italy"
"INV107389","C00250","2025-10-12 09:47:00","4","113.56","Netherlands"
"CINV107390","C00256","2025-06-16 17:28:00","8","161.61","France"
"INV107391","C00449","2025-07-16 17:50:00","2","133.42","Portugal"
"INV107392","C00181","2025-06-02 19:01:00","9","78.93","EIRE"
"INV107393","C00438","2025-02-15 05:09:00","4","109.29","Germany"
"INV107394","C00268","2025-05-17 21:57:00","2","21.72","Germany"
"INV107395","C00486","2025-10-09 22:20:00","7","167.76","Netherlands"
"INV107396","C00136","2025-03-27 22:11:00","7","147.34","Italy"
"INV107397","C00470","2025-04-03 03:40:00","3","144.1","Netherlands"
"INV107398","C00380","2025-10-10 01:52:00","3","194.89","EIRE"
"INV107399","C00098","2025-05-02 14:54:00","6","139.67","France"
"INV107400","C00204","2025-05-18 21:22:00","4","181.01","Italy"
"INV107401","C00399","2026-01-06 12:06:00","5","125.32","Netherlands"
"INV107402","C00409","2025-02-15 11:38:00","1","13.57","Belgium"
"INV107403","C00350","2025-04-12 05:46:00","5","44.15","EIRE"
"INV107404","C00299","2026-01-21 08:55:00","5","177.85","Portugal"
"INV107405","C00416","2025-06-05 11:11:00","9","100.36","Belgium"
"INV107406","C00071","2025-07-12 23:18:00","1","82.44","United Kingdom"
"INV107407","C00226","2025-05-03 22:52:00","9","115.9","Italy"
"INV107408","C00450","2025-03-26 00:10:00","9","107.41","Netherlands"
"INV107409","C00284","2025-05-31 23:26:00","4","134.02","Germany"
"INV107410","C00314","2025-04-20 15:47:00","8","130.95","Germany"
"INV107411","C00359","2025-09-07 06:30:00","3","119.89","EIRE"
"INV107412","C00046","2025-06-12 22:18:00","4","105.16","Netherlands"
"INV107413","C00377","2026-03-28 16:08:00","3","24.46","Netherlands"
"INV107414","C00191","2026-03-25 01:27:00","1","166.19","Spain"
"INV107415","C00158","2025-09-16 09:10:00","8","175.05","Belgium"
"INV107416","C00093","2025-09-14 19:36:00","5","139.26","Netherlands"
"INV107417","C00377","2026-02-10 06:35:00","3","21.72","EIRE"
"INV107418","C00391","2025-08-26 10:26:00","5","171.41","EIRE"
"INV107419","C00024","2026-01-09 23:39:00","2","176.98","Italy"
"INV107420","C00358","2025-08-03 11:28:00","7","17.5","EIRE"
"INV107421","C00397","2025-05-12 03:18:00","4","91.14","Belgium"
"INV107422","C00393","2025-02-05 18:32:00","7","173.36","Italy"
"INV107423","C00380","2026-03-03 22:52:00","4","103.84","Germany"
"INV107424","C00091","2025-12-22 20:24:00","9","158.03","Netherlands"
"INV107425","C00268","2025-09-18 22:04:00","6","132.36","Belgium"
"INV107426","C00407","2025-10-25 00:24:00","5","59.34","Netherlands"
"CINV107427","C00466","2025-11-14 20:16:00","4","91.7","Netherlands"
"INV107428","C00230","2025-11-08 10:51:00","2","51.94","Netherlands"
"INV107429","C00183","2025-12-29 20:15:00","9","145","Spain"
"INV107430","C00122","2025-03-02 03:33:00","3","42.92","Netherlands"
"INV107431","C00193","2026-02-06 06:14:00","8","198.83","Spain"
"INV107432","C00116","2025-10-04 04:31:00","2","32.32","Spain"
"INV107433","C00396","2025-06-28 16:19:00","4","184.23","Netherlands"
"INV107434","C00264","2025-10-19 04:53:00","6","68.24","Italy"
"INV107435","C00394","2025-12-23 16:17:00","7","80.96","Germany"
"INV107436","C00258","2025-05-09 05:28:00","9","90.17","United Kingdom"
"INV107437","C00429","2026-03-23 08:21:00","6","117.07","Germany"
"INV107438","C00349","2025-07-06 21:53:00","9","174.19","United Kingdom"
"INV107439","C00398","2025-06-27 13:28:00","2","83.59","EIRE"
"INV107440","C00001","2025-02-05 01:40:00","8","53.57","Portugal"
"INV107441","C00076","2025-04-02 16:45:00","6","106.11","Belgium"
"INV107442","C00269","2025-04-05 04:27:00","9","73.25","France"
"INV107443","C00027","2025-12-04 01:39:00","5","180.71","Netherlands"
"INV107444","C00094","2025-07-03 14:25:00","2","107.26","Belgium"
"INV107445","C00038","2025-05-01 22:33:00","8","144.98","Netherlands"
"INV107446","C00086","2026-02-12 01:16:00","6","178.74","Germany"
"INV107447","C00278","2026-02-04 12:11:00","8","45.14","EIRE"
"INV107448","C00292","2025-04-18 02:31:00","2","30.42","Spain"
"INV107449","C00237","2025-12-27 19:48:00","7","188.74","United Kingdom"
"INV107450","C00281","2025-01-09 17:19:00","2","45.71","United Kingdom"
"INV107451","C00428","2026-02-17 06:35:00","5","147.5","France"
"INV107452","C00213","2025-07-14 10:48:00","1","4.7","EIRE"
"CINV107453","C00319","2026-02-23 14:02:00","9","18.43","EIRE"
"INV107454","C00075","2025-12-20 17:55:00","8","21.03","Italy"
"INV107455","C00192","2026-02-21 08:58:00","3","181.31","Spain"
"INV107456","C00270","2025-09-22 22:57:00","2","71.44","EIRE"
"INV107457","C00123","2026-02-06 13:08:00","7","130.46","Italy"
"INV107458","C00181","2025-10-01 19:32:00","1","7.05","United Kingdom"
"INV107459","C00480","2025-11-22 18:32:00","6","101.52","Germany"
"INV107460","C00247","2025-05-28 14:02:00","1","20.8","EIRE"
"INV107461","C00132","2025-06-20 10:58:00","1","102.5","Italy"
"INV107462","C00255","2025-12-17 20:39:00","9","181.55","Portugal"
"INV107463","C00261","2025-04-23 05:15:00","3","136.39","Belgium"
"INV107464","C00017","2025-03-30 16:52:00","9","163.31","EIRE"
"INV107465","C00253","2026-02-03 11:45:00","1","172.99","Spain"
"INV107466","C00229","2025-11-17 07:39:00","2","5.35","France"
"INV107467","C00440","2025-06-24 16:34:00","9","97.83","Italy"
"INV107468","C00401","2026-02-22 17:07:00","3","48.42","Spain"
"INV107469","C00100","2026-01-11 19:34:00","4","132.15","Italy"
"INV107470","C00122","2025-04-19 23:59:00","3","42.7","Italy"
"INV107471","C00219","2025-12-03 06:35:00","8","72.22","Italy"
"INV107472","C00396","2026-03-15 11:12:00","5","187.49","Spain"
"INV107473","C00025","2025-01-17 17:24:00","4","69.45","Italy"
"INV107474","C00018","2025-08-13 05:27:00","5","29.28","Portugal"
"INV107475","C00312","2025-06-12 19:28:00","9","77.22","EIRE"
"INV107476","C00429","2025-12-25 21:50:00","2","14.68","Germany"
"INV107477","C00339","2025-06-03 09:04:00","4","20.85","Belgium"
"INV107478","C00478","2025-03-24 03:54:00","9","177.88","Spain"
"INV107479","C00184","2025-08-30 20:07:00","1","99.54","Spain"
"INV107480","C00216","2025-02-19 22:04:00","5","18.87","Netherlands"
"INV107481","C00270","2025-09-04 15:13:00","4","140.2","Portugal"
"INV107482","C00293","2025-11-13 05:28:00","8","63.13","Belgium"
"INV107483","C00104","2025-06-01 08:21:00","2","22.03","United Kingdom"
"INV107484","C00330","2025-04-02 14:07:00","7","135.24","Portugal"
"INV107485","C00457","2026-02-22 14:08:00","9","126.74","United Kingdom"
"INV107486","C00447","2025-09-13 22:18:00","5","180.54","Belgium"
"INV107487","C00111","2025-12-05 20:50:00","1","31.66","EIRE"
"INV107488","C00080","2026-03-04 01:37:00","9","137.64","France"
"INV107489","C00141","2025-05-27 21:23:00","1","177.78","Spain"
"INV107490","C00189","2025-11-03 12:14:00","8","92.1","Portugal"
"INV107491","C00469","2026-01-17 04:17:00","9","192.55","Portugal"
"INV107492","C00463","2025-04-19 16:51:00","6","113.91","Portugal"
"INV107493","C00192","2025-01-30 23:00:00","1","121.6","Spain"
"INV107494","C00126","2025-11-27 12:41:00","7","195.29","Netherlands"
"INV107495","C00077","2025-04-21 04:20:00","4","154.85","EIRE"
"INV107496","C00041","2025-01-18 00:52:00","4","111.03","Belgium"
"INV107497","C00488","2025-03-19 07:58:00","6","21.36","EIRE"
"INV107498","C00363","2025-01-24 08:46:00","9","143.33","United Kingdom"
"INV107499","C00188","2025-01-14 17:45:00","1","4.76","EIRE"
"INV107500","C00049","2026-03-23 10:38:00","9","68.51","Portugal"
"INV107501","C00332","2025-11-14 19:57:00","1","182.47","France"
"INV107502","C00011","2025-08-10 08:59:00","2","130.19","Belgium"
"INV107503","C00163","2025-04-06 06:22:00","6","198.45","EIRE"
"INV107504","C00258","2025-03-27 11:30:00","6","4.55","Netherlands"
"INV107505","C00080","2025-03-19 19:11:00","4","50.67","Belgium"
"INV107506","C00366","2025-01-10 17:59:00","7","25.71","Italy"
"INV107507","C00071","2025-04-29 19:56:00","4","149.65","Netherlands"
"INV107508","C00162","2025-03-16 15:39:00","7","133.91","Germany"
"INV107509","C00476","2025-12-18 10:27:00","8","189.27","Germany"
"INV107510","C00276","2025-08-13 14:02:00","7","140.93","Portugal"
"INV107511","C00100","2025-08-31 15:27:00","3","157.74","Netherlands"
"CINV107512","C00358","2025-07-09 18:37:00","2","100.91","Germany"
"INV107513","C00452","2025-01-17 08:47:00","7","65.5","Netherlands"
"INV107514","C00098","2025-04-29 09:02:00","4","139.65","Belgium"
"INV107515","C00146","2025-02-22 19:32:00","5","161.09","Italy"
"INV107516","C00343","2025-05-29 17:19:00","2","180.8","Netherlands"
"INV107517","C00285","2025-06-14 17:00:00","7","162.49","Portugal"
"INV107518","C00356","2025-05-10 00:08:00","5","187.99","Belgium"
"INV107519","C00222","2025-05-03 23:08:00","9","187.77","United Kingdom"
"INV107520","C00027","2025-06-10 23:00:00","4","130.19","EIRE"
"INV107521","C00382","2025-09-30 02:22:00","6","88.02","Portugal"
"INV107522","C00036","2025-09-26 06:00:00","4","10.02","Germany"
"INV107523","C00425","2025-05-31 05:38:00","8","67.74","Spain"
"INV107524","C00198","2025-12-26 04:09:00","2","9.68","Netherlands"
"INV107525","C00196","2025-05-13 08:06:00","9","111.68","Spain"
"INV107526","C00009","2025-10-30 10:16:00","2","109.79","Netherlands"
"INV107527","C00488","2025-08-09 04:52:00","5","120.21","EIRE"
"INV107528","C00412","2025-05-29 15:16:00","6","79.83","Germany"
"CINV107529","C00428","2025-07-29 14:52:00","4","33.09","United Kingdom"
"INV107530","C00025","2026-01-19 00:21:00","3","34.15","EIRE"
"INV107531","C00019","2026-01-22 11:58:00","8","138.15","Italy"
"CINV107532","C00314","2025-01-27 12:32:00","9","65.86","Germany"
"INV107533","C00492","2025-10-12 03:32:00","6","100.6","Portugal"
"INV107534","C00020","2025-06-05 07:06:00","3","115.17","Germany"
"INV107535","C00032","2025-09-06 03:56:00","9","10.12","Italy"
"INV107536","C00479","2025-11-11 13:16:00","8","62.55","Portugal"
"INV107537","C00206","2026-01-01 01:16:00","2","16.41","EIRE"
"INV107538","C00327","2025-01-25 12:58:00","4","99.25","EIRE"
"INV107539","C00451","2025-05-26 02:58:00","6","29.45","Netherlands"
"INV107540","C00380","2025-05-20 20:16:00","5","34.19","Italy"
"INV107541","C00352","2025-06-03 06:39:00","7","39.08","Netherlands"
"INV107542","C00050","2025-04-14 08:09:00","7","16.46","EIRE"
"INV107543","C00181","2025-05-08 03:10:00","6","165.64","France"
"INV107544","C00347","2025-09-28 14:26:00","2","112.92","Spain"
"INV107545","C00283","2025-08-28 00:15:00","9","73.31","EIRE"
"INV107546","C00183","2025-05-26 10:02:00","9","136.29","United Kingdom"
"INV107547","C00343","2025-07-10 10:21:00","5","122.99","Portugal"
"INV107548","C00029","2026-01-18 17:17:00","9","151.08","EIRE"
"INV107549","C00106","2025-04-20 02:01:00","5","194.54","Portugal"
"INV107550","C00182","2025-05-12 13:26:00","5","125.86","Spain"
"INV107551","C00488","2026-02-03 11:38:00","3","42.04","Netherlands"
"INV107552","C00348","2025-02-22 03:34:00","7","123.24","France"
"INV107553","C00448","2025-07-17 04:34:00","3","196.06","United Kingdom"
"INV107554","C00266","2026-03-24 07:47:00","7","96.01","Netherlands"
"INV107555","C00157","2025-11-19 22:07:00","8","63.29","Italy"
"INV107556","C00438","2025-11-17 21:41:00","1","59.24","Portugal"
"INV107557","C00354","2025-06-18 07:48:00","6","48.37","United Kingdom"
"INV107558","C00306","2026-02-04 16:41:00","2","12.55","Italy"
"INV107559","C00229","2025-07-26 03:48:00","8","129.7","Belgium"
"INV107560","C00203","2025-11-25 11:03:00","9","68.74","Spain"
"INV107561","C00497","2025-07-27 12:30:00","5","122.48","Italy"
"INV107562","C00311","2025-10-18 03:25:00","5","12.99","France"
"CINV107563","C00492","2025-09-24 16:19:00","5","167.3","Italy"
"INV107564","C00492","2025-04-07 16:45:00","2","89.94","Portugal"
"INV107565","C00495","2025-11-16 19:47:00","9","42.22","Portugal"
"INV107566","C00150","2026-01-18 17:00:00","2","114.32","France"
"INV107567","C00014","2025-08-07 06:54:00","1","143.75","Netherlands"
"INV107568","C00160","2025-10-31 14:38:00","6","66.14","Belgium"
"INV107569","C00155","2026-03-14 06:00:00","6","33.08","Italy"
"INV107570","C00342","2025-09-26 10:49:00","8","180.92","Italy"
"INV107571","C00294","2025-04-08 11:23:00","6","196.69","United Kingdom"
"INV107572","C00247","2025-06-13 23:14:00","5","184.62","Germany"
"INV107573","C00418","2025-07-21 14:56:00","1","164.87","Belgium"
"INV107574","C00417","2026-03-25 10:52:00","1","179.04","Italy"
"INV107575","C00464","2025-04-27 11:25:00","3","159.58","Netherlands"
"INV107576","C00367","2025-05-31 07:40:00","5","94.19","France"
"INV107577","C00206","2026-02-02 09:48:00","2","97.15","United Kingdom"
"INV107578","C00179","2025-09-11 06:25:00","2","183.44","Germany"
"INV107579","C00088","2026-02-07 23:03:00","3","101.06","Germany"
"INV107580","C00402","2025-10-11 15:23:00","6","64.25","Spain"
"INV107581","C00386","2025-09-01 09:57:00","4","54.1","Spain"
"INV107582","C00088","2025-07-22 14:06:00","4","23.47","Belgium"
"INV107583","C00172","2025-03-16 10:13:00","5","110.09","Italy"
"INV107584","C00411","2025-01-08 01:40:00","4","106.75","Germany"
"INV107585","C00136","2026-03-12 19:39:00","9","75.19","Portugal"
"INV107586","C00444","2025-10-18 08:05:00","6","124.23","Germany"
"INV107587","C00188","2025-02-10 06:55:00","7","66.01","Spain"
"INV107588","C00400","2025-08-27 21:36:00","6","180.07","Portugal"
"INV107589","C00182","2025-07-04 06:25:00","2","21.59","Portugal"
"INV107590","C00086","2026-03-06 06:19:00","7","133.02","EIRE"
"CINV107591","C00309","2025-04-07 02:00:00","2","94.91","Germany"
"INV107592","C00125","2025-10-25 13:37:00","4","107.05","Belgium"
"INV107593","C00108","2026-02-15 23:19:00","7","92.92","United Kingdom"
"INV107594","C00322","2025-03-21 11:18:00","1","44.31","EIRE"
"INV107595","C00484","2025-08-21 02:31:00","2","27.88","EIRE"
"INV107596","C00466","2025-06-12 20:35:00","2","134.11","Netherlands"
"INV107597","C00120","2025-11-03 13:11:00","9","69.44","Italy"
"INV107598","C00302","2026-02-28 01:48:00","9","187.43","Belgium"
"INV107599","C00288","2025-11-27 19:29:00","7","103.47","Netherlands"
"INV107600","C00268","2025-10-29 12:51:00","1","152.06","Spain"
"INV107601","C00471","2025-08-12 08:21:00","3","188.73","EIRE"
"INV107602","C00077","2025-11-03 20:44:00","5","8.56","Germany"
"INV107603","C00353","2025-03-28 19:02:00","4","114.48","Italy"
"INV107604","C00406","2025-05-28 23:06:00","2","149.84","Netherlands"
"INV107605","C00265","2025-03-20 20:16:00","5","71.84","Belgium"
"INV107606","C00479","2025-05-05 19:52:00","9","186.33","Italy"
"INV107607","C00377","2025-10-08 12:18:00","9","66.48","Netherlands"
"INV107608","C00160","2025-12-12 02:49:00","1","47.12","Belgium"
"INV107609","C00052","2025-08-23 12:15:00","5","47.72","EIRE"
"INV107610","C00396","2025-12-15 17:24:00","3","127.69","Portugal"
"INV107611","C00431","2025-01-16 07:04:00","3","58.3","Portugal"
"INV107612","C00465","2025-06-14 18:56:00","7","50.35","Portugal"
"INV107613","C00119","2025-04-04 01:03:00","2","182.71","Belgium"
"INV107614","C00100","2026-02-10 04:00:00","4","29.78","Spain"
"INV107615","C00179","2025-10-11 02:41:00","9","153.76","France"
"INV107616","C00086","2025-04-07 20:14:00","6","178.54","France"
"INV107617","C00172","2025-06-23 00:59:00","3","177.96","EIRE"
"INV107618","C00080","2025-01-29 23:48:00","4","28.89","Spain"
"INV107619","C00030","2026-01-27 02:54:00","6","94.81","Germany"
"INV107620","C00047","2025-12-22 04:08:00","2","150.13","Spain"
"INV107621","C00252","2026-03-29 06:12:00","8","75.77","Netherlands"
"INV107622","C00375","2025-05-28 13:22:00","6","124.51","Belgium"
"INV107623","C00400","2025-11-02 19:07:00","3","146.11","Netherlands"
"INV107624","C00004","2025-08-25 01:16:00","8","183.29","Spain"
"INV107625","C00380","2025-11-01 11:09:00","3","31.19","France"
"INV107626","C00173","2025-02-07 15:10:00","1","77.9","Germany"
"INV107627","C00295","2025-08-19 08:04:00","9","6.89","EIRE"
"CINV107628","C00289","2025-10-06 18:45:00","7","132.39","United Kingdom"
"INV107629","C00445","2025-10-24 05:46:00","7","137.43","Spain"
"INV107630","C00445","2025-09-18 22:57:00","8","2.86","Italy"
"INV107631","C00429","2025-07-08 02:25:00","1","26.66","Spain"
"INV107632","C00165","2025-07-07 15:30:00","2","38.8","France"
"INV107633","C00199","2025-12-13 15:49:00","9","90.53","Germany"
"INV107634","C00113","2025-04-11 06:07:00","3","188.85","Portugal"
"INV107635","C00023","2026-03-11 11:11:00","6","15.2","EIRE"
"CINV107636","C00023","2025-12-02 18:36:00","5","20.49","EIRE"
"INV107637","C00049","2025-09-22 10:00:00","1","46.72","Netherlands"
"INV107638","C00186","2025-02-19 18:26:00","9","80.84","Belgium"
"CINV107639","C00171","2026-01-15 07:56:00","8","158.86","Netherlands"
"INV107640","C00452","2025-03-20 11:07:00","2","99.65","EIRE"
"INV107641","C00423","2025-12-23 00:24:00","3","97.73","Spain"
"INV107642","C00078","2025-11-28 14:05:00","3","115.94","Netherlands"
"INV107643","C00308","2025-01-12 12:13:00","8","83.57","Belgium"
"INV107644","C00282","2025-11-09 04:58:00","8","121.44","United Kingdom"
"INV107645","C00135","2025-11-02 04:23:00","6","5.04","France"
"INV107646","C00092","2025-12-08 01:24:00","7","26.29","Germany"
"INV107647","C00196","2026-03-16 17:16:00","7","51.63","France"
"INV107648","C00399","2026-01-26 22:29:00","4","23.35","Netherlands"
"INV107649","C00028","2025-05-02 02:18:00","2","187.68","Netherlands"
"INV107650","C00091","2026-03-12 07:36:00","4","44.1","Italy"
"INV107651","C00470","2025-08-07 19:02:00","6","37.19","France"
"INV107652","C00417","2025-05-24 11:08:00","1","76.48","Belgium"
"INV107653","C00306","2025-12-28 01:27:00","9","79.38","Italy"
"INV107654","C00491","2025-05-19 16:52:00","5","51.41","France"
"INV107655","C00178","2025-02-13 12:19:00","7","75.82","Belgium"
"INV107656","C00262","2025-04-21 15:56:00","4","66.17","Portugal"
"INV107657","C00247","2025-03-24 10:25:00","6","135.16","Portugal"
"INV107658","C00419","2025-04-21 17:43:00","7","56.01","Italy"
"INV107659","C00027","2026-03-22 15:23:00","2","182.1","Italy"
"INV107660","C00466","2025-11-11 10:40:00","1","34.92","Netherlands"
"INV107661","C00164","2025-03-19 10:22:00","8","199.84","Belgium"
"INV107662","C00481","2026-03-03 02:42:00","7","115.09","Netherlands"
"INV107663","C00010","2025-07-02 13:42:00","3","50.29","United Kingdom"
"INV107664","C00298","2025-04-02 16:54:00","4","64.9","Italy"
"INV107665","C00360","2025-05-08 00:49:00","2","116.77","Italy"
"INV107666","C00083","2025-05-09 04:03:00","3","91.41","Spain"
"INV107667","C00081","2026-01-23 15:09:00","6","68.56","Spain"
"CINV107668","C00048","2026-02-16 05:23:00","6","89.95","United Kingdom"
"INV107669","C00261","2025-04-20 19:25:00","6","154.54","Germany"
"INV107670","C00101","2025-07-27 07:49:00","7","60.51","Netherlands"
"INV107671","C00067","2026-03-18 09:19:00","2","23.02","EIRE"
"INV107672","C00014","2025-06-14 08:27:00","4","27.83","United Kingdom"
"INV107673","C00113","2025-03-23 13:46:00","4","61.42","Germany"
"INV107674","C00121","2025-09-04 21:45:00","8","137.79","Germany"
"INV107675","C00086","2025-02-22 11:43:00","4","66.35","EIRE"
"INV107676","C00481","2025-03-04 03:33:00","9","194.36","Netherlands"
"INV107677","C00168","2025-03-14 00:04:00","8","21.09","Portugal"
"INV107678","C00056","2025-03-31 22:09:00","9","13.38","Belgium"
"INV107679","C00490","2026-03-23 03:49:00","2","73.49","EIRE"
"INV107680","C00082","2025-07-09 08:48:00","8","150.61","Belgium"
"INV107681","C00012","2025-04-07 03:45:00","3","167.49","United Kingdom"
"INV107682","C00125","2026-01-24 09:38:00","5","80.32","Portugal"
"INV107683","C00481","2025-10-11 13:45:00","7","120.19","France"
"INV107684","C00237","2025-05-05 11:25:00","6","62.78","United Kingdom"
"INV107685","C00084","2025-08-17 09:04:00","7","85.78","Belgium"
"INV107686","C00046","2025-04-27 11:53:00","6","186.08","Belgium"
"INV107687","C00063","2026-02-23 14:18:00","6","168.71","Italy"
"INV107688","C00393","2025-03-12 16:04:00","6","8.7","Netherlands"
"INV107689","C00279","2025-05-02 02:13:00","7","195.16","Belgium"
"INV107690","C00295","2025-07-21 10:58:00","4","187.24","Italy"
"INV107691","C00449","2026-01-16 08:48:00","1","171.65","Spain"
"INV107692","C00491","2025-09-01 02:15:00","6","87.55","Germany"
"CINV107693","C00047","2026-01-02 18:13:00","5","165.01","Spain"
"INV107694","C00373","2025-08-27 21:19:00","1","163.55","United Kingdom"
"INV107695","C00207","2025-06-21 08:59:00","9","77.36","Germany"
"INV107696","C00291","2026-02-03 13:52:00","4","152.35","EIRE"
"INV107697","C00407","2025-01-10 10:06:00","3","115.64","France"
"INV107698","C00164","2025-09-12 21:03:00","5","17.41","EIRE"
"INV107699","C00354","2025-09-29 01:55:00","2","107.79","Spain"
"INV107700","C00369","2026-03-23 04:07:00","3","31.6","EIRE"
"INV107701","C00405","2025-01-06 15:05:00","9","78.46","Germany"
"INV107702","C00325","2025-08-29 04:10:00","9","71.31","France"
"INV107703","C00498","2025-06-12 12:51:00","6","129.23","Portugal"
"INV107704","C00228","2025-08-23 15:47:00","1","134.76","Italy"
"INV107705","C00422","2025-02-27 15:16:00","7","114.83","Netherlands"
"INV107706","C00085","2025-09-02 17:27:00","6","65.93","Netherlands"
"INV107707","C00258","2025-04-08 03:32:00","4","51.58","EIRE"
"CINV107708","C00304","2025-06-23 14:39:00","8","23.83","Germany"
"INV107709","C00134","2026-02-05 19:14:00","4","147.12","Spain"
"INV107710","C00391","2025-09-11 23:50:00","1","128.69","Netherlands"
"INV107711","C00312","2025-08-28 02:45:00","3","141.6","Portugal"
"INV107712","C00041","2025-01-26 04:33:00","1","17.48","Spain"
"INV107713","C00441","2026-02-01 11:38:00","3","56.1","Netherlands"
"INV107714","C00368","2025-09-27 10:19:00","6","37.94","Belgium"
"INV107715","C00406","2026-03-12 12:21:00","7","142.03","Netherlands"
"INV107716","C00075","2025-04-01 15:33:00","8","81.37","Netherlands"
"INV107717","C00475","2025-11-08 18:52:00","9","178.96","Germany"
"INV107718","C00451","2026-01-27 06:15:00","7","95.21","Portugal"
"INV107719","C00499","2026-03-04 23:13:00","8","56.7","Portugal"
"INV107720","C00085","2025-03-03 20:04:00","3","115.91","Germany"
"INV107721","C00008","2025-05-15 15:46:00","3","2.17","France"
"INV107722","C00155","2025-07-06 02:44:00","6","149.52","EIRE"
"INV107723","C00415","2025-10-17 05:01:00","3","105.53","Germany"
"INV107724","C00469","2026-03-24 22:22:00","5","18.64","Spain"
"INV107725","C00109","2025-10-16 10:26:00","1","2.12","Portugal"
"INV107726","C00045","2025-11-01 11:48:00","2","85.88","Netherlands"
"INV107727","C00482","2025-06-25 16:51:00","8","108.84","United Kingdom"
"INV107728","C00285","2026-01-01 12:05:00","1","41.14","Germany"
"INV107729","C00167","2025-10-07 09:55:00","6","14.65","Germany"
"INV107730","C00438","2025-09-26 06:08:00","4","48.97","Portugal"
"CINV107731","C00369","2025-03-15 13:17:00","1","12.18","Portugal"
"INV107732","C00227","2026-02-02 22:58:00","4","94.87","Netherlands"
"INV107733","C00491","2025-10-17 13:27:00","8","131.57","United Kingdom"
"INV107734","C00488","2026-01-05 07:41:00","3","86.95","Germany"
"INV107735","C00437","2025-02-25 11:39:00","1","13.69","Netherlands"
"INV107736","C00230","2026-02-10 00:58:00","3","49.42","EIRE"
"INV107737","C00410","2025-12-19 02:26:00","2","164.4","Portugal"
"INV107738","C00036","2025-05-23 21:14:00","5","149.18","Belgium"
"INV107739","C00465","2025-10-03 08:13:00","4","68.45","France"
"INV107740","C00010","2025-06-22 18:31:00","9","143.61","Germany"
"INV107741","C00304","2025-12-30 10:39:00","5","35.65","Belgium"
"INV107742","C00107","2025-02-19 22:42:00","4","151.78","Germany"
"INV107743","C00106","2025-06-16 02:47:00","5","28.22","United Kingdom"
"INV107744","C00084","2025-05-17 03:24:00","8","89.47","Spain"
"INV107745","C00414","2025-02-07 15:11:00","2","169.86","Spain"
"INV107746","C00121","2026-03-21 23:52:00","9","10.89","EIRE"
"INV107747","C00032","2025-09-24 13:00:00","7","110.93","Belgium"
"INV107748","C00148","2026-01-14 04:21:00","7","160.3","Germany"
"INV107749","C00366","2025-02-27 06:46:00","9","33.58","United Kingdom"
"INV107750","C00218","2025-08-18 23:35:00","5","156.1","France"
"INV107751","C00056","2026-01-16 01:44:00","7","113.84","United Kingdom"
"INV107752","C00039","2025-02-28 06:12:00","3","52.34","Belgium"
"INV107753","C00012","2025-11-10 08:41:00","1","135.02","France"
"INV107754","C00238","2025-05-19 17:55:00","3","53.79","Portugal"
"INV107755","C00334","2025-07-03 14:21:00","9","98.55","EIRE"
"INV107756","C00242","2026-01-01 13:30:00","2","141.9","Belgium"
"INV107757","C00455","2025-05-09 06:10:00","6","91.59","United Kingdom"
"INV107758","C00454","2025-05-24 03:24:00","9","161.22","EIRE"
"INV107759","C00233","2025-10-16 11:31:00","9","15.86","United Kingdom"
"INV107760","C00171","2026-01-17 20:48:00","3","186.57","Portugal"
"INV107761","C00066","2025-07-25 06:30:00","9","84.46","Germany"
"INV107762","C00015","2025-10-05 04:09:00","2","6.06","Belgium"
"INV107763","C00176","2026-03-10 06:30:00","1","117.75","Belgium"
"INV107764","C00325","2025-04-27 09:26:00","6","170.77","Spain"
"INV107765","C00305","2025-12-04 23:00:00","5","85.05","Netherlands"
"INV107766","C00295","2025-11-14 12:31:00","5","171.18","Netherlands"
"INV107767","C00454","2025-07-23 04:09:00","3","138.89","United Kingdom"
"INV107768","C00441","2025-11-27 09:37:00","8","189.72","EIRE"
"INV107769","C00470","2025-08-23 21:37:00","4","6.84","Belgium"
"INV107770","C00347","2025-12-25 06:31:00","5","10.46","Portugal"
"INV107771","C00088","2025-08-22 10:12:00","1","24.7","Italy"
"INV107772","C00125","2025-08-28 10:45:00","7","180.44","Spain"
"INV107773","C00401","2025-04-29 21:08:00","7","129.24","Belgium"
"INV107774","C00431","2025-03-28 14:23:00","1","113.26","Germany"
"INV107775","C00024","2025-10-29 11:17:00","9","171.31","United Kingdom"
"INV107776","C00454","2025-07-04 10:57:00","7","81.7","Netherlands"
"INV107777","C00057","2025-06-07 10:42:00","7","154.32","Portugal"
"INV107778","C00430","2025-12-18 22:50:00","2","111.41","Spain"
"INV107779","C00453","2026-03-16 19:42:00","8","82.2","Italy"
"INV107780","C00181","2025-01-19 12:40:00","3","94.23","Portugal"
"INV107781","C00281","2025-05-29 21:57:00","2","89.32","France"
"INV107782","C00204","2025-11-17 06:30:00","8","116.36","Germany"
"INV107783","C00210","2025-12-19 15:24:00","2","110.74","United Kingdom"
"INV107784","C00009","2025-09-09 05:33:00","6","12.95","Portugal"
"INV107785","C00364","2025-12-08 19:52:00","1","162.98","Portugal"
"INV107786","C00156","2025-07-02 04:40:00","2","12.95","Belgium"
"INV107787","C00254","2026-03-29 19:16:00","1","43.53","Netherlands"
"INV107788","C00010","2025-03-18 18:40:00","8","136.23","Germany"
"INV107789","C00172","2026-01-16 17:23:00","9","131.2","United Kingdom"
"INV107790","C00228","2025-01-31 11:07:00","2","51.03","Netherlands"
"INV107791","C00215","2025-10-13 15:22:00","7","108.55","Spain"
"INV107792","C00320","2025-12-13 12:21:00","9","81.79","Belgium"
"INV107793","C00349","2026-02-11 18:45:00","2","120.4","United Kingdom"
"INV107794","C00240","2025-07-29 11:24:00","4","145.43","United Kingdom"
"INV107795","C00108","2026-03-23 00:27:00","7","19.61","Spain"
"INV107796","C00244","2026-03-25 23:09:00","6","3.34","Portugal"
"INV107797","C00116","2025-01-08 15:58:00","2","129.06","Spain"
"INV107798","C00476","2025-11-24 13:22:00","8","50.52","Belgium"
"INV107799","C00387","2025-04-15 20:10:00","2","198.48","United Kingdom"
"INV107800","C00494","2025-08-24 08:36:00","4","10.66","Belgium"
"INV107801","C00184","2025-07-03 16:25:00","1","103.35","Spain"
"INV107802","C00458","2025-03-22 19:38:00","9","177.02","Portugal"
"INV107803","C00432","2025-10-13 20:19:00","5","147.82","Portugal"
"INV107804","C00033","2026-02-13 14:57:00","1","179.61","United Kingdom"
"INV107805","C00281","2025-01-24 08:55:00","3","47.66","Netherlands"
"INV107806","C00442","2026-01-31 06:52:00","6","18.05","Italy"
"INV107807","C00248","2025-11-02 11:11:00","6","97.32","Germany"
"INV107808","C00441","2025-10-12 20:27:00","9","26.79","Netherlands"
"INV107809","C00292","2025-10-31 21:58:00","3","34.38","Italy"
"INV107810","C00079","2026-03-05 00:09:00","9","111.13","Germany"
"INV107811","C00234","2025-06-23 10:57:00","6","122.21","Netherlands"
"INV107812","C00242","2025-03-25 03:38:00","9","174.38","Netherlands"
"INV107813","C00110","2026-02-02 22:57:00","2","26.86","Netherlands"
"INV107814","C00115","2025-11-09 02:42:00","1","157.85","Spain"
"INV107815","C00329","2025-08-19 08:02:00","6","57.16","Portugal"
"INV107816","C00248","2026-03-22 16:28:00","3","40.27","Italy"
"INV107817","C00400","2026-03-19 02:48:00","3","1.74","EIRE"
"INV107818","C00414","2025-12-18 16:38:00","4","61.36","United Kingdom"
"INV107819","C00058","2026-03-29 22:29:00","4","149.52","Belgium"
"INV107820","C00494","2025-07-21 10:28:00","9","39.71","France"
"INV107821","C00440","2025-02-13 16:26:00","7","149.71","Germany"
"INV107822","C00425","2025-02-11 14:46:00","9","177.87","Germany"
"INV107823","C00376","2025-06-08 16:10:00","2","133.9","France"
"INV107824","C00177","2025-12-26 22:13:00","7","74.44","Italy"
"INV107825","C00384","2025-11-12 08:54:00","3","124.28","Germany"
"INV107826","C00055","2025-03-23 09:56:00","9","168.57","Germany"
"INV107827","C00165","2025-12-09 22:30:00","9","43.63","Netherlands"
"INV107828","C00342","2025-11-24 22:03:00","1","128.62","Italy"
"INV107829","C00253","2025-10-05 10:34:00","7","48.15","Belgium"
"INV107830","C00112","2025-07-06 16:13:00","5","107.52","EIRE"
"INV107831","C00108","2026-01-02 22:39:00","4","109.43","Spain"
"INV107832","C00373","2025-04-26 16:42:00","1","46.35","EIRE"
"INV107833","C00264","2025-12-15 00:09:00","5","96.09","Germany"
"INV107834","C00076","2026-02-15 16:37:00","2","197.23","France"
"INV107835","C00078","2025-03-08 06:47:00","8","40.58","Italy"
"INV107836","C00168","2025-08-15 21:06:00","3","48.63","Germany"
"INV107837","C00099","2025-04-30 05:33:00","3","174.89","Italy"
"INV107838","C00441","2025-03-01 06:39:00","7","156.32","Germany"
"INV107839","C00044","2025-05-27 12:04:00","4","86.46","Belgium"
"INV107840","C00245","2026-01-09 09:59:00","3","93.72","Germany"
"INV107841","C00224","2025-05-18 14:07:00","3","130.55","Belgium"
"INV107842","C00413","2025-08-09 09:43:00","3","58.49","Spain"
"INV107843","C00364","2025-10-27 22:21:00","9","89.17","Spain"
"INV107844","C00225","2025-03-18 08:17:00","2","123.93","Italy"
"INV107845","C00337","2025-03-28 06:36:00","4","30.82","United Kingdom"
"INV107846","C00463","2025-08-20 10:33:00","7","192.34","France"
"INV107847","C00366","2025-11-13 00:37:00","6","155.81","United Kingdom"
"INV107848","C00086","2025-10-05 04:36:00","9","3.26","Netherlands"
"INV107849","C00064","2025-10-04 06:02:00","3","91.45","Spain"
"INV107850","C00425","2025-06-17 12:50:00","8","181.56","Spain"
"INV107851","C00063","2025-01-27 08:34:00","7","103.53","Germany"
"INV107852","C00284","2025-09-04 23:50:00","4","157.95","Belgium"
"INV107853","C00213","2025-12-08 04:30:00","5","55.53","Netherlands"
"CINV107854","C00059","2025-04-02 09:20:00","3","187.07","EIRE"
"INV107855","C00269","2025-10-13 03:42:00","8","64.07","EIRE"
"INV107856","C00490","2025-12-07 05:21:00","7","160.78","EIRE"
"INV107857","C00189","2025-11-21 22:33:00","9","94.26","EIRE"
"INV107858","C00319","2026-03-26 04:21:00","7","153.02","Germany"
"INV107859","C00449","2025-06-12 05:46:00","4","82.71","Belgium"
"INV107860","C00344","2026-03-15 17:17:00","9","76.7","Germany"
"INV107861","C00419","2026-02-23 01:44:00","3","9.52","Belgium"
"CINV107862","C00187","2026-03-09 14:44:00","5","33.14","Spain"
"INV107863","C00156","2025-03-19 02:39:00","9","101.3","France"
"INV107864","C00193","2025-09-04 21:11:00","4","34.91","Portugal"
"INV107865","C00107","2025-07-24 15:49:00","2","9.41","Germany"
"INV107866","C00049","2026-03-27 00:42:00","1","78.38","Belgium"
"INV107867","C00082","2025-01-31 03:09:00","9","196.92","Germany"
"INV107868","C00053","2025-01-15 14:11:00","6","124.98","Portugal"
"INV107869","C00172","2026-02-11 08:14:00","2","155.36","Spain"
"INV107870","C00149","2025-10-07 16:50:00","8","134.33","United Kingdom"
"INV107871","C00480","2025-04-28 22:30:00","6","120.29","United Kingdom"
"INV107872","C00203","2025-08-29 13:55:00","9","196.06","Spain"
"INV107873","C00098","2025-03-02 00:42:00","2","150.45","Germany"
"INV107874","C00045","2025-05-29 23:34:00","5","199.53","Germany"
"INV107875","C00366","2025-03-25 02:49:00","2","134.52","Netherlands"
"INV107876","C00473","2025-12-18 10:02:00","7","74.06","Netherlands"
"INV107877","C00052","2025-08-12 15:47:00","8","183.26","Spain"
"INV107878","C00309","2025-12-15 11:30:00","8","177.57","France"
"INV107879","C00381","2026-02-08 20:33:00","7","62.68","Germany"
"INV107880","C00291","2025-12-21 13:50:00","8","25.21","Netherlands"
"INV107881","C00364","2025-01-03 07:26:00","2","67.92","Belgium"
"INV107882","C00458","2025-02-24 00:13:00","4","109.1","Spain"
"INV107883","C00140","2025-04-24 14:42:00","9","24.38","United Kingdom"
"INV107884","C00057","2025-07-06 01:03:00","3","77.16","Portugal"
"INV107885","C00196","2025-07-26 08:32:00","6","136.99","Spain"
"INV107886","C00085","2025-10-19 19:24:00","1","77.82","Spain"
"INV107887","C00108","2025-12-16 15:11:00","4","183.66","Italy"
"INV107888","C00438","2025-04-19 18:33:00","3","93.1","Italy"
"INV107889","C00107","2025-08-07 13:55:00","5","77.08","EIRE"
"INV107890","C00184","2025-04-30 23:18:00","4","102.62","Italy"
"INV107891","C00434","2025-01-08 17:01:00","4","76.99","Spain"
"INV107892","C00500","2025-05-06 11:44:00","1","91.81","EIRE"
"INV107893","C00290","2025-02-07 20:30:00","5","70.81","EIRE"
"INV107894","C00228","2025-11-29 18:24:00","3","119.62","EIRE"
"INV107895","C00299","2026-02-17 11:00:00","5","61.11","Belgium"
"INV107896","C00200","2025-08-02 17:30:00","7","137.18","Italy"
"INV107897","C00069","2025-02-24 11:41:00","3","76.45","Portugal"
"INV107898","C00096","2025-01-01 08:56:00","6","78.96","Spain"
"INV107899","C00399","2026-03-10 19:50:00","9","194.9","France"
"INV107900","C00180","2025-05-19 10:47:00","7","144.06","Spain"
"INV107901","C00233","2025-08-09 01:58:00","9","5.92","Netherlands"
"INV107902","C00041","2025-10-20 09:27:00","5","46.08","United Kingdom"
"INV107903","C00329","2025-10-31 08:57:00","9","83.6","EIRE"
"INV107904","C00443","2025-11-18 22:03:00","8","20.28","United Kingdom"
"INV107905","C00142","2025-09-13 11:47:00","9","8.72","Belgium"
"INV107906","C00291","2026-01-05 07:13:00","4","30.16","France"
"INV107907","C00378","2025-08-05 20:00:00","9","116.51","Germany"
"INV107908","C00472","2025-11-06 13:06:00","5","82.11","Portugal"
"INV107909","C00413","2025-09-25 05:50:00","4","31.5","Belgium"
"INV107910","C00313","2025-06-16 03:36:00","9","193.87","Netherlands"
"INV107911","C00348","2025-04-06 13:59:00","9","114.23","United Kingdom"
"INV107912","C00106","2025-09-10 17:38:00","7","25.37","Spain"
"INV107913","C00304","2025-09-27 01:00:00","3","138.05","EIRE"
"INV107914","C00318","2025-06-01 22:13:00","9","21.93","United Kingdom"
"INV107915","C00265","2025-06-30 18:54:00","6","55.81","United Kingdom"
"INV107916","C00462","2025-02-21 07:47:00","3","62.42","EIRE"
"INV107917","C00320","2025-07-30 11:44:00","7","95.32","EIRE"
"INV107918","C00431","2025-07-14 21:39:00","2","99.4","Germany"
"INV107919","C00032","2026-02-25 03:06:00","1","11.88","France"
"INV107920","C00005","2025-11-15 22:18:00","2","176.31","EIRE"
"INV107921","C00465","2025-12-21 13:42:00","3","57.96","Germany"
"INV107922","C00364","2025-10-08 05:44:00","5","74.93","Belgium"
"INV107923","C00184","2025-10-06 14:48:00","1","12.02","Spain"
"INV107924","C00038","2025-05-09 15:45:00","8","76.82","Spain"
"INV107925","C00026","2025-05-08 15:54:00","6","185.76","United Kingdom"
"INV107926","C00133","2025-04-19 19:04:00","9","44.8","Italy"
"INV107927","C00301","2025-10-04 04:05:00","6","10.51","Belgium"
"INV107928","C00056","2026-02-28 11:11:00","4","74","Netherlands"
"INV107929","C00134","2025-01-02 11:54:00","2","67.76","Belgium"
"INV107930","C00304","2025-05-24 17:23:00","5","26.7","Italy"
"INV107931","C00202","2026-03-27 19:45:00","6","83.69","Italy"
"INV107932","C00057","2025-12-30 13:29:00","7","165.26","Netherlands"
"INV107933","C00237","2025-02-20 03:28:00","2","66.13","France"
"INV107934","C00332","2025-06-09 01:14:00","5","188.52","Portugal"
"INV107935","C00133","2025-07-23 19:12:00","4","157.96","EIRE"
"INV107936","C00465","2025-12-18 18:40:00","2","162.39","Germany"
"INV107937","C00108","2025-11-17 20:17:00","8","165.06","Belgium"
"INV107938","C00359","2025-08-19 13:44:00","8","191.92","France"
"INV107939","C00411","2026-01-07 20:18:00","6","162.23","Belgium"
"INV107940","C00139","2025-08-15 04:42:00","8","131.89","France"
"INV107941","C00165","2025-11-20 20:09:00","8","109.19","EIRE"
"INV107942","C00385","2025-07-01 12:23:00","1","59.1","EIRE"
"INV107943","C00407","2025-12-21 12:13:00","1","70.97","France"
"INV107944","C00277","2025-03-28 20:42:00","9","120.15","Germany"
"INV107945","C00414","2025-03-17 17:26:00","8","10.37","EIRE"
"INV107946","C00256","2025-07-21 06:16:00","3","125.31","Portugal"
"INV107947","C00196","2025-10-23 07:44:00","7","122.81","Portugal"
"INV107948","C00421","2026-01-10 03:20:00","8","194.05","France"
"INV107949","C00419","2025-11-16 12:39:00","9","109.9","Germany"
"INV107950","C00217","2025-12-11 09:23:00","3","156.48","EIRE"
"INV107951","C00142","2026-01-03 11:36:00","3","136.32","EIRE"
"INV107952","C00453","2026-02-15 22:26:00","2","62.63","Belgium"
"INV107953","C00172","2025-09-07 10:35:00","4","186.19","Portugal"
"INV107954","C00295","2025-09-03 10:35:00","4","144.69","France"
"INV107955","C00238","2026-01-13 05:39:00","1","7.71","Belgium"
"INV107956","C00275","2025-02-02 16:58:00","4","81.19","United Kingdom"
"INV107957","C00098","2025-02-03 18:18:00","2","45.41","EIRE"
"INV107958","C00255","2026-03-05 11:51:00","5","193.08","United Kingdom"
"INV107959","C00260","2025-02-20 16:50:00","9","187.66","France"
"INV107960","C00490","2026-03-13 15:29:00","9","13.99","Spain"
"INV107961","C00116","2026-02-18 07:43:00","1","130.41","Italy"
"INV107962","C00368","2025-09-20 06:25:00","6","2.02","Spain"
"INV107963","C00499","2025-11-20 07:22:00","7","35.92","United Kingdom"
"INV107964","C00200","2025-01-19 02:53:00","2","174.38","France"
"INV107965","C00417","2025-10-13 00:44:00","7","34.23","Italy"
"INV107966","C00462","2025-07-19 21:45:00","9","17.75","Belgium"
"INV107967","C00077","2025-04-12 12:56:00","6","77.28","EIRE"
"INV107968","C00495","2026-01-01 10:59:00","3","138.67","Germany"
"INV107969","C00340","2025-10-31 09:38:00","2","5.69","Italy"
"INV107970","C00272","2025-11-28 13:56:00","1","134.6","EIRE"
"INV107971","C00059","2025-01-06 11:11:00","4","21.43","Italy"
"INV107972","C00188","2025-09-21 22:15:00","2","17.61","Spain"
"INV107973","C00062","2025-04-29 15:46:00","9","178.7","Italy"
"INV107974","C00063","2025-04-26 00:52:00","5","117.79","EIRE"
"INV107975","C00274","2025-09-18 12:21:00","9","95.19","EIRE"
"INV107976","C00359","2025-04-25 05:48:00","9","23.5","Germany"
"INV107977","C00007","2025-03-06 19:11:00","2","67.44","Portugal"
"INV107978","C00070","2026-03-29 09:50:00","1","197.14","EIRE"
"INV107979","C00336","2025-10-13 00:02:00","9","125.89","Spain"
"INV107980","C00403","2025-03-23 13:02:00","1","156.06","EIRE"
"INV107981","C00064","2025-10-21 23:50:00","1","46.61","EIRE"
"INV107982","C00231","2025-10-06 18:46:00","2","10.27","Germany"
"INV107983","C00459","2025-08-25 00:46:00","1","184.57","Italy"
"INV107984","C00425","2025-02-13 03:41:00","1","162.77","Portugal"
"INV107985","C00490","2025-08-28 20:02:00","6","16.22","Portugal"
"INV107986","C00043","2025-09-24 16:02:00","2","164.14","Germany"
"INV107987","C00375","2025-01-29 05:28:00","2","103.42","France"
"INV107988","C00003","2025-12-23 00:18:00","7","7.07","United Kingdom"
"INV107989","C00178","2025-09-03 00:29:00","3","143.27","Portugal"
"INV107990","C00085","2025-07-21 10:36:00","1","141.79","Netherlands"
"INV107991","C00404","2025-03-27 02:44:00","5","7.57","France"
"INV107992","C00332","2025-07-11 18:56:00","4","174.79","Netherlands"
"INV107993","C00150","2025-12-25 01:52:00","2","97.15","Spain"
"INV107994","C00256","2025-09-24 23:47:00","7","137.98","Netherlands"
"INV107995","C00223","2025-03-04 13:37:00","2","37.79","Italy"
"INV107996","C00234","2025-05-23 08:46:00","1","107.07","Portugal"
"INV107997","C00454","2025-01-24 22:28:00","3","5.68","Netherlands"
"INV107998","C00320","2025-06-22 19:18:00","6","151.01","Germany"
"INV107999","C00185","2025-02-24 08:21:00","9","78.06","Belgium"
"CINV108000","C00439","2025-01-19 06:27:00","3","38.88","Germany"
"INV108001","C00456","2025-01-11 02:17:00","8","128.15","EIRE"
"INV108002","C00442","2025-01-23 17:04:00","7","11.27","United Kingdom"
"INV108003","C00426","2026-02-13 09:46:00","6","110.31","Spain"
"INV108004","C00488","2025-05-11 09:01:00","9","29.05","EIRE"
"INV108005","C00302","2025-08-18 23:42:00","2","186.85","Germany"
"CINV108006","C00150","2025-06-14 06:22:00","8","179.09","Spain"
"INV108007","C00280","2025-05-18 20:35:00","4","161.45","EIRE"
"INV108008","C00348","2025-05-29 23:10:00","5","172.7","France"
"INV108009","C00372","2025-05-28 06:46:00","2","89.81","Netherlands"
"INV108010","C00449","2025-10-08 04:50:00","4","161.57","Germany"
"INV108011","C00339","2025-02-02 16:09:00","5","143.81","Italy"
"INV108012","C00387","2025-05-07 20:17:00","5","172.22","EIRE"
"INV108013","C00312","2025-09-03 20:24:00","6","54.28","Germany"
"INV108014","C00162","2025-02-10 18:10:00","3","159.35","Italy"
"INV108015","C00371","2025-08-11 13:58:00","8","7.15","Belgium"
"INV108016","C00288","2026-03-11 18:08:00","9","190.85","Belgium"
"INV108017","C00141","2025-04-08 16:07:00","8","27.59","EIRE"
"INV108018","C00033","2025-09-16 21:51:00","7","131.09","Portugal"
"INV108019","C00461","2025-01-23 00:12:00","7","38.18","Netherlands"
"INV108020","C00075","2025-10-01 01:21:00","9","164.35","Spain"
"INV108021","C00054","2025-12-26 04:46:00","1","112.47","Spain"
"INV108022","C00468","2025-11-29 23:44:00","8","138.98","Portugal"
"INV108023","C00247","2025-10-06 08:58:00","9","69.86","France"
"INV108024","C00409","2025-08-27 19:53:00","8","77.43","Germany"
"INV108025","C00068","2025-11-13 08:25:00","4","55.74","France"
"INV108026","C00227","2025-10-30 10:40:00","5","143.86","Belgium"
"INV108027","C00257","2026-01-18 15:23:00","6","199.42","France"
"INV108028","C00065","2025-11-20 14:09:00","9","32.55","Spain"
"INV108029","C00244","2025-06-13 17:14:00","8","168.04","Spain"
"INV108030","C00076","2026-01-05 00:56:00","9","155.97","Italy"
"INV108031","C00211","2026-01-09 19:02:00","5","190.03","Belgium"
"INV108032","C00047","2025-10-05 05:28:00","5","9.06","EIRE"
"INV108033","C00042","2025-12-25 16:51:00","1","173.02","Italy"
"INV108034","C00005","2025-03-25 20:12:00","8","120.95","Belgium"
"INV108035","C00010","2025-03-24 01:20:00","6","36.61","Belgium"
"INV108036","C00500","2025-07-22 20:27:00","3","104.04","Belgium"
"INV108037","C00131","2025-12-17 05:52:00","1","11.23","EIRE"
"INV108038","C00036","2025-11-24 18:58:00","4","55.27","Spain"
"INV108039","C00493","2025-01-03 02:06:00","5","164.1","Portugal"
"INV108040","C00098","2025-07-08 22:04:00","9","119.44","Belgium"
"INV108041","C00026","2026-03-16 09:26:00","4","198.97","Germany"
"INV108042","C00325","2026-03-05 13:17:00","8","53.71","Spain"
"INV108043","C00164","2025-02-15 04:42:00","6","144.67","Germany"
"INV108044","C00218","2025-09-05 05:09:00","2","180.96","Belgium"
"CINV108045","C00387","2026-01-15 19:21:00","7","37.63","Belgium"
"INV108046","C00152","2025-08-01 15:45:00","2","71.8","EIRE"
"INV108047","C00483","2025-04-10 10:40:00","8","107.32","France"
"INV108048","C00495","2025-10-29 05:02:00","9","22.42","United Kingdom"
"INV108049","C00425","2026-01-18 02:05:00","9","52.35","Belgium"
"INV108050","C00359","2025-07-22 23:11:00","5","75.28","France"
"INV108051","C00144","2026-01-07 12:27:00","1","146.73","Portugal"
"INV108052","C00500","2026-03-15 09:49:00","5","124.62","United Kingdom"
"INV108053","C00456","2026-02-24 22:43:00","9","51.59","Spain"
"INV108054","C00242","2025-12-02 04:47:00","2","95.48","Italy"
"INV108055","C00480","2025-02-27 05:25:00","2","143.77","Netherlands"
"INV108056","C00002","2025-05-13 13:07:00","3","90.03","Netherlands"
"INV108057","C00463","2026-01-28 07:52:00","7","34.54","Italy"
"INV108058","C00119","2025-09-07 04:47:00","8","34.09","Germany"
"INV108059","C00202","2025-05-05 15:05:00","5","170.32","France"
"INV108060","C00235","2025-11-29 07:15:00","5","16.54","Spain"
"INV108061","C00069","2025-11-20 20:20:00","5","131.34","Spain"
"INV108062","C00449","2025-01-08 22:07:00","5","75.72","Portugal"
"INV108063","C00190","2025-12-23 04:59:00","7","6.38","Germany"
"INV108064","C00415","2025-08-27 02:59:00","7","126.22","United Kingdom"
"INV108065","C00087","2025-03-12 18:30:00","6","28.21","Spain"
"CINV108066","C00265","2025-12-13 20:21:00","4","46.71","Netherlands"
"INV108067","C00488","2025-09-09 01:18:00","4","110.11","Portugal"
"INV108068","C00031","2026-02-02 17:32:00","7","49.64","United Kingdom"
"INV108069","C00150","2026-01-01 19:56:00","7","119.6","Spain"
"INV108070","C00261","2025-12-14 20:03:00","6","66.85","Netherlands"
"CINV108071","C00331","2025-05-24 19:30:00","8","192.87","France"
"INV108072","C00366","2025-01-08 17:26:00","3","141.91","Italy"
"INV108073","C00423","2025-08-21 12:49:00","7","145.01","Portugal"
"INV108074","C00396","2025-09-13 13:11:00","3","150.74","France"
"INV108075","C00228","2025-10-19 07:02:00","4","124.03","United Kingdom"
"INV108076","C00162","2026-02-23 15:10:00","4","179.07","Spain"
"INV108077","C00024","2026-03-07 04:38:00","8","85.61","Belgium"
"INV108078","C00047","2025-08-24 08:44:00","3","53.4","Netherlands"
"INV108079","C00379","2025-06-28 12:25:00","3","157.77","Netherlands"
"INV108080","C00325","2025-04-07 07:10:00","4","100.83","Portugal"
"CINV108081","C00460","2025-01-13 21:22:00","5","49.93","Italy"
"INV108082","C00431","2025-04-04 09:58:00","3","145.25","EIRE"
"INV108083","C00465","2025-03-26 13:42:00","6","193.28","France"
"INV108084","C00341","2025-08-26 02:25:00","2","47.4","Italy"
"INV108085","C00075","2025-04-14 08:20:00","9","28.94","Netherlands"
"INV108086","C00232","2025-06-02 18:13:00","1","64.33","Netherlands"
"INV108087","C00280","2025-11-01 14:36:00","2","119.07","Belgium"
"INV108088","C00024","2026-03-15 12:08:00","3","13.74","Netherlands"
"INV108089","C00160","2025-01-03 23:11:00","7","18","France"
"INV108090","C00406","2025-08-29 16:45:00","8","38.41","Portugal"
"INV108091","C00213","2025-05-17 14:59:00","3","10.49","Spain"
"INV108092","C00252","2025-01-17 02:06:00","2","65.42","Spain"
"CINV108093","C00060","2025-06-16 23:33:00","8","8.33","Spain"
"INV108094","C00065","2025-10-24 02:26:00","5","115.27","EIRE"
"INV108095","C00336","2025-09-06 07:58:00","8","120.54","Belgium"
"INV108096","C00349","2026-03-10 11:45:00","8","22.38","Portugal"
"INV108097","C00432","2025-08-30 19:17:00","3","141.08","Italy"
"INV108098","C00150","2025-10-08 13:30:00","3","160.31","Netherlands"
"INV108099","C00241","2025-02-10 01:49:00","8","130.58","Germany"
"INV108100","C00479","2025-10-19 04:27:00","8","67.46","Spain"
"INV108101","C00104","2025-01-24 03:49:00","8","61.44","Portugal"
"INV108102","C00404","2026-03-10 18:54:00","3","139.96","Germany"
"INV108103","C00288","2026-03-16 10:35:00","7","107.11","Spain"
"INV108104","C00093","2026-02-28 16:50:00","8","92.63","Italy"
"INV108105","C00026","2026-01-26 11:27:00","1","75.16","Spain"
"INV108106","C00458","2025-08-16 09:51:00","6","91.11","Italy"
"INV108107","C00027","2025-04-14 03:32:00","2","6.46","EIRE"
"INV108108","C00324","2025-04-29 01:53:00","8","136.44","Italy"
"INV108109","C00027","2025-12-22 06:19:00","8","87.33","EIRE"
"INV108110","C00229","2025-10-28 14:15:00","7","12.4","France"
"INV108111","C00080","2025-10-17 03:07:00","2","119.75","Portugal"
"INV108112","C00174","2025-01-30 13:30:00","5","196.23","Belgium"
"INV108113","C00086","2025-11-21 21:41:00","3","161.77","United Kingdom"
"INV108114","C00158","2025-11-09 20:12:00","4","106.01","United Kingdom"
"INV108115","C00406","2025-12-12 23:21:00","2","20.47","EIRE"
"INV108116","C00395","2025-11-12 21:04:00","4","88.8","Belgium"
"INV108117","C00117","2025-03-21 21:05:00","7","121.81","United Kingdom"
"INV108118","C00171","2026-03-26 10:40:00","8","150.88","EIRE"
"INV108119","C00456","2025-01-27 03:19:00","7","126.37","EIRE"
"INV108120","C00224","2025-09-23 19:47:00","5","150.49","EIRE"
"INV108121","C00278","2025-09-25 18:48:00","8","148.27","Belgium"
"INV108122","C00174","2025-10-29 21:38:00","5","119.58","Spain"
"INV108123","C00259","2025-04-10 09:12:00","2","61.74","EIRE"
"INV108124","C00179","2025-01-03 02:22:00","9","153.55","United Kingdom"
"INV108125","C00301","2025-10-10 18:06:00","6","132.87","Portugal"
"INV108126","C00251","2025-06-30 22:00:00","4","49.2","Italy"
"INV108127","C00305","2025-05-11 04:44:00","3","42.88","Spain"
"INV108128","C00368","2026-02-11 07:12:00","7","23.31","Belgium"
"INV108129","C00236","2025-01-18 07:42:00","7","5.02","Netherlands"
"INV108130","C00046","2025-01-31 00:22:00","4","177.94","Netherlands"
"INV108131","C00329","2025-11-09 22:10:00","7","4.96","Italy"
"INV108132","C00363","2025-06-28 00:00:00","8","165.83","Portugal"
"INV108133","C00323","2025-12-26 08:53:00","7","57.32","Portugal"
"INV108134","C00276","2025-02-10 13:30:00","9","118.71","United Kingdom"
"INV108135","C00447","2026-01-23 10:11:00","8","18.3","Germany"
"INV108136","C00446","2025-03-20 22:43:00","2","153.29","Spain"
"INV108137","C00253","2025-10-25 13:15:00","5","163.87","France"
"INV108138","C00437","2025-11-02 02:26:00","2","70.36","EIRE"
"INV108139","C00409","2025-02-20 03:43:00","7","125.74","EIRE"
"INV108140","C00276","2025-04-28 23:24:00","8","150.81","Belgium"
"INV108141","C00456","2025-11-03 14:30:00","5","106.01","Belgium"
"INV108142","C00299","2025-10-05 09:03:00","7","171.34","France"
"INV108143","C00397","2025-03-18 00:42:00","2","69.18","United Kingdom"
"INV108144","C00219","2026-02-25 09:59:00","3","94.27","Italy"
"INV108145","C00028","2025-08-23 19:37:00","4","183.65","Portugal"
"INV108146","C00114","2025-06-15 15:44:00","7","112.37","Germany"
"INV108147","C00422","2025-08-16 21:21:00","4","160.73","Belgium"
"INV108148","C00496","2026-02-02 01:00:00","8","133.51","Germany"
"INV108149","C00293","2025-01-04 21:57:00","9","99.66","Spain"
"INV108150","C00044","2025-10-06 03:06:00","3","153.28","Netherlands"
"INV108151","C00293","2026-03-01 22:20:00","3","123.84","France"
"INV108152","C00088","2025-07-25 17:43:00","2","185.1","France"
"INV108153","C00302","2025-11-06 19:33:00","4","185.95","Spain"
"INV108154","C00056","2025-09-30 10:24:00","1","185.2","EIRE"
"INV108155","C00426","2025-12-21 15:05:00","8","62.26","Belgium"
"INV108156","C00055","2025-01-21 11:10:00","4","64.02","Portugal"
"INV108157","C00011","2026-01-18 12:37:00","1","114.21","Netherlands"
"INV108158","C00247","2026-03-22 07:18:00","5","178.43","Belgium"
"INV108159","C00150","2025-04-08 00:27:00","4","40.73","Belgium"
"INV108160","C00424","2025-08-14 23:54:00","9","82.74","United Kingdom"
"CINV108161","C00043","2025-12-20 23:36:00","7","16.52","EIRE"
"INV108162","C00125","2026-01-02 10:52:00","2","19.44","France"
"INV108163","C00128","2025-09-04 06:02:00","1","172.49","Netherlands"
"INV108164","C00356","2025-04-07 05:40:00","9","152.05","United Kingdom"
"INV108165","C00109","2025-07-19 19:33:00","1","56.82","Spain"
"INV108166","C00334","2025-09-24 04:43:00","7","166.04","Spain"
"CINV108167","C00028","2025-04-17 17:04:00","6","171.61","United Kingdom"
"INV108168","C00358","2026-02-15 19:14:00","9","44.52","United Kingdom"
"INV108169","C00311","2026-01-10 11:26:00","8","110.66","Belgium"
"INV108170","C00381","2025-06-13 08:07:00","2","82.91","United Kingdom"
"INV108171","C00308","2026-01-27 03:00:00","2","171.16","Spain"
"INV108172","C00015","2026-02-17 10:47:00","5","124.69","Spain"
"INV108173","C00075","2025-12-28 20:14:00","7","91.13","United Kingdom"
"INV108174","C00260","2025-04-22 00:28:00","7","26.53","EIRE"
"INV108175","C00072","2026-01-30 17:33:00","5","28.66","France"
"INV108176","C00424","2026-03-31 01:09:00","3","12.43","Italy"
"INV108177","C00088","2025-06-27 00:28:00","5","197.61","EIRE"
"INV108178","C00367","2026-03-16 07:06:00","7","149.35","Italy"
"INV108179","C00059","2025-07-26 02:53:00","1","43.04","EIRE"
"INV108180","C00004","2025-02-03 15:25:00","1","45","Germany"
"INV108181","C00259","2025-06-07 20:42:00","3","134.12","Belgium"
"CINV108182","C00437","2025-06-27 09:26:00","8","167.58","France"
"INV108183","C00144","2026-03-10 08:02:00","1","70.91","Spain"
"INV108184","C00050","2025-03-13 18:36:00","7","154.61","France"
"INV108185","C00140","2026-01-15 09:04:00","7","122.8","EIRE"
"INV108186","C00359","2025-09-21 11:38:00","3","85.73","Netherlands"
"INV108187","C00243","2025-05-23 21:33:00","2","76.53","United Kingdom"
"INV108188","C00035","2025-02-16 05:14:00","2","56.06","Portugal"
"INV108189","C00265","2026-03-20 03:00:00","8","2.94","EIRE"
"INV108190","C00195","2025-06-25 10:25:00","2","23.94","Germany"
"INV108191","C00087","2025-11-09 22:57:00","9","98.89","Germany"
"INV108192","C00418","2025-03-10 18:31:00","4","129.56","Portugal"
"INV108193","C00027","2025-05-27 20:52:00","8","29.51","Netherlands"
"INV108194","C00352","2025-11-11 14:28:00","9","144.56","United Kingdom"
"INV108195","C00251","2025-12-23 00:37:00","7","19.06","United Kingdom"
"INV108196","C00057","2025-03-16 07:11:00","7","5.08","Italy"
"INV108197","C00139","2025-11-19 18:57:00","4","154.7","Spain"
"INV108198","C00205","2025-08-05 19:00:00","6","92.46","Italy"
"INV108199","C00257","2025-10-16 07:03:00","7","65.69","France"
"INV108200","C00070","2025-02-05 15:12:00","1","97.97","Netherlands"
"INV108201","C00100","2025-12-11 21:33:00","6","59.79","EIRE"
"INV108202","C00212","2025-01-04 17:56:00","7","49.75","Italy"
"INV108203","C00137","2025-09-02 23:21:00","8","173.32","United Kingdom"
"INV108204","C00011","2025-12-08 15:03:00","8","144.27","Spain"
"INV108205","C00446","2025-03-06 13:53:00","1","117.58","Portugal"
"INV108206","C00351","2025-03-03 13:27:00","8","43.77","United Kingdom"
"INV108207","C00009","2025-07-07 09:25:00","2","103.75","United Kingdom"
"INV108208","C00198","2025-05-03 21:26:00","4","122.9","Italy"
"INV108209","C00252","2025-05-21 01:08:00","5","103.75","France"
"INV108210","C00096","2025-08-23 04:25:00","9","179.79","Netherlands"
"INV108211","C00301","2025-08-05 15:32:00","3","195.67","Portugal"
"INV108212","C00352","2026-02-28 00:43:00","5","29.83","Belgium"
"INV108213","C00422","2026-01-11 12:02:00","5","161.91","Belgium"
"INV108214","C00385","2025-01-21 08:43:00","3","56.27","Netherlands"
"INV108215","C00470","2025-09-22 21:53:00","5","16.39","Portugal"
"INV108216","C00060","2025-02-03 16:14:00","6","152.14","Spain"
"INV108217","C00151","2026-01-25 23:42:00","1","138.88","Spain"
"INV108218","C00207","2025-07-08 23:18:00","5","143.98","Netherlands"
"INV108219","C00452","2025-07-31 00:19:00","3","146.46","Belgium"
"INV108220","C00072","2025-04-29 04:25:00","7","127.03","EIRE"
"INV108221","C00380","2025-01-19 06:13:00","2","66.85","EIRE"
"INV108222","C00477","2025-03-02 19:46:00","5","187.02","Italy"
"CINV108223","C00050","2026-02-07 21:25:00","1","106.38","United Kingdom"
"INV108224","C00245","2025-01-17 18:17:00","6","99.03","Belgium"
"INV108225","C00219","2026-01-25 05:20:00","5","27.33","France"
"INV108226","C00221","2026-02-07 21:49:00","6","190.37","EIRE"
"INV108227","C00154","2025-02-04 07:48:00","1","125.7","Netherlands"
"INV108228","C00242","2025-11-18 19:18:00","7","192.95","EIRE"
"INV108229","C00113","2025-08-24 00:26:00","4","19.69","United Kingdom"
"INV108230","C00463","2025-11-27 13:27:00","3","41.73","Italy"
"INV108231","C00061","2025-02-13 00:55:00","6","86.73","Italy"
"INV108232","C00187","2025-04-17 20:15:00","6","198.72","EIRE"
"INV108233","C00226","2025-05-11 05:24:00","7","182.3","Germany"
"INV108234","C00415","2026-02-28 13:04:00","5","176.77","Italy"
"INV108235","C00415","2025-01-14 14:54:00","2","134.14","Belgium"
"INV108236","C00319","2025-10-04 05:28:00","4","34.95","United Kingdom"
"INV108237","C00050","2026-03-30 16:05:00","7","60.88","Spain"
"INV108238","C00363","2025-07-18 13:01:00","7","36.17","Spain"
"INV108239","C00188","2025-08-21 15:14:00","3","98.71","Portugal"
"INV108240","C00001","2026-03-12 04:20:00","6","182.14","Spain"
"INV108241","C00381","2025-03-19 03:05:00","4","74.32","United Kingdom"
"INV108242","C00100","2025-02-03 02:38:00","9","123.42","France"
"CINV108243","C00307","2025-04-05 12:47:00","7","80.44","United Kingdom"
"INV108244","C00195","2025-11-13 14:17:00","7","91.36","EIRE"
"INV108245","C00104","2026-02-01 23:24:00","3","52.4","Spain"
"INV108246","C00443","2025-09-14 05:23:00","2","119.69","Spain"
"INV108247","C00458","2025-12-13 00:38:00","5","109.76","Italy"
"INV108248","C00082","2025-06-22 16:18:00","6","177.35","Spain"
"INV108249","C00127","2025-06-23 14:07:00","8","158.49","Italy"
"CINV108250","C00153","2025-12-23 14:08:00","8","194.46","France"
"INV108251","C00129","2025-06-22 14:45:00","9","73.97","Spain"
"INV108252","C00484","2025-02-27 21:20:00","3","190.8","Spain"
"INV108253","C00128","2025-06-18 06:04:00","7","26.11","Italy"
"INV108254","C00315","2025-07-03 14:59:00","3","50.98","Belgium"
"INV108255","C00036","2026-01-12 16:45:00","7","177.24","Belgium"
"INV108256","C00145","2025-11-18 13:25:00","6","40.65","United Kingdom"
"INV108257","C00362","2026-02-13 10:14:00","2","182.63","Germany"
"INV108258","C00148","2026-02-19 14:53:00","5","28.22","France"
"CINV108259","C00164","2026-02-04 14:45:00","1","84.14","Netherlands"
"INV108260","C00175","2025-11-21 14:07:00","2","52.13","Germany"
"INV108261","C00032","2025-12-27 09:35:00","2","199.36","Germany"
"INV108262","C00089","2025-02-25 23:47:00","4","31.06","EIRE"
"INV108263","C00093","2026-02-04 16:13:00","8","117.41","Belgium"
"INV108264","C00342","2025-07-27 04:34:00","9","105.79","United Kingdom"
"INV108265","C00003","2025-06-15 20:51:00","2","43.41","France"
"INV108266","C00438","2026-03-14 22:41:00","9","123.32","Italy"
"INV108267","C00179","2025-11-08 09:33:00","2","5.57","France"
"INV108268","C00125","2025-03-03 16:03:00","2","185.48","Netherlands"
"INV108269","C00333","2025-07-03 04:09:00","3","15.08","Spain"
"INV108270","C00435","2025-09-01 06:30:00","9","90.53","Belgium"
"INV108271","C00052","2025-10-19 21:54:00","7","23.1","Portugal"
"INV108272","C00134","2025-03-05 18:49:00","3","11.32","Belgium"
"INV108273","C00166","2025-11-27 07:21:00","3","150.02","Belgium"
"INV108274","C00201","2025-04-24 16:25:00","1","97.15","Spain"
"INV108275","C00027","2026-03-12 12:06:00","9","112.27","Netherlands"
"INV108276","C00447","2025-12-25 23:04:00","6","42.16","Belgium"
"INV108277","C00098","2025-06-23 09:32:00","8","18.47","EIRE"
"INV108278","C00241","2025-01-16 16:57:00","7","63.52","Italy"
"INV108279","C00355","2025-07-30 06:38:00","2","171.32","France"
"INV108280","C00261","2025-08-17 08:06:00","8","39.1","Spain"
"INV108281","C00270","2025-09-29 22:13:00","2","127.78","Belgium"
"INV108282","C00015","2025-02-19 23:24:00","9","158.52","Portugal"
"INV108283","C00169","2025-01-10 17:00:00","9","45.88","United Kingdom"
"INV108284","C00252","2025-08-30 18:43:00","5","154.7","Netherlands"
"INV108285","C00304","2025-12-26 14:13:00","7","173.59","Belgium"
"INV108286","C00043","2025-01-05 19:21:00","3","84.19","Italy"
"INV108287","C00333","2026-02-06 09:15:00","8","81.72","Germany"
"INV108288","C00213","2025-08-14 02:10:00","9","16.77","Portugal"
"INV108289","C00086","2025-08-12 09:12:00","3","166.92","Spain"
"INV108290","C00074","2025-11-19 17:27:00","8","127.97","Portugal"
"INV108291","C00140","2025-09-25 04:46:00","5","134.46","Italy"
"INV108292","C00218","2026-03-14 15:54:00","3","108.91","EIRE"
"INV108293","C00195","2025-05-28 17:08:00","1","154.4","Belgium"
"INV108294","C00477","2026-03-30 04:51:00","1","185.64","Belgium"
"INV108295","C00104","2026-02-02 02:08:00","2","125.44","Italy"
"INV108296","C00077","2026-01-29 22:35:00","5","114.96","France"
"INV108297","C00171","2025-07-30 18:53:00","3","131.35","Portugal"
"INV108298","C00111","2025-09-29 02:28:00","4","142.21","EIRE"
"INV108299","C00111","2025-02-05 04:32:00","1","44.55","EIRE"
"INV108300","C00454","2025-07-21 17:43:00","6","82.59","United Kingdom"
"INV108301","C00207","2026-01-26 09:45:00","1","62.34","Netherlands"
"INV108302","C00060","2025-06-13 07:13:00","9","180.6","Germany"
"INV108303","C00284","2025-12-30 21:44:00","4","152.14","Belgium"
"INV108304","C00331","2025-07-14 18:41:00","5","88.73","Spain"
"INV108305","C00400","2026-03-04 14:33:00","3","33.95","Italy"
"INV108306","C00275","2025-07-23 05:41:00","9","161.07","United Kingdom"
"INV108307","C00483","2025-11-15 05:54:00","2","114.2","EIRE"
"INV108308","C00223","2025-12-15 18:52:00","9","52.56","Belgium"
"INV108309","C00207","2025-04-20 07:06:00","6","86.57","Germany"
"INV108310","C00007","2026-01-09 22:34:00","9","81.26","Belgium"
"INV108311","C00472","2025-02-27 05:00:00","1","85.93","France"
"INV108312","C00373","2026-01-09 09:30:00","8","141.38","EIRE"
"INV108313","C00156","2026-01-11 13:20:00","7","32.71","France"
"INV108314","C00485","2025-02-21 09:37:00","6","190.99","Belgium"
"INV108315","C00397","2025-07-28 16:09:00","4","137.09","Netherlands"
"INV108316","C00194","2026-01-29 18:09:00","4","24.32","Netherlands"
"INV108317","C00327","2025-09-06 05:32:00","1","137.68","Italy"
"INV108318","C00026","2025-06-07 12:37:00","4","122.81","Netherlands"
"CINV108319","C00495","2025-04-16 15:05:00","4","149.82","Netherlands"
"INV108320","C00453","2025-07-21 18:17:00","9","100.56","Belgium"
"INV108321","C00203","2025-01-27 05:28:00","3","74.25","Portugal"
"INV108322","C00325","2026-01-03 00:20:00","1","134.48","France"
"INV108323","C00445","2025-11-16 15:35:00","2","57.31","Portugal"
"INV108324","C00024","2025-10-18 13:11:00","3","6.76","Germany"
"INV108325","C00152","2025-11-18 22:28:00","3","51.38","France"
"INV108326","C00206","2025-12-24 05:39:00","4","150.76","EIRE"
"INV108327","C00330","2025-02-19 03:53:00","1","115.46","Belgium"
"INV108328","C00154","2026-02-27 21:47:00","9","163.18","France"
"INV108329","C00255","2026-03-28 06:11:00","9","75.06","Portugal"
"INV108330","C00047","2025-05-14 02:44:00","5","118.17","Belgium"
"INV108331","C00119","2025-09-13 10:45:00","6","140.32","Italy"
"INV108332","C00342","2025-11-19 08:37:00","9","68.96","Belgium"
"INV108333","C00106","2025-01-06 05:15:00","2","159.44","Germany"
"INV108334","C00441","2026-03-31 20:18:00","9","131.47","Italy"
"INV108335","C00186","2025-09-28 03:13:00","7","11.54","Portugal"
"INV108336","C00409","2025-05-06 01:48:00","2","76.53","Italy"
"INV108337","C00146","2025-03-10 02:09:00","6","163.18","Germany"
"INV108338","C00475","2025-08-05 13:50:00","9","149.3","Italy"
"INV108339","C00241","2025-06-24 04:06:00","9","47.94","France"
"INV108340","C00259","2026-02-25 23:15:00","7","87.75","United Kingdom"
"INV108341","C00153","2025-11-17 02:20:00","5","198.65","Germany"
"INV108342","C00138","2025-12-23 20:45:00","6","15.83","Italy"
"INV108343","C00130","2025-02-01 18:22:00","7","132.37","Netherlands"
"INV108344","C00234","2025-10-09 22:11:00","8","182.04","Italy"
"INV108345","C00491","2025-06-10 19:38:00","2","163.06","United Kingdom"
"INV108346","C00268","2025-08-07 17:46:00","8","36.73","Belgium"
"INV108347","C00036","2025-07-09 01:41:00","1","18.17","Spain"
"INV108348","C00372","2025-02-02 17:24:00","9","52.61","France"
"INV108349","C00085","2025-07-04 08:04:00","6","5.09","France"
"INV108350","C00185","2025-03-24 17:07:00","8","162.05","Italy"
"INV108351","C00251","2026-03-15 00:25:00","8","104.32","Germany"
"INV108352","C00350","2025-01-18 06:36:00","7","65.95","Portugal"
"INV108353","C00403","2025-06-23 20:56:00","4","78.99","Belgium"
"INV108354","C00229","2026-01-15 15:29:00","1","71.06","Belgium"
"INV108355","C00111","2025-05-24 23:32:00","2","185.49","Netherlands"
"INV108356","C00129","2025-10-26 21:14:00","6","185.22","Netherlands"
"INV108357","C00013","2025-02-22 16:06:00","6","103.8","Belgium"
"INV108358","C00062","2025-04-20 23:48:00","5","179.26","Spain"
"INV108359","C00365","2025-11-01 18:16:00","9","124.8","Portugal"
"INV108360","C00136","2025-03-09 22:14:00","2","50.96","Portugal"
"INV108361","C00329","2025-08-04 13:40:00","7","83.6","Belgium"
"INV108362","C00232","2025-01-30 16:44:00","1","176.89","Spain"
"CINV108363","C00072","2026-02-14 13:34:00","7","199.37","United Kingdom"
"INV108364","C00043","2025-06-06 03:19:00","8","9.23","Netherlands"
"INV108365","C00453","2025-01-18 07:55:00","1","28.64","Germany"
"INV108366","C00292","2025-12-07 13:29:00","3","89.38","Netherlands"
"INV108367","C00117","2025-07-02 14:28:00","2","153.15","EIRE"
"INV108368","C00158","2025-09-14 13:07:00","9","50.65","Portugal"
"INV108369","C00121","2025-03-29 18:17:00","9","187.11","Belgium"
"INV108370","C00113","2025-01-20 07:41:00","5","186.03","Germany"
"INV108371","C00056","2025-06-18 04:13:00","1","47.32","Germany"
"INV108372","C00296","2025-01-20 17:22:00","6","196.8","Netherlands"
"INV108373","C00049","2026-03-07 23:28:00","4","176.47","United Kingdom"
"INV108374","C00027","2026-03-28 19:10:00","1","174.02","United Kingdom"
"INV108375","C00382","2025-05-24 07:54:00","6","162.5","Germany"
"INV108376","C00266","2025-09-03 21:52:00","7","112.66","Belgium"
"INV108377","C00364","2025-05-06 06:55:00","4","166.7","Germany"
"INV108378","C00460","2026-03-06 11:41:00","6","17.87","United Kingdom"
"INV108379","C00106","2025-08-25 03:35:00","3","56.22","Spain"
"INV108380","C00092","2026-03-20 21:48:00","6","58.17","Germany"
"INV108381","C00167","2025-06-14 09:27:00","5","150.2","Germany"
"INV108382","C00386","2025-02-21 20:12:00","3","13.86","Germany"
"INV108383","C00148","2026-03-19 01:49:00","9","149.6","Italy"
"INV108384","C00341","2026-02-01 05:14:00","2","107.29","Germany"
"INV108385","C00113","2025-02-25 15:42:00","3","14.66","Spain"
"INV108386","C00275","2025-05-29 15:30:00","3","194.25","Belgium"
"INV108387","C00358","2025-09-22 15:21:00","5","18.64","Netherlands"
"INV108388","C00448","2025-10-01 22:11:00","3","26.72","Portugal"
"INV108389","C00349","2025-10-12 16:13:00","4","47.25","Germany"
"INV108390","C00497","2025-08-15 02:14:00","9","75.55","Netherlands"
"INV108391","C00162","2025-09-21 21:16:00","2","112.6","United Kingdom"
"INV108392","C00250","2025-03-05 17:13:00","9","26","Portugal"
"INV108393","C00023","2025-11-04 08:32:00","3","70.21","Spain"
"INV108394","C00284","2025-04-25 06:52:00","4","147.35","United Kingdom"
"INV108395","C00059","2025-06-08 21:54:00","4","105.92","Netherlands"
"INV108396","C00328","2025-05-15 13:09:00","4","90.23","France"
"INV108397","C00208","2025-09-11 10:09:00","9","174.35","United Kingdom"
"INV108398","C00047","2025-10-23 15:35:00","5","112.56","Germany"
"INV108399","C00094","2025-05-03 05:17:00","6","127.51","EIRE"
"INV108400","C00094","2025-12-18 10:26:00","1","182.39","United Kingdom"
"INV108401","C00187","2025-02-02 02:13:00","3","14.09","Spain"
"INV108402","C00096","2025-05-03 08:36:00","7","39.22","Spain"
"INV108403","C00189","2025-07-08 02:16:00","8","182.56","Portugal"
"INV108404","C00116","2025-01-07 13:41:00","8","195.39","United Kingdom"
"INV108405","C00500","2025-05-18 23:45:00","5","174.48","Germany"
"INV108406","C00259","2025-07-23 11:17:00","8","119.66","Belgium"
"INV108407","C00108","2025-07-20 12:25:00","9","88.26","Spain"
"CINV108408","C00286","2025-03-04 00:05:00","4","159.94","France"
"INV108409","C00359","2025-12-27 13:03:00","1","161.6","Netherlands"
"INV108410","C00138","2025-07-10 19:23:00","4","157.08","Portugal"
"INV108411","C00437","2025-11-26 22:55:00","4","156.76","Italy"
"INV108412","C00465","2025-05-11 19:08:00","9","37.41","France"
"INV108413","C00196","2025-10-08 18:30:00","9","70.22","United Kingdom"
"INV108414","C00347","2025-06-12 11:05:00","3","99.38","Spain"
"INV108415","C00393","2025-12-16 02:44:00","4","72.1","Spain"
"INV108416","C00451","2026-01-04 17:50:00","8","182.72","Netherlands"
"INV108417","C00379","2025-12-27 14:48:00","9","76.85","Spain"
"INV108418","C00423","2025-09-24 01:35:00","8","199.56","Portugal"
"INV108419","C00092","2026-03-30 20:13:00","4","83.27","Spain"
"INV108420","C00400","2025-01-27 10:18:00","6","12.95","Spain"
"INV108421","C00140","2025-08-10 23:40:00","1","52.53","Spain"
"INV108422","C00321","2025-09-28 13:28:00","8","22.66","EIRE"
"INV108423","C00313","2025-12-01 16:12:00","7","37.81","Portugal"
"INV108424","C00061","2026-02-11 08:52:00","8","154.68","Germany"
"INV108425","C00453","2025-03-24 16:55:00","9","108.62","Belgium"
"INV108426","C00452","2026-03-04 03:34:00","5","50.25","Italy"
"INV108427","C00392","2025-11-01 06:03:00","2","101.99","Germany"
"INV108428","C00016","2026-03-30 20:43:00","6","7.35","Netherlands"
"INV108429","C00491","2026-02-10 07:01:00","3","112.24","Netherlands"
"INV108430","C00466","2025-04-26 19:37:00","3","167.67","Netherlands"
"INV108431","C00101","2025-06-05 18:59:00","6","30.14","Netherlands"
"INV108432","C00342","2025-10-23 15:26:00","6","97.93","Germany"
"INV108433","C00193","2026-01-24 01:09:00","5","102.64","Netherlands"
"INV108434","C00354","2025-11-12 13:20:00","3","99.84","Belgium"
"INV108435","C00115","2025-12-22 16:54:00","7","4.32","Belgium"
"INV108436","C00221","2025-04-18 14:23:00","9","33.81","Italy"
"INV108437","C00375","2025-07-13 15:26:00","7","98.8","EIRE"
"INV108438","C00012","2025-09-05 08:52:00","3","135.54","EIRE"
"INV108439","C00338","2026-02-14 07:49:00","9","70.22","France"
"INV108440","C00496","2025-10-08 10:58:00","8","187.29","Germany"
"INV108441","C00478","2025-05-23 17:20:00","1","71.96","Belgium"
"INV108442","C00243","2025-02-18 05:58:00","5","23.12","Spain"
"INV108443","C00169","2025-02-19 20:08:00","6","172.06","Belgium"
"INV108444","C00098","2025-07-07 07:01:00","1","49.21","EIRE"
"INV108445","C00128","2025-11-22 04:16:00","8","36.95","France"
"INV108446","C00283","2026-03-10 02:28:00","6","76.43","Germany"
"INV108447","C00404","2025-10-18 14:23:00","4","114.61","Italy"
"INV108448","C00186","2025-07-06 15:40:00","9","60.82","United Kingdom"
"INV108449","C00192","2025-09-06 13:46:00","8","132.53","Germany"
"INV108450","C00079","2025-12-18 21:13:00","5","137.91","EIRE"
"INV108451","C00201","2025-11-07 12:53:00","4","60.13","United Kingdom"
"INV108452","C00314","2025-12-26 17:00:00","3","67.42","United Kingdom"
"INV108453","C00353","2025-12-18 20:31:00","1","86.98","United Kingdom"
"INV108454","C00193","2025-07-30 04:47:00","3","110.37","Netherlands"
"INV108455","C00414","2025-05-28 17:23:00","4","51.54","France"
"INV108456","C00415","2025-02-04 03:48:00","7","191.41","United Kingdom"
"INV108457","C00032","2025-08-17 01:17:00","7","112.31","Spain"
"INV108458","C00228","2025-11-24 21:57:00","2","28.8","Belgium"
"INV108459","C00051","2025-04-09 13:08:00","1","94.21","Italy"
"INV108460","C00209","2025-05-22 05:36:00","7","127.05","Italy"
"INV108461","C00500","2025-04-10 12:12:00","3","105.15","Belgium"
"INV108462","C00090","2025-07-11 11:33:00","5","75.07","France"
"INV108463","C00355","2025-11-14 09:31:00","8","113.84","Germany"
"INV108464","C00155","2025-05-22 00:10:00","2","107.3","Italy"
"INV108465","C00164","2025-02-26 13:18:00","4","124.37","Germany"
"INV108466","C00382","2025-01-13 22:42:00","4","160.38","France"
"INV108467","C00128","2025-05-07 20:46:00","4","53.14","Germany"
"INV108468","C00030","2026-02-25 21:28:00","2","37.69","Italy"
"INV108469","C00145","2025-03-20 01:54:00","5","36.93","France"
"INV108470","C00211","2026-02-01 18:09:00","9","64.82","United Kingdom"
"INV108471","C00305","2025-01-17 20:33:00","8","81.5","Portugal"
"INV108472","C00035","2025-12-11 08:22:00","1","193.22","Netherlands"
"INV108473","C00012","2025-03-19 17:28:00","1","50.12","Spain"
"INV108474","C00218","2025-03-16 13:43:00","4","164.65","Netherlands"
"INV108475","C00385","2025-12-17 20:50:00","1","92.11","Belgium"
"INV108476","C00450","2025-12-21 01:15:00","5","95.87","United Kingdom"
"INV108477","C00051","2025-10-09 02:35:00","8","118.24","France"
"INV108478","C00296","2025-01-09 04:26:00","6","54.59","France"
"INV108479","C00070","2025-10-02 16:38:00","8","189.13","Netherlands"
"INV108480","C00056","2026-03-11 16:53:00","4","8.44","Portugal"
"INV108481","C00159","2025-12-07 10:01:00","5","23.75","Spain"
"INV108482","C00015","2025-10-11 05:14:00","7","95.33","Spain"
"INV108483","C00368","2025-03-17 18:51:00","2","84.81","EIRE"
"INV108484","C00108","2026-03-29 05:49:00","4","13.2","Italy"
"INV108485","C00238","2025-09-10 07:25:00","2","185.6","France"
"INV108486","C00227","2025-09-28 23:23:00","2","134.49","Italy"
"CINV108487","C00415","2025-12-01 08:03:00","6","187.67","Portugal"
"INV108488","C00218","2025-05-06 00:24:00","7","169.1","United Kingdom"
"INV108489","C00386","2026-03-16 11:59:00","2","154.82","EIRE"
"INV108490","C00306","2025-05-23 02:29:00","2","2.13","United Kingdom"
"INV108491","C00416","2025-10-06 02:38:00","2","164.13","Portugal"
"INV108492","C00222","2025-11-29 05:12:00","4","151.68","United Kingdom"
"INV108493","C00376","2025-04-10 14:57:00","6","19.91","France"
"INV108494","C00150","2025-12-27 23:50:00","7","108.6","EIRE"
"INV108495","C00114","2025-08-15 02:49:00","8","120.62","EIRE"
"INV108496","C00023","2026-01-29 09:17:00","3","39.63","Netherlands"
"INV108497","C00134","2025-08-01 03:02:00","7","40.24","Italy"
"INV108498","C00032","2025-06-07 21:28:00","5","129.74","Portugal"
"INV108499","C00376","2025-07-31 01:05:00","4","58.23","France"
"INV108500","C00429","2025-11-24 01:50:00","1","155.15","France"
"INV108501","C00242","2025-03-19 11:22:00","3","97.19","Spain"
"INV108502","C00231","2025-03-17 10:08:00","3","174.38","Italy"
"INV108503","C00059","2025-03-08 14:42:00","1","72.79","Belgium"
"INV108504","C00367","2025-10-03 20:57:00","7","27.59","EIRE"
"INV108505","C00001","2025-01-21 11:17:00","7","12.69","Netherlands"
"INV108506","C00434","2025-02-21 15:38:00","4","68.89","Spain"
"INV108507","C00058","2025-02-25 11:38:00","7","65.87","France"
"INV108508","C00335","2025-09-05 16:07:00","6","8.57","EIRE"
"INV108509","C00197","2025-10-16 18:54:00","3","105.19","EIRE"
"INV108510","C00201","2025-11-29 19:10:00","7","166.12","Spain"
"INV108511","C00126","2025-11-15 07:00:00","7","94.19","Belgium"
"INV108512","C00339","2025-12-27 13:07:00","2","129.66","Germany"
"INV108513","C00099","2025-11-22 07:52:00","1","191.98","United Kingdom"
"INV108514","C00142","2025-02-11 02:14:00","2","138.3","Italy"
"INV108515","C00341","2025-04-16 06:10:00","9","180.83","Italy"
"INV108516","C00474","2025-10-01 14:35:00","4","109.05","United Kingdom"
"INV108517","C00037","2025-03-19 12:22:00","6","15.56","Portugal"
"INV108518","C00064","2025-02-22 20:04:00","6","163.58","United Kingdom"
"INV108519","C00025","2025-03-23 03:59:00","9","96.04","Germany"
"INV108520","C00337","2025-05-18 21:21:00","3","160.91","EIRE"
"INV108521","C00065","2025-07-18 14:12:00","1","25.69","United Kingdom"
"INV108522","C00492","2025-05-27 21:44:00","4","41.14","Italy"
"INV108523","C00178","2025-08-29 01:42:00","9","70.69","EIRE"
"INV108524","C00488","2025-04-23 03:37:00","9","110.96","Portugal"
"INV108525","C00252","2025-06-06 19:28:00","8","141.09","Spain"
"INV108526","C00382","2025-06-27 07:17:00","3","142.49","Portugal"
"INV108527","C00485","2025-08-12 10:13:00","1","98.77","Portugal"
"INV108528","C00167","2026-02-25 10:37:00","5","54.53","Italy"
"INV108529","C00209","2025-03-08 23:56:00","1","38.48","EIRE"
"INV108530","C00201","2025-09-18 09:56:00","2","83.87","Italy"
"INV108531","C00346","2025-03-26 00:12:00","8","90.55","Spain"
"INV108532","C00396","2026-02-22 07:42:00","2","43.34","France"
"INV108533","C00471","2025-07-05 16:20:00","4","63.32","EIRE"
"INV108534","C00049","2025-04-17 13:05:00","9","75.11","Portugal"
"INV108535","C00166","2026-03-29 12:04:00","4","175.79","EIRE"
"INV108536","C00232","2026-03-20 07:26:00","6","31.09","Spain"
"INV108537","C00147","2026-02-08 15:55:00","3","168.9","Portugal"
"INV108538","C00145","2026-01-24 19:34:00","8","179.69","France"
"INV108539","C00003","2025-10-01 16:08:00","6","76.68","Spain"
"INV108540","C00179","2025-01-05 12:45:00","1","122.68","Belgium"
"INV108541","C00342","2025-11-03 06:13:00","5","71.3","EIRE"
"INV108542","C00131","2025-05-10 20:54:00","5","47.39","Germany"
"INV108543","C00343","2025-04-28 22:54:00","3","67.11","France"
"INV108544","C00070","2025-06-06 15:56:00","1","74.91","Portugal"
"INV108545","C00125","2025-01-19 12:30:00","8","148.67","Portugal"
"INV108546","C00130","2025-05-24 16:49:00","3","192.77","EIRE"
"INV108547","C00152","2025-07-20 16:43:00","3","41.41","Portugal"
"INV108548","C00138","2025-11-19 11:12:00","4","165.88","Spain"
"INV108549","C00105","2025-12-17 06:10:00","3","26.35","France"
"INV108550","C00342","2025-02-08 22:23:00","5","30.89","EIRE"
"INV108551","C00143","2026-01-20 07:31:00","7","132.53","Netherlands"
"INV108552","C00009","2025-08-17 08:33:00","4","184.42","Spain"
"INV108553","C00495","2026-01-22 11:19:00","4","89.45","Spain"
"INV108554","C00306","2026-01-10 15:42:00","8","9.94","Spain"
"INV108555","C00055","2025-08-11 01:54:00","3","177.85","Spain"
"INV108556","C00365","2025-10-31 03:12:00","6","7.76","Germany"
"INV108557","C00307","2025-09-16 04:42:00","9","100.55","France"
"INV108558","C00010","2025-10-09 20:41:00","9","80.69","Netherlands"
"INV108559","C00478","2025-09-28 01:36:00","4","179.16","Portugal"
"INV108560","C00439","2025-08-06 14:19:00","9","132.7","Spain"
"INV108561","C00100","2026-02-25 03:11:00","8","105.33","France"
"INV108562","C00468","2025-12-02 02:06:00","1","156.19","France"
"INV108563","C00456","2025-09-21 15:40:00","4","49.02","Germany"
"INV108564","C00204","2026-01-27 15:16:00","6","117","Italy"
"INV108565","C00259","2026-03-12 17:06:00","6","108.47","Spain"
"INV108566","C00272","2025-07-12 13:49:00","8","199","United Kingdom"
"INV108567","C00102","2025-09-24 20:32:00","4","45.05","Italy"
"INV108568","C00379","2026-01-01 18:38:00","4","164.84","Germany"
"INV108569","C00078","2025-10-10 18:21:00","8","31.52","Spain"
"INV108570","C00056","2025-06-05 05:52:00","9","8.77","Belgium"
"INV108571","C00373","2025-09-17 18:33:00","3","70.48","Belgium"
"INV108572","C00244","2025-10-14 23:35:00","4","161.46","United Kingdom"
"INV108573","C00002","2025-01-26 17:35:00","7","15.54","Italy"
"INV108574","C00057","2025-10-17 14:18:00","8","72.95","United Kingdom"
"INV108575","C00128","2025-10-17 09:36:00","5","141.75","Netherlands"
"INV108576","C00496","2025-05-05 11:31:00","3","123.31","Germany"
"INV108577","C00452","2026-02-18 17:03:00","3","94.07","Italy"
"INV108578","C00460","2025-03-15 13:15:00","2","48.97","Germany"
"INV108579","C00186","2025-12-04 04:57:00","5","45.29","Netherlands"
"INV108580","C00260","2025-01-16 16:25:00","9","167.98","Spain"
"INV108581","C00041","2025-09-28 10:23:00","6","36.81","Netherlands"
"INV108582","C00448","2025-11-04 05:24:00","7","161.26","Germany"
"INV108583","C00309","2026-02-06 10:30:00","1","16.74","Italy"
"INV108584","C00014","2025-01-03 10:51:00","7","149.62","EIRE"
"INV108585","C00180","2026-03-24 10:04:00","8","57.75","United Kingdom"
"INV108586","C00387","2025-05-06 22:25:00","2","191.86","United Kingdom"
"INV108587","C00138","2025-10-19 09:31:00","1","100.48","France"
"INV108588","C00205","2025-04-24 01:58:00","7","191.28","France"
"INV108589","C00340","2025-04-15 01:19:00","8","96.39","Spain"
"INV108590","C00076","2025-06-06 14:21:00","1","126.48","Portugal"
"INV108591","C00392","2026-02-23 21:07:00","8","4.31","Portugal"
"INV108592","C00089","2025-04-16 14:03:00","1","92.82","EIRE"
"INV108593","C00109","2025-04-30 07:13:00","8","158.54","Italy"
"INV108594","C00205","2025-01-12 14:35:00","2","158.52","United Kingdom"
"INV108595","C00426","2025-02-23 19:08:00","1","45.79","Netherlands"
"INV108596","C00267","2025-10-06 10:20:00","9","19.08","France"
"INV108597","C00331","2026-03-01 00:24:00","2","65.89","Netherlands"
"INV108598","C00437","2026-03-01 06:50:00","3","4.61","Italy"
"INV108599","C00021","2026-01-13 16:47:00","1","154.79","Netherlands"
"INV108600","C00222","2025-08-24 02:29:00","8","119.62","Italy"
"INV108601","C00425","2025-01-11 23:16:00","7","100.91","Germany"
"INV108602","C00480","2025-10-14 07:19:00","6","118.29","Belgium"
"INV108603","C00252","2025-06-24 13:56:00","5","89.1","EIRE"
"INV108604","C00315","2026-01-04 10:18:00","2","74.33","Spain"
"INV108605","C00484","2025-07-04 00:18:00","6","152.33","Netherlands"
"INV108606","C00230","2025-08-13 23:41:00","8","161.57","Italy"
"INV108607","C00380","2025-09-07 02:46:00","6","167.29","Germany"
"INV108608","C00078","2025-10-30 10:51:00","5","33.33","Germany"
"INV108609","C00029","2025-11-02 23:19:00","1","138.3","Spain"
"INV108610","C00423","2025-11-21 03:54:00","6","190.64","Germany"
"INV108611","C00200","2025-01-12 00:09:00","6","136.39","Netherlands"
"INV108612","C00118","2025-11-06 00:50:00","6","155.13","Italy"
"INV108613","C00267","2025-09-05 14:07:00","7","194.63","Belgium"
"INV108614","C00201","2025-08-14 11:36:00","6","25.13","Portugal"
"INV108615","C00056","2025-12-30 16:32:00","8","53.5","EIRE"
"INV108616","C00213","2025-07-26 17:20:00","4","125.07","Netherlands"
"INV108617","C00380","2025-04-03 20:10:00","4","109.28","Portugal"
"INV108618","C00047","2025-06-06 21:19:00","3","146.18","France"
"INV108619","C00453","2026-02-18 20:31:00","2","158.82","Portugal"
"INV108620","C00411","2025-06-15 11:08:00","5","13.21","Germany"
"INV108621","C00136","2025-05-03 12:38:00","8","150.07","EIRE"
"INV108622","C00473","2025-02-16 12:22:00","9","198.16","Belgium"
"INV108623","C00345","2026-03-19 13:29:00","9","28.35","United Kingdom"
"INV108624","C00135","2025-12-08 18:48:00","5","51.02","Germany"
"INV108625","C00267","2026-03-20 16:44:00","1","4.25","France"
"INV108626","C00122","2025-12-12 13:59:00","3","165.92","Portugal"
"INV108627","C00415","2025-04-05 02:36:00","8","124.27","Netherlands"
"INV108628","C00499","2025-04-12 21:30:00","1","184.52","Portugal"
"INV108629","C00481","2025-09-18 19:43:00","6","71.23","Portugal"
"CINV108630","C00302","2025-08-12 19:46:00","8","16.4","Portugal"
"INV108631","C00103","2025-03-22 08:27:00","1","137.54","EIRE"
"INV108632","C00222","2025-12-31 11:23:00","6","192.87","Italy"
"INV108633","C00012","2025-02-16 19:39:00","6","133.01","Belgium"
"INV108634","C00194","2025-08-10 18:19:00","3","19.15","Italy"
"INV108635","C00464","2025-04-30 00:19:00","2","41.65","France"
"INV108636","C00035","2025-06-11 18:19:00","3","199.68","Germany"
"INV108637","C00347","2025-11-21 09:32:00","1","193.6","Belgium"
"INV108638","C00216","2025-12-04 03:51:00","4","100.21","Germany"
"INV108639","C00038","2025-06-18 02:48:00","4","127.94","France"
"INV108640","C00164","2025-04-14 22:24:00","1","128.95","Belgium"
"INV108641","C00387","2025-04-26 18:36:00","7","140.5","Belgium"
"INV108642","C00283","2026-03-23 06:01:00","1","128.29","Germany"
"INV108643","C00237","2025-08-04 18:40:00","7","20.13","Portugal"
"INV108644","C00152","2025-10-11 18:58:00","4","73.89","Portugal"
"INV108645","C00302","2025-09-21 12:30:00","6","164.57","Belgium"
"INV108646","C00476","2025-05-09 03:09:00","3","5","EIRE"
"INV108647","C00271","2025-03-22 04:46:00","8","15.49","France"
"INV108648","C00415","2025-08-30 10:53:00","5","60.09","Belgium"
"INV108649","C00389","2025-09-05 10:11:00","6","5.97","France"
"INV108650","C00391","2025-04-23 10:32:00","2","23.76","Germany"
"CINV108651","C00414","2025-12-08 03:52:00","9","22.95","France"
"INV108652","C00341","2025-02-04 17:40:00","6","172.14","France"
"INV108653","C00145","2025-02-19 21:10:00","8","110.15","United Kingdom"
"INV108654","C00123","2025-02-11 00:16:00","7","183.74","France"
"INV108655","C00435","2025-09-23 14:08:00","7","109.01","France"
"INV108656","C00463","2026-03-23 17:51:00","2","66.34","France"
"INV108657","C00050","2025-11-03 21:48:00","5","193.65","Germany"
"INV108658","C00427","2025-05-07 06:20:00","2","131.27","France"
"INV108659","C00260","2025-11-22 22:27:00","6","23.07","EIRE"
"INV108660","C00043","2025-11-04 03:17:00","4","24.82","Portugal"
"INV108661","C00071","2025-10-10 19:12:00","8","148.77","Italy"
"INV108662","C00170","2025-04-03 10:21:00","2","103.9","Netherlands"
"INV108663","C00231","2025-06-16 15:04:00","7","196.56","Portugal"
"INV108664","C00001","2026-03-24 04:28:00","4","31.36","United Kingdom"
"INV108665","C00033","2025-06-24 02:24:00","3","51.03","Netherlands"
"INV108666","C00496","2025-07-09 06:09:00","7","164.16","France"
"INV108667","C00467","2025-05-22 05:51:00","1","170.23","EIRE"
"INV108668","C00394","2025-04-09 03:12:00","3","108.06","EIRE"
"INV108669","C00360","2026-02-26 15:58:00","1","66.88","France"
"INV108670","C00406","2025-01-29 20:10:00","5","179.21","Belgium"
"INV108671","C00422","2025-12-03 13:27:00","1","32.19","United Kingdom"
"INV108672","C00157","2025-11-10 22:03:00","6","44.61","Belgium"
"INV108673","C00026","2025-06-25 03:22:00","7","172.02","United Kingdom"
"INV108674","C00289","2025-10-08 19:57:00","2","5.37","France"
"INV108675","C00010","2025-09-02 06:45:00","5","59.5","EIRE"
"INV108676","C00339","2025-08-07 03:11:00","7","132.12","EIRE"
"INV108677","C00256","2025-04-10 02:34:00","8","195.72","United Kingdom"
"INV108678","C00247","2025-09-30 18:47:00","2","45.8","EIRE"
"INV108679","C00083","2025-06-05 00:06:00","8","70.18","EIRE"
"INV108680","C00292","2025-12-17 21:04:00","2","8.22","France"
"INV108681","C00292","2025-09-16 22:00:00","8","34.64","Belgium"
"INV108682","C00154","2026-03-31 16:10:00","1","163.92","United Kingdom"
"INV108683","C00434","2025-05-06 15:03:00","9","44.47","EIRE"
"INV108684","C00400","2025-10-04 08:04:00","7","119.23","Spain"
"INV108685","C00128","2025-10-11 18:56:00","8","184.84","Spain"
"INV108686","C00212","2025-10-18 10:57:00","7","184.12","Portugal"
"INV108687","C00454","2025-01-07 01:54:00","3","58.51","Netherlands"
"INV108688","C00438","2025-05-30 09:47:00","2","112.52","Germany"
"INV108689","C00023","2025-08-07 21:00:00","5","18.29","Belgium"
"INV108690","C00139","2026-01-12 09:29:00","4","175.87","United Kingdom"
"CINV108691","C00273","2025-05-18 20:27:00","2","71.93","Spain"
"INV108692","C00478","2025-02-16 08:45:00","4","153.62","Germany"
"INV108693","C00328","2025-09-19 12:08:00","7","39.33","Italy"
"INV108694","C00195","2025-06-08 11:34:00","8","41.54","Belgium"
"INV108695","C00042","2025-02-07 21:55:00","2","61.56","Germany"
"INV108696","C00455","2026-02-16 12:12:00","4","113.28","Germany"
"INV108697","C00476","2025-07-13 16:20:00","1","99.37","Belgium"
"INV108698","C00252","2025-04-04 00:36:00","7","184.9","Germany"
"INV108699","C00044","2025-07-24 02:55:00","5","197.14","Portugal"
"INV108700","C00395","2025-08-07 02:58:00","2","139.46","Portugal"
"INV108701","C00235","2025-02-13 04:32:00","2","153","Netherlands"
"INV108702","C00258","2025-11-18 22:51:00","7","37.33","United Kingdom"
"CINV108703","C00115","2025-06-08 03:11:00","9","174.94","EIRE"
"INV108704","C00245","2025-12-20 03:18:00","1","165.11","Germany"
"INV108705","C00355","2025-01-10 22:35:00","7","58.72","United Kingdom"
"INV108706","C00187","2026-03-27 09:30:00","7","43.04","France"
"INV108707","C00075","2026-01-04 03:24:00","5","2.3","Italy"
"INV108708","C00389","2025-03-16 14:32:00","2","163.8","France"
"INV108709","C00057","2026-02-24 02:06:00","4","36.35","Germany"
"INV108710","C00120","2025-09-04 09:17:00","6","5","United Kingdom"
"INV108711","C00226","2025-04-27 22:34:00","8","37.57","Belgium"
"INV108712","C00491","2025-12-12 17:57:00","9","6.65","Portugal"
"INV108713","C00149","2025-03-08 18:47:00","7","25.39","Germany"
"INV108714","C00348","2025-05-10 13:37:00","1","187.11","United Kingdom"
"INV108715","C00368","2025-12-07 13:07:00","5","66.55","France"
"INV108716","C00285","2025-05-11 01:02:00","8","20.84","United Kingdom"
"INV108717","C00461","2025-12-03 00:50:00","5","155.7","Spain"
"INV108718","C00422","2025-05-31 12:36:00","1","187.53","Belgium"
"INV108719","C00075","2025-01-09 09:12:00","4","67.95","Germany"
"INV108720","C00373","2025-12-28 04:22:00","6","107.36","Spain"
"INV108721","C00411","2025-04-11 07:28:00","8","93.68","Germany"
"INV108722","C00027","2025-03-23 17:38:00","1","46.64","United Kingdom"
"INV108723","C00328","2025-04-27 20:48:00","1","41.92","Spain"
"INV108724","C00347","2025-02-24 14:52:00","2","166.19","Portugal"
"INV108725","C00333","2025-03-16 19:48:00","7","124.69","Germany"
"INV108726","C00147","2026-02-08 00:10:00","9","65.27","Spain"
"INV108727","C00444","2025-03-17 22:09:00","6","9.95","Spain"
"INV108728","C00317","2025-06-26 01:58:00","5","131.52","Germany"
"INV108729","C00121","2025-02-28 09:35:00","4","169.22","Spain"
"INV108730","C00235","2025-06-20 10:02:00","2","105.59","United Kingdom"
"INV108731","C00291","2025-03-28 06:50:00","4","93.76","France"
"INV108732","C00145","2025-03-23 22:17:00","5","129.79","Portugal"
"INV108733","C00493","2025-11-06 17:22:00","4","123.95","United Kingdom"
"INV108734","C00311","2025-10-04 01:03:00","7","155.55","Belgium"
"INV108735","C00009","2026-03-22 09:20:00","1","62.68","Germany"
"INV108736","C00452","2026-02-11 18:57:00","8","180.75","Belgium"
"INV108737","C00301","2025-05-10 04:43:00","8","16.71","Belgium"
"INV108738","C00105","2025-11-28 12:26:00","3","47.72","Netherlands"
"INV108739","C00340","2025-03-08 20:37:00","6","36.17","Belgium"
"INV108740","C00289","2025-04-21 21:28:00","1","77.23","France"
"INV108741","C00419","2025-05-24 17:26:00","7","43.28","Portugal"
"INV108742","C00454","2025-12-03 22:52:00","6","105.6","Spain"
"INV108743","C00152","2025-06-03 15:16:00","4","107.6","Spain"
"INV108744","C00463","2025-02-26 02:01:00","6","178.89","EIRE"
"INV108745","C00487","2026-02-02 02:09:00","7","106.01","United Kingdom"
"INV108746","C00343","2025-02-14 23:13:00","5","159.41","Portugal"
"INV108747","C00366","2025-08-05 02:45:00","6","155.82","Portugal"
"INV108748","C00490","2025-01-14 15:07:00","5","60.48","United Kingdom"
"INV108749","C00364","2025-11-06 19:00:00","4","40.74","Spain"
"INV108750","C00407","2026-01-16 15:48:00","8","162.61","Portugal"
"INV108751","C00194","2025-12-10 21:31:00","1","61.69","Spain"
"INV108752","C00441","2025-08-17 15:05:00","8","129.51","Netherlands"
"INV108753","C00054","2025-08-06 19:57:00","1","85.79","Portugal"
"INV108754","C00249","2026-03-31 11:03:00","4","179.6","Belgium"
"INV108755","C00380","2025-10-28 20:16:00","1","159.99","France"
"INV108756","C00006","2025-01-30 21:06:00","8","29.42","France"
"INV108757","C00166","2025-04-01 15:01:00","6","53.7","France"
"INV108758","C00018","2026-03-12 06:32:00","9","112.53","Spain"
"INV108759","C00386","2025-01-07 09:41:00","3","59.35","Italy"
"INV108760","C00445","2025-03-28 18:01:00","2","56.02","France"
"INV108761","C00316","2025-06-01 21:25:00","1","67.36","United Kingdom"
"INV108762","C00092","2025-12-30 12:54:00","1","11.53","Belgium"
"INV108763","C00402","2025-10-03 08:29:00","4","127.58","Germany"
"INV108764","C00456","2025-01-10 01:53:00","9","113.12","Germany"
"INV108765","C00203","2025-10-03 18:56:00","9","14.53","Spain"
"INV108766","C00293","2025-01-18 12:43:00","8","44.61","Germany"
"CINV108767","C00482","2025-12-14 04:40:00","3","84.54","Spain"
"INV108768","C00012","2026-01-22 22:29:00","8","126.86","France"
"INV108769","C00273","2025-01-29 16:43:00","7","122.6","Belgium"
"INV108770","C00415","2025-05-25 21:54:00","1","164.77","EIRE"
"INV108771","C00451","2025-02-20 09:41:00","4","164.32","EIRE"
"INV108772","C00281","2025-12-02 07:22:00","4","148.77","United Kingdom"
"INV108773","C00379","2025-08-01 13:50:00","6","85.06","Germany"
"INV108774","C00269","2025-01-02 11:57:00","6","139.99","Netherlands"
"INV108775","C00251","2025-10-14 05:16:00","9","170.13","France"
"INV108776","C00232","2025-05-26 00:03:00","5","58.17","Spain"
"INV108777","C00183","2025-08-11 00:10:00","9","3.13","EIRE"
"INV108778","C00486","2025-08-19 19:45:00","8","189.5","Portugal"
"INV108779","C00265","2025-02-03 13:26:00","5","133.25","Netherlands"
"INV108780","C00383","2026-02-13 23:19:00","6","94.09","Germany"
"INV108781","C00054","2025-07-03 07:59:00","2","107.73","Germany"
"INV108782","C00479","2026-01-17 23:24:00","3","98.92","France"
"INV108783","C00040","2026-03-10 18:49:00","1","79.82","Netherlands"
"INV108784","C00058","2025-08-26 06:34:00","9","168.17","Germany"
"INV108785","C00060","2025-03-02 22:57:00","1","140.18","Spain"
"INV108786","C00030","2025-09-18 21:44:00","6","3.32","Germany"
"INV108787","C00183","2025-09-30 16:36:00","2","37.29","Spain"
"INV108788","C00351","2026-01-16 23:15:00","4","186.85","Germany"
"INV108789","C00348","2026-02-14 20:46:00","2","84.14","EIRE"
"CINV108790","C00319","2025-08-25 03:08:00","5","56.19","France"
"INV108791","C00159","2025-12-23 16:14:00","9","172.07","United Kingdom"
"INV108792","C00237","2025-01-12 14:57:00","8","165.7","Germany"
"INV108793","C00088","2025-06-27 03:14:00","8","11.05","Netherlands"
"INV108794","C00048","2026-02-28 18:30:00","8","74.84","Portugal"
"INV108795","C00326","2025-12-28 02:41:00","1","153.46","France"
"INV108796","C00494","2025-03-27 07:25:00","3","34.62","Germany"
"INV108797","C00147","2025-03-18 09:35:00","8","35.39","Spain"
"INV108798","C00283","2025-03-14 23:05:00","3","83.43","United Kingdom"
"INV108799","C00161","2025-02-15 18:26:00","4","75.1","EIRE"
"INV108800","C00386","2026-03-04 18:13:00","6","102.14","Belgium"
"INV108801","C00369","2026-03-13 11:00:00","7","54.72","Netherlands"
"INV108802","C00276","2025-11-25 00:55:00","4","124.23","Belgium"
"INV108803","C00412","2025-01-28 22:01:00","2","124.66","Belgium"
"INV108804","C00167","2025-08-21 20:08:00","8","27.2","Italy"
"INV108805","C00134","2025-02-26 09:43:00","1","149.11","France"
"INV108806","C00329","2025-04-14 00:51:00","1","70.44","Belgium"
"INV108807","C00364","2026-03-11 08:58:00","3","174.68","Italy"
"INV108808","C00142","2025-12-19 07:42:00","2","136.15","France"
"CINV108809","C00125","2025-03-09 14:47:00","1","87.26","France"
"INV108810","C00418","2025-09-03 16:47:00","9","129.49","United Kingdom"
"INV108811","C00385","2025-01-28 15:33:00","6","44.44","Netherlands"
"INV108812","C00291","2025-04-06 14:31:00","4","135.47","Belgium"
"INV108813","C00026","2026-02-05 06:24:00","6","155.87","Italy"
"INV108814","C00087","2025-06-13 03:35:00","5","78.64","Germany"
"INV108815","C00409","2025-06-29 18:10:00","4","166.97","France"
"INV108816","C00494","2025-01-04 19:11:00","1","183.41","Germany"
"INV108817","C00461","2026-02-14 13:24:00","3","26.89","Portugal"
"INV108818","C00476","2025-12-20 04:45:00","1","186.84","United Kingdom"
"INV108819","C00199","2025-04-09 14:10:00","8","151.34","Netherlands"
"INV108820","C00466","2025-09-16 10:03:00","5","189.14","Italy"
"INV108821","C00351","2025-08-18 00:41:00","3","86.35","Germany"
"INV108822","C00293","2026-01-07 02:59:00","2","132.97","Germany"
"INV108823","C00355","2025-02-03 15:47:00","1","54.18","Spain"
"INV108824","C00203","2025-06-21 02:21:00","7","50.03","Belgium"
"INV108825","C00437","2025-03-24 12:35:00","6","160.88","Spain"
"INV108826","C00450","2025-07-13 16:32:00","3","56.37","United Kingdom"
"INV108827","C00101","2026-01-05 17:21:00","1","126.43","Germany"
"INV108828","C00145","2025-04-11 09:03:00","6","96.55","France"
"INV108829","C00161","2025-11-26 21:18:00","5","137.68","Belgium"
"CINV108830","C00410","2025-09-14 10:15:00","2","13.49","Portugal"
"INV108831","C00101","2025-09-05 15:50:00","6","79.81","France"
"INV108832","C00410","2026-03-11 23:20:00","1","80.87","Belgium"
"INV108833","C00206","2025-05-19 20:10:00","4","150.59","EIRE"
"CINV108834","C00154","2025-05-28 05:59:00","2","159.47","France"
"INV108835","C00351","2025-02-28 14:20:00","5","159.23","Germany"
"INV108836","C00032","2025-10-28 01:09:00","3","50.19","Belgium"
"INV108837","C00387","2025-04-15 15:18:00","8","82.51","Portugal"
"INV108838","C00285","2025-05-20 23:53:00","7","36.85","Italy"
"INV108839","C00435","2025-11-10 14:46:00","4","125.74","United Kingdom"
"INV108840","C00386","2026-02-06 12:45:00","7","186.4","United Kingdom"
"CINV108841","C00039","2026-03-28 09:27:00","5","65.02","Italy"
"INV108842","C00431","2025-08-11 14:59:00","9","194.43","EIRE"
"INV108843","C00116","2025-12-17 14:01:00","7","177.29","Spain"
"INV108844","C00091","2026-01-26 18:11:00","1","50.28","EIRE"
"INV108845","C00229","2025-06-14 12:18:00","6","137.84","Portugal"
"INV108846","C00243","2025-03-09 02:23:00","4","142.21","Italy"
"INV108847","C00391","2025-09-13 18:29:00","4","181.91","France"
"INV108848","C00444","2025-08-10 01:20:00","6","158.15","Belgium"
"INV108849","C00337","2026-01-21 05:54:00","8","50.04","Italy"
"INV108850","C00118","2025-06-12 12:31:00","3","10.17","EIRE"
"INV108851","C00413","2025-08-18 08:55:00","9","95.79","Spain"
"INV108852","C00092","2025-12-17 05:16:00","9","104.22","Spain"
"INV108853","C00061","2026-02-24 10:21:00","2","174.52","United Kingdom"
"INV108854","C00080","2025-02-25 13:09:00","3","33.57","France"
"INV108855","C00181","2025-10-25 23:14:00","4","81.43","United Kingdom"
"INV108856","C00406","2025-02-02 00:58:00","6","56.44","Germany"
"INV108857","C00289","2025-05-25 01:15:00","5","73.36","Netherlands"
"INV108858","C00159","2025-06-18 10:08:00","4","42.26","Germany"
"INV108859","C00024","2025-08-17 13:05:00","5","163.08","Germany"
"INV108860","C00232","2026-03-27 09:33:00","8","127.9","Portugal"
"INV108861","C00309","2025-03-20 08:54:00","3","136.61","Spain"
"INV108862","C00079","2026-01-03 08:54:00","2","97.19","Italy"
"INV108863","C00009","2025-08-05 11:31:00","1","128.98","United Kingdom"
"INV108864","C00115","2025-04-25 01:04:00","9","118.47","United Kingdom"
"INV108865","C00021","2025-09-10 02:10:00","2","194.19","Italy"
"INV108866","C00200","2025-10-24 08:33:00","9","125.23","Portugal"
"INV108867","C00119","2026-01-09 04:04:00","3","152.59","Italy"
"INV108868","C00099","2025-04-18 04:46:00","2","1.62","EIRE"
"INV108869","C00459","2026-02-18 15:54:00","8","64.72","EIRE"
"INV108870","C00229","2026-02-10 05:20:00","9","102.45","Netherlands"
"INV108871","C00435","2026-02-06 19:18:00","8","92.48","Netherlands"
"INV108872","C00299","2025-07-12 04:11:00","6","47.74","United Kingdom"
"INV108873","C00106","2026-01-05 07:47:00","9","17.02","EIRE"
"INV108874","C00136","2025-02-21 20:21:00","9","74.42","Italy"
"INV108875","C00303","2025-04-10 09:00:00","2","3.84","Netherlands"
"INV108876","C00226","2025-10-22 23:49:00","2","157.66","EIRE"
"INV108877","C00135","2026-02-09 14:07:00","5","176.22","United Kingdom"
"INV108878","C00004","2025-10-03 14:24:00","6","123.38","Germany"
"INV108879","C00065","2025-10-27 10:34:00","2","20.37","EIRE"
"INV108880","C00165","2025-07-25 22:04:00","6","82.11","Netherlands"
"INV108881","C00352","2025-09-24 20:28:00","8","91.17","EIRE"
"INV108882","C00013","2025-01-15 15:59:00","3","21.52","Italy"
"INV108883","C00478","2025-06-18 12:30:00","7","167.58","Netherlands"
"INV108884","C00216","2025-01-31 05:06:00","1","8.46","Italy"
"CINV108885","C00223","2026-01-30 19:40:00","4","141.71","Netherlands"
"INV108886","C00314","2025-06-26 15:22:00","4","55.62","Germany"
"INV108887","C00396","2025-10-30 20:30:00","8","33.87","France"
"INV108888","C00027","2025-11-13 20:09:00","3","125.67","Spain"
"INV108889","C00495","2025-04-18 06:58:00","8","97.86","Portugal"
"INV108890","C00398","2025-06-11 18:25:00","6","8.67","Netherlands"
"INV108891","C00269","2025-08-21 20:29:00","9","161.93","United Kingdom"
"INV108892","C00485","2025-09-21 09:34:00","2","164.2","Germany"
"INV108893","C00487","2026-01-23 00:10:00","2","85.48","Germany"
"INV108894","C00180","2025-10-26 08:40:00","8","36.23","Italy"
"INV108895","C00077","2025-09-15 16:22:00","1","110.07","Netherlands"
"INV108896","C00395","2025-12-26 01:28:00","2","9.86","EIRE"
"INV108897","C00184","2025-05-11 09:03:00","3","76.43","Italy"
"INV108898","C00256","2025-04-07 05:22:00","1","76.97","Portugal"
"INV108899","C00055","2026-01-17 22:29:00","3","19.91","Belgium"
"INV108900","C00133","2026-01-19 00:40:00","6","188.04","Italy"
"INV108901","C00078","2025-10-10 03:55:00","4","161.58","Spain"
"INV108902","C00293","2025-05-01 13:43:00","8","44.3","France"
"INV108903","C00126","2025-06-28 23:35:00","1","195.49","Italy"
"INV108904","C00326","2026-03-19 18:30:00","5","129.47","EIRE"
"INV108905","C00038","2026-03-15 13:17:00","1","92.82","Germany"
"INV108906","C00188","2026-01-23 06:03:00","1","65.58","Belgium"
"INV108907","C00108","2025-06-17 23:11:00","3","74.45","France"
"INV108908","C00441","2026-01-12 12:07:00","6","14.89","EIRE"
"INV108909","C00007","2025-12-04 14:47:00","6","58.92","Germany"
"INV108910","C00303","2025-11-06 10:53:00","7","171.64","Portugal"
"INV108911","C00450","2026-02-01 03:28:00","4","46.45","EIRE"
"INV108912","C00202","2026-03-21 17:45:00","8","89.05","Italy"
"INV108913","C00052","2025-02-04 23:34:00","1","81.24","Italy"
"INV108914","C00299","2025-05-10 14:28:00","5","188.11","EIRE"
"INV108915","C00129","2026-02-06 12:29:00","5","94.21","Germany"
"INV108916","C00096","2025-01-19 15:47:00","3","106.56","EIRE"
"INV108917","C00186","2025-02-05 13:32:00","7","158.84","EIRE"
"INV108918","C00287","2025-08-14 06:45:00","5","168.73","France"
"INV108919","C00486","2025-12-19 16:00:00","9","123.31","Germany"
"INV108920","C00323","2025-01-06 11:01:00","7","36.31","EIRE"
"INV108921","C00225","2026-03-18 05:00:00","3","139.02","France"
"INV108922","C00388","2025-07-18 21:59:00","4","2.37","Italy"
"CINV108923","C00235","2026-03-28 11:04:00","7","168.97","Netherlands"
"INV108924","C00211","2025-02-16 08:02:00","2","37.31","Germany"
"INV108925","C00139","2026-02-02 23:20:00","2","116.17","Spain"
"INV108926","C00164","2026-01-10 17:33:00","4","147.71","Belgium"
"INV108927","C00091","2026-03-03 20:01:00","8","47.34","Italy"
"INV108928","C00153","2025-09-27 03:50:00","3","33.73","Germany"
"INV108929","C00181","2025-01-12 10:38:00","4","108.52","France"
"INV108930","C00113","2025-12-25 04:52:00","7","115.31","Belgium"
"INV108931","C00259","2025-08-26 17:46:00","7","81.04","Germany"
"INV108932","C00358","2025-07-18 14:37:00","6","148.68","Portugal"
"INV108933","C00430","2025-11-17 11:16:00","2","58.69","France"
"INV108934","C00278","2025-11-27 11:23:00","6","120.41","Netherlands"
"INV108935","C00230","2025-04-13 05:50:00","9","79.27","Portugal"
"INV108936","C00443","2025-06-12 22:45:00","4","59.11","Belgium"
"INV108937","C00269","2025-05-10 22:38:00","9","182.13","Portugal"
"INV108938","C00272","2025-11-16 20:48:00","1","125.9","Portugal"
"INV108939","C00007","2025-01-26 12:28:00","8","79.35","EIRE"
"INV108940","C00227","2025-10-21 04:53:00","9","176.46","United Kingdom"
"INV108941","C00257","2025-10-23 10:08:00","5","116.7","Portugal"
"INV108942","C00163","2025-12-15 10:44:00","7","8.98","Belgium"
"INV108943","C00025","2026-02-21 19:03:00","4","92.31","Germany"
"INV108944","C00100","2025-11-15 20:45:00","3","24.71","Italy"
"INV108945","C00480","2025-12-15 02:36:00","9","7.49","Portugal"
"INV108946","C00067","2025-01-03 22:24:00","4","192.38","Italy"
"INV108947","C00273","2025-03-02 18:22:00","1","147.74","Portugal"
"INV108948","C00057","2025-02-09 18:47:00","3","154.3","Belgium"
"INV108949","C00261","2025-07-06 17:52:00","2","32.14","United Kingdom"
"INV108950","C00233","2025-01-24 00:29:00","5","155.68","EIRE"
"INV108951","C00408","2026-02-03 07:07:00","1","167.41","France"
"INV108952","C00223","2026-03-26 15:22:00","4","29.41","United Kingdom"
"INV108953","C00402","2025-02-17 04:55:00","4","57.48","Belgium"
"INV108954","C00028","2025-03-21 07:04:00","9","149.96","Portugal"
"INV108955","C00160","2025-02-18 01:40:00","7","73.9","Germany"
"INV108956","C00376","2025-04-18 03:25:00","4","100.84","EIRE"
"INV108957","C00301","2025-10-28 05:20:00","7","179.85","Spain"
"INV108958","C00020","2025-08-06 22:35:00","9","149.37","Spain"
"INV108959","C00266","2025-06-27 19:45:00","6","29.91","EIRE"
"INV108960","C00067","2025-06-24 07:24:00","6","130","Netherlands"
"INV108961","C00210","2025-03-28 15:06:00","6","120.59","Germany"
"INV108962","C00148","2025-02-06 02:37:00","4","149.13","Italy"
"INV108963","C00386","2025-01-02 10:40:00","6","108.07","France"
"INV108964","C00096","2025-01-17 07:51:00","6","191.11","Germany"
"INV108965","C00322","2025-08-06 21:09:00","2","4.91","Germany"
"INV108966","C00266","2025-05-04 05:20:00","5","27.65","Netherlands"
"INV108967","C00101","2025-01-17 09:57:00","6","172.33","Germany"
"CINV108968","C00300","2025-09-20 14:49:00","9","79.48","Netherlands"
"INV108969","C00231","2025-04-23 21:03:00","1","128.64","Germany"
"INV108970","C00399","2026-02-28 22:48:00","4","12.38","Italy"
"INV108971","C00442","2026-01-12 17:29:00","9","6.25","Netherlands"
"INV108972","C00253","2025-10-02 17:50:00","8","197.95","EIRE"
"INV108973","C00191","2025-05-06 02:21:00","6","59.39","Germany"
"INV108974","C00457","2025-04-23 16:04:00","3","26.58","Germany"
"INV108975","C00133","2025-06-30 08:32:00","3","186.02","France"
"INV108976","C00113","2025-08-02 06:16:00","8","181.23","Netherlands"
"INV108977","C00087","2025-10-14 09:24:00","7","70.74","France"
"INV108978","C00314","2025-12-05 10:35:00","6","17.99","Portugal"
"INV108979","C00323","2025-03-13 01:56:00","6","162.4","France"
"INV108980","C00109","2025-05-03 23:31:00","8","1.63","Belgium"
"CINV108981","C00248","2026-03-25 17:32:00","9","16.08","Germany"
"INV108982","C00238","2025-07-10 05:20:00","5","64.48","Portugal"
"INV108983","C00087","2025-11-07 18:35:00","3","65.18","Italy"
"INV108984","C00194","2025-05-15 16:38:00","2","67.16","France"
"INV108985","C00199","2025-10-29 00:09:00","9","187.43","Belgium"
"INV108986","C00212","2026-03-26 15:31:00","4","9.58","EIRE"
"INV108987","C00425","2026-01-13 09:28:00","7","102.91","Spain"
"INV108988","C00013","2025-03-19 03:13:00","8","13.06","Italy"
"INV108989","C00034","2025-02-17 10:47:00","8","14.26","EIRE"
"INV108990","C00248","2026-03-21 07:39:00","6","120.42","France"
"INV108991","C00142","2025-08-17 10:41:00","2","41.85","United Kingdom"
"INV108992","C00091","2025-01-15 09:16:00","6","153.31","Spain"
"INV108993","C00468","2025-10-21 23:09:00","9","122.32","France"
"INV108994","C00251","2026-03-03 11:37:00","8","95.88","Netherlands"
"INV108995","C00293","2026-02-15 02:41:00","8","107.71","EIRE"
"INV108996","C00070","2025-09-30 09:20:00","1","33.82","Germany"
"INV108997","C00143","2025-04-05 03:05:00","8","76.52","France"
"INV108998","C00343","2025-11-06 11:23:00","1","155.5","Germany"
"INV108999","C00208","2025-09-06 01:47:00","2","128.22","Italy"
"INV109000","C00105","2025-04-02 17:35:00","6","99.64","Italy"
